session_id,type,label_attack,attestation_pass,attestation_score,flash_corr_zero_lag,flash_corr_best_lag,flash_best_lag_frames,imu_face_corr,latency_ms,fps,timestamp_skew_ms,response_std
genuine_000000,genuine,0,1,0.8884655827364315,0.6578241297845594,0.6792670243988759,1,0.7462724072418636,239.6743325721513,23.669387405746264,8.657789869909507,0.1668342863602196
genuine_000001,genuine,0,1,0.7983638898776233,0.7749765974169308,0.7749765974169308,0,0.5878223490003742,240.0176527156719,18.350774386621197,54.06051839467148,0.1932441538128563
genuine_000002,genuine,0,1,0.9415322602008,0.461819991019724,0.6793080575087326,3,0.554547981512882,190.9767897948148,25.922697083076223,90.93972694511132,0.1380137594581736
genuine_000003,genuine,0,1,0.8032316246988974,0.5387796768634245,0.7526374074054839,9,0.8122323065564317,360.46280998312295,29.19819740991024,8.50999752861351,0.1732391872421571
genuine_000004,genuine,0,1,0.962754912020278,0.420726922876996,0.8123783590122144,3,0.7466272710884779,130.98194432739254,34.5572836166958,4.343285824927172,0.1932439835194623
genuine_000005,genuine,0,0,0.7770631433535535,0.2405847761686754,0.4161150211731875,3,0.6424490710674287,161.10408773188084,18.380413094338504,45.5368289938455,0.1263589654300202
genuine_000006,genuine,0,1,0.8818275495945617,-0.0196146233905418,0.1879879284128843,6,0.6680903862077711,198.88545930958077,23.673911609195567,94.96759375608583,0.1081731401819752
genuine_000007,genuine,0,1,1.0,0.0218969993660444,0.0344906933951976,2,0.7562044091616232,79.82691750120513,22.11136830049205,26.8842429524953,0.1278231020157456
genuine_000008,genuine,0,0,0.7380176431003702,0.4011448701036939,0.4445794228696533,1,0.6083262421882143,302.3476639912316,29.406473041425937,36.25875565957182,0.1382551845745654
genuine_000009,genuine,0,1,1.0,0.5329850388453145,0.6829296748664461,1,0.7212694581052235,216.35208152928288,29.69337288650104,17.624312998539473,0.1334230956844751
genuine_000010,genuine,0,1,1.0,0.5917673529316659,0.7394789765249993,3,0.6589891692102017,242.4910029310406,23.422941010343237,24.90828940103881,0.1944885217090338
genuine_000011,genuine,0,1,1.0,0.2750256578925434,0.5507520400640292,3,0.7207812633095558,170.55548640508758,11.931720833512063,18.134920866552847,0.1250968285771008
genuine_000012,genuine,0,1,0.9445696966186086,0.4624920736146401,0.5084886741452569,2,0.6418722467908721,178.10724008855604,20.68497985877209,54.51795060446119,0.1365017174912205
genuine_000013,genuine,0,0,0.8876318460833519,0.516597938346681,0.6364797797635571,2,0.6837380661114315,60.0,27.40102801193561,42.48588915546999,0.1581662237716261
genuine_000014,genuine,0,0,0.6799486566275366,0.4855443919653078,0.4855443919653078,0,0.7327302551186821,221.60382018599523,19.1978126334487,45.00400639336373,0.1658065119957658
genuine_000015,genuine,0,1,0.9792226972318304,0.1997511354338138,0.3479620523664559,2,0.7167973092387591,253.94814864403517,31.299692752791668,70.06122687438298,0.1260768522920423
genuine_000016,genuine,0,1,0.9260658502935296,0.3130382598270573,0.4357003053913962,3,0.230361198822472,267.5430983266218,27.698018391246062,58.47594857342992,0.1609182360677397
genuine_000017,genuine,0,0,0.7369392231444387,0.2630080885210845,0.4718943496662339,14,0.5301976923679923,175.4729933093193,28.70778728030037,37.65301959696055,0.1079469215053857
genuine_000018,genuine,0,1,0.8421186459809293,0.5416234789745809,0.5416234789745809,0,0.5685566360846712,111.68937343093232,24.780357328319017,37.09449453053856,0.1273032632744972
genuine_000019,genuine,0,0,0.675455195593411,0.3759378897717125,0.5022954149959348,2,0.7290734198722094,261.8285122415993,26.38913946773385,29.981211244284765,0.1487364477510838
genuine_000020,genuine,0,1,0.8070093589645747,0.0866130143999468,0.1325185322807859,6,0.7914858792393236,271.18844335309814,13.18372549780304,54.363396441343234,0.1124513145819398
genuine_000021,genuine,0,1,0.7915727632081269,0.4467769641073069,0.7162094605414472,2,0.4686510130076974,206.77482537534613,30.02673791323165,90.85672260074745,0.1623338505940512
genuine_000022,genuine,0,0,1.0,0.538400729038969,0.6826714608407649,1,0.4438440389671166,157.00017447139183,26.196101524611493,135.93787708678025,0.1646429643934756
genuine_000023,genuine,0,1,0.8409895846190412,0.1532150359647482,0.2387531498924403,4,0.7658391777740878,106.78301385054456,6.0,29.39541180599669,0.1414779604281741
genuine_000024,genuine,0,0,0.75415870057519,0.4408420284029707,0.526295444452117,1,0.6200146371467192,259.46450999083856,14.417357283489263,9.09529746487062,0.1502982983035855
genuine_000025,genuine,0,1,0.8837184960373432,0.6830900130347098,0.8065708298058517,1,0.7347088814726391,379.6347772772061,35.0,151.1159339400213,0.1537850426126366
genuine_000026,genuine,0,1,0.9255234557478014,0.5298567287368555,0.5298567287368555,0,0.69987888403027,259.0464700360118,31.83523695726162,96.8956667186551,0.1376016442238663
genuine_000027,genuine,0,1,0.7919653582090451,0.0678106633495435,0.1374627536329075,-15,0.7048233286776969,112.1009386797504,10.823326165242587,38.58803778393187,0.1322558379412897
genuine_000028,genuine,0,0,0.5770092782819419,-0.0451220020542084,0.3019221904888735,6,0.7332982805707532,255.1521934317611,26.31910761259472,28.809378572348397,0.1219555909743592
genuine_000029,genuine,0,1,0.9557975555173088,0.4884689114966118,0.6868387352083641,2,0.4373849176568301,224.0923945579152,17.502108160771506,17.550433746846515,0.172776612023712
genuine_000030,genuine,0,0,0.5743470325264461,0.5344169482524077,0.5362863211185837,-2,0.7612146373769898,221.81423352636045,28.251369509024,92.83502341104936,0.1175026892880913
genuine_000031,genuine,0,0,0.4953944210878022,0.6723821249131194,0.754144983918664,2,0.2089422335958972,123.51126058131916,9.02667899009192,44.40927310900733,0.1597216663050259
genuine_000032,genuine,0,0,0.7285510029646778,-0.1489653040426568,-0.0716855763543792,-6,0.8111535607242474,86.21120424568717,27.41494689467612,32.15406654158214,0.1051729801570261
genuine_000033,genuine,0,1,0.9086327173579348,0.2118118753914444,0.2799089689757161,2,0.8359078557777612,192.17758008711115,24.817350746920155,48.82721499885123,0.1383961318590175
genuine_000034,genuine,0,1,0.9304914862977356,0.4385623726066568,0.4508940870295748,4,0.4313901376818599,220.58066835138928,22.17489610444765,88.01326059027943,0.135687234635488
genuine_000035,genuine,0,1,0.8314937592677891,0.1424398959257769,0.2268211350523966,2,0.782776694334111,121.80522198717772,26.380402670535556,93.66386839305342,0.1154264126648165
genuine_000036,genuine,0,1,0.9877575181565272,0.4509354904878774,0.7090301508863429,3,0.7096654909239148,151.64843701204742,15.703506669715056,67.4384956402287,0.1298694879985744
genuine_000037,genuine,0,1,1.0,0.1996642143875112,0.3187954790919973,5,0.4191434907491997,163.66050440242688,21.76047756735843,106.3000911480529,0.1230051862222319
genuine_000038,genuine,0,1,0.8588130062686382,0.1810237897144841,0.3657826489121616,13,0.5454367626435755,140.33533544446698,30.41545879540737,44.78295507527717,0.1409529892515015
genuine_000039,genuine,0,1,0.8178625213235791,0.6291185877345544,0.7620215192161756,2,0.4367515650299418,153.08632799110137,27.106319187498137,106.16278223993638,0.1624347537465581
genuine_000040,genuine,0,1,0.973548830353852,0.3351136711126303,0.5112042297031605,3,0.6889388399624042,192.0067274898092,23.768795400230548,59.37174145972204,0.1063900892686625
genuine_000041,genuine,0,1,0.8880947786897282,0.4289546191983595,0.6354291318838411,3,0.7874589695007165,60.0,26.580195436975696,65.23600166923137,0.1497768164535294
genuine_000042,genuine,0,0,0.7341719987916404,0.635057120212738,0.6561419907536907,1,0.5410847063053972,165.1263232599529,23.20148192730195,27.94514648212906,0.130866340310692
genuine_000043,genuine,0,1,0.8318970649275004,0.5526983589123281,0.6709338234246284,1,0.4041792738721402,149.20885604162663,28.965956513270367,30.025645721125883,0.1529854797257865
genuine_000044,genuine,0,0,0.9906264241300716,0.5609211006361647,0.5609211006361647,0,0.0671637773623844,153.6219264991559,21.37272691705653,45.81945342402972,0.191683805342563
genuine_000045,genuine,0,1,0.986786863760386,0.5825558404466007,0.6895261867228581,2,0.5552457263582492,97.71003553578096,27.112896173759506,104.5405535963315,0.1529501657653378
genuine_000046,genuine,0,1,0.9328012320364036,0.4119040901643606,0.5161419748275162,2,0.6062611802328889,60.0,24.294902866872206,1.8793643903069397,0.155968392833623
genuine_000047,genuine,0,1,0.8995330247045098,0.2106975807334686,0.3798601447865335,4,0.5649872269047764,130.0382329420994,27.645227348859954,75.33809544588199,0.1067093001906796
genuine_000048,genuine,0,0,0.7207513700570773,0.6868198618576739,0.6868198618576739,0,0.707568478210893,182.15419456557208,13.438952948969524,30.12233913309815,0.1465368558561822
genuine_000049,genuine,0,1,0.9507512299089488,-0.1983904535586537,0.0566274176033171,-5,0.6804699129748791,260.03237124587923,33.540952221189,20.730830111509977,0.1194792601799927
genuine_000050,genuine,0,1,0.7845301202428333,0.3608065728086098,0.4606235018004773,2,0.6940137721427214,146.06376994467612,26.41593542525482,72.98795453469523,0.1789768820287976
genuine_000051,genuine,0,1,0.7803904207554392,0.2089362077707718,0.249922521797772,2,-0.0048400944480072,179.36449392861056,27.670693652470625,63.06945673468745,0.1263441391148657
genuine_000052,genuine,0,1,1.0,0.4348188410076123,0.4348188410076123,0,0.7407576231389804,212.2831146404404,19.94438151270963,48.4189702095391,0.1033936933472042
genuine_000053,genuine,0,1,1.0,0.2804115893235687,0.3164154267468553,2,0.7130671923895677,88.19856465088539,20.149368276237656,47.70357763360129,0.1187242185108713
genuine_000054,genuine,0,1,0.8241647909669739,0.0877609255907979,0.3131108068724051,3,0.7954241917015654,266.93791463090736,16.86982771532426,113.486317466145,0.1477878878615766
genuine_000055,genuine,0,1,1.0,0.4494905174332365,0.8366437272849431,3,0.5410269606519935,203.96985889992385,26.950496780340007,46.19311164017218,0.1705313586427048
genuine_000056,genuine,0,0,0.7322013218566027,0.4636349796835901,0.600199210909118,3,0.8870431601265637,117.00459542345544,25.29498634188193,11.329744204063992,0.137800041378256
genuine_000057,genuine,0,1,0.8928364624082639,0.5416160356741951,0.6424199324132549,4,0.6668895346312882,162.79946322670492,23.48928597729644,99.33106614678618,0.1963689906065112
genuine_000058,genuine,0,0,0.6387981483384156,0.0541453333718036,0.397350594307768,5,0.5056459382167711,82.69248671781499,25.352459216969265,13.097303676360696,0.1198363531448373
genuine_000059,genuine,0,1,0.9104559020104068,0.6600391821992713,0.7138702275143322,2,0.7103798413750533,60.0,20.80830998459948,25.9764700373243,0.1544194413941555
genuine_000060,genuine,0,1,1.0,0.3515796112105394,0.4720184647253969,1,0.3814638648473092,164.96737723725192,33.142618882255704,8.705804988499622,0.103472538778193
genuine_000061,genuine,0,1,0.7805177857083797,-0.262381417762878,0.3153844020663632,-12,0.3411322702241457,174.21127905157175,24.1423553889865,22.740367123164457,0.1352553821851269
genuine_000062,genuine,0,0,1.0,0.5264820212495496,0.7777581585928457,5,0.6723176286844311,155.94562224199046,15.99463130853755,62.03399181031843,0.2092991704716416
genuine_000063,genuine,0,1,0.8379247920481109,0.2756502367239433,0.371520806754486,1,0.7244935897415715,172.9944062350586,12.14948724767032,69.82628112923456,0.1251563961633724
genuine_000064,genuine,0,1,0.8999384323626276,0.3807419241080733,0.4005399657245166,2,0.7558043109444617,60.0,16.965258608159033,27.843460132287586,0.1468168978093019
genuine_000065,genuine,0,1,1.0,0.6604015625220515,0.6604015625220515,0,0.5114928162548952,121.29961534232302,26.52159126568787,40.11673821539164,0.1312939327904376
genuine_000066,genuine,0,1,0.8780701274782301,0.1547403043387084,0.3105349477980036,3,0.8707713279055348,143.578022904213,32.3872816727209,22.97598950187546,0.1555954386789241
genuine_000067,genuine,0,1,0.8841615619889578,0.6005906431946363,0.7314053412713278,2,0.6781966681320059,216.70128875682747,35.0,75.09761765202899,0.1253205900528559
genuine_000068,genuine,0,1,0.9272218540234812,0.2128718596382839,0.2128718596382839,0,0.7751252479038894,206.0422899681235,23.181655580805653,59.64893001272853,0.1205839492795323
genuine_000069,genuine,0,0,0.8187835627379062,0.1573096939062689,0.2014817939800613,2,0.5477715220721725,124.15598354191148,21.172576891576263,91.2081529111527,0.0995207626409021
genuine_000070,genuine,0,1,0.87020372580664,0.2319837198837971,0.2433077867514397,1,0.7529874624636023,60.0,19.39800417902878,22.054883668389067,0.1408170006475222
genuine_000071,genuine,0,1,0.9876100887499764,0.3300115938379576,0.5722488906680274,5,0.3362969305285859,125.56741770883868,13.676262008530957,40.56112890625653,0.158010719947221
genuine_000072,genuine,0,1,0.9475960738537124,0.5209216427536597,0.7544690707893329,2,0.5160580717497683,248.2791812861149,19.17641325784085,70.76397943696001,0.1491269958813024
genuine_000073,genuine,0,1,1.0,0.5084843528752139,0.5301227813513341,2,0.4893924247778912,66.40568639115361,28.75234786735188,17.576734220767072,0.1134264817952437
genuine_000074,genuine,0,1,0.8925436528293976,0.4333748919102044,0.5782935083565531,2,0.7860507509642992,116.00091619595884,24.722077473819663,70.19183539711348,0.1253094854101555
genuine_000075,genuine,0,1,0.8673677290358306,0.3214127541385094,0.4284493288088509,2,0.6859094264361252,261.3179005359025,24.30664925556472,4.871772944121844,0.1305415175538403
genuine_000076,genuine,0,1,0.9393798220755916,0.0992511463932405,0.1346872917438194,1,0.6983267372932073,169.49366819636845,19.890831816683463,87.90701019252377,0.1110509130776956
genuine_000077,genuine,0,1,0.9013817905540816,0.4692010254124392,0.4692010254124392,0,0.5884057382149094,139.5599479556111,25.29914880551326,22.270160575571182,0.1160894237194057
genuine_000078,genuine,0,1,0.959135104502008,0.3792591814731853,0.5834075339183254,2,0.2845052719989951,151.29203393259917,17.62959227492032,14.89853046335272,0.1861077353014581
genuine_000079,genuine,0,1,0.9031314667147232,0.463230118767726,0.7841350073124306,3,0.7038748565313037,157.66239197893438,21.268165635382463,33.54203694586942,0.149407260286088
genuine_000080,genuine,0,0,0.7218335982615306,0.0227634804407721,0.2912612640625844,4,0.3727170110295197,220.80734012896872,19.81936813333845,13.315120758499596,0.1244918433181806
genuine_000081,genuine,0,0,0.729331703115134,0.0530293886220421,0.3490926909293575,4,0.5607431502722547,60.0,19.29077350803695,80.92855883716308,0.1529153834452994
genuine_000082,genuine,0,1,0.8236267514079976,-0.0570133395144301,0.3493868363394294,-11,0.7009317392931529,96.10911413504598,21.884698765051382,45.7157702796176,0.1336987797267053
genuine_000083,genuine,0,1,0.8741313056961009,0.5885289138789499,0.6481216103561175,2,0.2715083463376969,60.0,17.11167631555819,10.135177659425436,0.1500134872189867
genuine_000084,genuine,0,1,0.9317658257075708,0.7711162361056435,0.7711162361056435,0,0.6569539253649163,60.0,29.647174401422504,63.22119117940736,0.1629421015469983
genuine_000085,genuine,0,1,0.949044361754039,0.4170058341441613,0.464854946404612,3,0.5261521341145418,99.15928045904748,34.57213332928927,64.72552712691616,0.1247532551878257
genuine_000086,genuine,0,1,0.9351666657095784,0.7103550297610025,0.7956030231869484,1,0.4108988491308833,196.25581094047405,27.70267045048348,30.314235393560907,0.1737209584775887
genuine_000087,genuine,0,0,0.868566049095037,0.7706825256868295,0.8051682554141308,1,0.4363748969279154,199.95110896321836,29.62447924814554,24.98078009482465,0.1808034705053111
genuine_000088,genuine,0,0,0.7559860080553743,0.5654252816829343,0.6678581306600004,2,0.4037743383073712,94.01669196271506,24.02787679724373,48.5701763435021,0.1386375168524229
genuine_000089,genuine,0,1,1.0,0.0065604315606245,0.2234682344654247,-5,0.3804735895995494,242.7858958115614,17.580512519144136,94.36126591552238,0.1201857863083404
genuine_000090,genuine,0,1,1.0,0.266113998349634,0.3285514568283524,-4,0.6167586792118359,93.67097685421444,20.44955428607273,40.70664022871652,0.1433534906327134
genuine_000091,genuine,0,1,0.9071723964511672,0.4555603373129273,0.5367489735627814,1,0.3137684210006027,110.57710171785595,24.58695545065833,12.95193096850224,0.1584893654200081
genuine_000092,genuine,0,1,0.828755645223056,0.4924900223574135,0.6711703058001964,2,0.3387991297351459,118.97749912066335,24.80675960904146,16.91644230735119,0.1279210850144716
genuine_000093,genuine,0,0,1.0,0.2126698872528993,0.2618266095833175,-1,0.7476673937042161,139.74595512576488,22.83360121025148,58.29988638410174,0.1268709502167098
genuine_000094,genuine,0,1,0.802973049322447,0.3329480895959803,0.3524261153280432,-1,0.6433639893021698,60.0,20.945796638786945,5.567525209005744,0.135316015987501
genuine_000095,genuine,0,1,0.9177752012740152,0.3835910548659568,0.4782303112276954,1,-0.174589172292223,276.76313816848153,12.631092585782806,17.435916094341806,0.137852449837995
genuine_000096,genuine,0,1,1.0,0.5484301481991384,0.6494766742486058,1,0.8777092418924531,223.3123985937725,27.42039356170609,66.56623906315696,0.168436224426291
genuine_000097,genuine,0,1,1.0,0.4578201833036929,0.5460475261393996,2,0.2593051905374596,142.98075392189594,25.7582167424386,148.84647626344997,0.1075624841949238
genuine_000098,genuine,0,1,0.8419320423842851,0.3610737516457809,0.6544831312004036,3,0.7146433563004825,230.9447173724872,17.242916733498376,35.83817368327025,0.1459849247250306
genuine_000099,genuine,0,1,0.9211354797392888,-0.0179357730397115,0.0930665563619882,2,0.7842825142094233,142.44245441091246,23.899677225910835,25.169683835682093,0.1104259354430866
genuine_000100,genuine,0,1,0.9369197015641856,0.5154280033493619,0.6200070340628946,3,0.8304176725190489,193.74159769501412,30.612587099175567,78.28850465175375,0.1507395641142663
genuine_000101,genuine,0,1,0.8080033513803577,0.7037542797593405,0.7037542797593405,0,0.6046762515345588,341.4037293609879,11.038356466337596,48.06364919460279,0.1489601273943075
genuine_000102,genuine,0,0,0.6829397608175096,0.4121187122889622,0.4716613661623269,1,0.6959760674864585,268.5348743674642,20.253380365238435,79.95676776571082,0.1190366644570857
genuine_000103,genuine,0,0,0.9714770380209248,0.490091667275175,0.6695674910772903,2,0.5538339728341604,202.59524413487333,23.86638818046792,61.96813610129422,0.1400725896853604
genuine_000104,genuine,0,0,0.7225349633766537,0.4614637583278219,0.6143616182272207,2,0.8613728069943136,197.97847161726207,25.39681464496906,16.126159875794766,0.1430081954932873
genuine_000105,genuine,0,1,0.820990739949918,-0.0267285237194729,0.1494631518386419,6,0.5653323920945336,155.00781505333825,17.669067145235868,32.0030851535129,0.1406969763480716
genuine_000106,genuine,0,0,0.6931769264275626,0.2638760296093014,0.4457031371183985,-9,0.3489791786738234,234.07254772129895,25.69118000927732,72.76568733423963,0.1319642700462251
genuine_000107,genuine,0,1,0.9128791660509816,0.6088970661889711,0.6643603669422936,1,0.2094328557051579,221.76455962698373,25.537137220689857,53.02874036866272,0.1800810301654114
genuine_000108,genuine,0,1,0.8636318613944709,0.2076064854154718,0.3662323420102865,2,0.6736343045311975,170.08152131736716,19.19142046626383,66.14583575747807,0.1051975298128271
genuine_000109,genuine,0,1,1.0,0.7259114011368708,0.775320340083604,1,0.3535884227583883,144.95544077927107,26.984289263335477,108.34262012082924,0.1595719083243569
genuine_000110,genuine,0,1,0.9093794270685092,0.6949354927380476,0.6949354927380476,0,0.2560898979841867,267.3168447815109,19.87526778475369,4.774462660102678,0.1533037774055602
genuine_000111,genuine,0,1,0.8833573679666503,0.543217517289365,0.543217517289365,0,0.6541864504058413,188.7161208074701,11.145880045265656,65.98400794953652,0.1281882664543497
genuine_000112,genuine,0,1,0.9945605766101088,0.5505334962310269,0.7918821742004771,2,0.7722278622160241,163.8218201437439,23.66151304566396,62.394927414499534,0.1678477185225635
genuine_000113,genuine,0,1,1.0,0.396570071576872,0.4169785125726922,1,0.4093629915370875,143.6044885382712,30.886620002994967,27.038355267663505,0.111498300999658
genuine_000114,genuine,0,1,0.7985823837573065,0.6223197607609203,0.6721745638716643,2,0.7624731984432891,184.2612222517492,16.85284663623389,64.08130687155874,0.1722519459119286
genuine_000115,genuine,0,1,0.9213306387540244,0.0769091699591818,0.4508366930948111,3,0.6362274655116911,209.26544987140423,31.029727733994296,21.22316213940729,0.1632890767601465
genuine_000116,genuine,0,1,1.0,-0.2394979159756685,0.4113614070959316,-13,0.6022353786601548,245.1826178248205,14.46031984424966,5.939747165846185,0.1135340498386986
genuine_000117,genuine,0,0,0.747204913568102,0.4081432862128837,0.6410072884884003,5,0.6209797717406171,236.74452688535868,23.094452000246136,88.46987750077619,0.1377976317773813
genuine_000118,genuine,0,1,0.8636425144792832,0.3221148869937356,0.6563285846026244,4,0.6033096581966925,68.25542867831149,29.296203119352622,3.781711789300516,0.1375427243994985
genuine_000119,genuine,0,1,0.7893004258960504,0.4942119384724179,0.4942119384724179,0,0.1974577827213897,144.4733641935816,32.035659345882095,66.66724852549991,0.1386022945166707
genuine_000120,genuine,0,0,0.8118261533834396,0.6669337977976596,0.6669337977976596,0,0.6725748933507489,96.03602233787382,19.68037008829881,121.86483302218048,0.1367724796246318
genuine_000121,genuine,0,1,0.8691902847726466,-0.0965870377123064,0.4466783476332349,5,0.6544583126030689,129.8472735304717,14.903872042747702,85.49902709458462,0.1341509503208938
genuine_000122,genuine,0,0,0.7856379018589984,0.4858378506714709,0.5054562498763903,2,0.7469723568144386,201.9555655097324,12.591392493822404,62.38512451526125,0.1105932699506453
genuine_000123,genuine,0,0,0.6856331903024877,0.5455601598063681,0.553990533387688,-1,0.6289441026766306,85.5178629327153,21.92625170354273,23.60014689659457,0.1354084014933733
genuine_000124,genuine,0,0,0.606015239146654,0.3920346302214935,0.4927277187173061,1,0.6090556257359488,103.2549997680666,23.289224219300028,15.333427332839513,0.1105415812974641
genuine_000125,genuine,0,1,1.0,0.3483285173859896,0.4603531351322644,2,0.3817711527013454,63.22619975126118,18.50527258696822,2.98645891080178,0.1097115301680472
genuine_000126,genuine,0,1,0.853745953965284,0.5538079772249312,0.554386126524692,1,0.6877339756110658,60.0,29.67404630245648,70.43860539959647,0.1435344117319073
genuine_000127,genuine,0,1,1.0,0.512723044094346,0.512723044094346,0,0.7502127887600036,115.02496259952238,22.0771231113265,72.66136053702759,0.1499434539089284
genuine_000128,genuine,0,1,0.9099181018081128,0.4533521759217314,0.4533521759217314,0,0.7460056775724393,156.43811502676894,29.444755805419423,64.70485380068112,0.1379191257781042
genuine_000129,genuine,0,1,0.8839731118496628,0.4537016087929077,0.4803967595648635,2,0.5081288039800562,220.123352884058,23.298075302499598,43.701620766718136,0.1079527231501261
genuine_000130,genuine,0,1,0.8670814204320128,0.5453254411230292,0.5899632682635704,-2,0.6726429410329242,296.0377244964984,30.358362103408645,106.15291260025916,0.1562821236529153
genuine_000131,genuine,0,0,0.7752158079664783,0.6965843100768255,0.6991930712806791,1,0.678999180268493,93.2507268716286,21.43616379011471,143.58144028513118,0.1678903664714202
genuine_000132,genuine,0,0,0.7764184123451587,0.5568031485528685,0.5738909922676199,1,0.6298119024462103,192.60362516266625,27.617455101498603,12.70962959087391,0.1530555481987126
genuine_000133,genuine,0,0,0.922500418049626,0.1041936641948454,0.3166471938354991,3,0.7299218562754719,74.89872437761137,23.151570317375416,36.58717957218603,0.15484283332142
genuine_000134,genuine,0,1,0.9980021441043742,0.4480645810451973,0.6408289610541666,2,0.5297262962962564,150.70910633164965,18.727408013189915,17.611990173409772,0.1791757810781592
genuine_000135,genuine,0,1,0.8600840504235908,0.6986293914850236,0.6986293914850236,0,0.2446881747060425,270.0163765460338,35.0,7.037500226183774,0.1224605998323219
genuine_000136,genuine,0,1,0.9778290886511324,0.477886013422459,0.5372969669817838,1,0.5859459432279497,174.63974700363292,17.796009240381693,49.82758396498264,0.1469519369307676
genuine_000137,genuine,0,0,0.971881993116786,0.3366397919165734,0.6831791016585382,3,0.698673127913251,83.36441479810904,21.019100251964083,85.35452073912884,0.124813026463697
genuine_000138,genuine,0,1,0.9592943655967678,0.3591858972692047,0.418954280878873,1,0.0936482232503521,96.04882106002428,25.72812715316899,72.24369915420014,0.132184202612283
genuine_000139,genuine,0,1,0.9434770866140836,0.181355299135346,0.181355299135346,0,0.586622118190459,159.5337478395441,8.666576571300357,46.016963290768885,0.1507643035972983
genuine_000140,genuine,0,1,0.8303751159614229,0.7779142697003584,0.7779142697003584,0,0.5702281470402781,169.4865385842645,25.26205964983057,28.409208378828247,0.1658327371541194
genuine_000141,genuine,0,1,0.8959462580112223,0.1746452930834602,0.5135236300661844,5,0.6923511026185868,154.87280006360794,23.48858336016211,60.52919241934756,0.1014627374184592
genuine_000142,genuine,0,0,0.6841913188086353,0.6112812527296406,0.6487574333386328,2,0.4013535885114024,179.82560302618955,23.908116579517547,46.73306431354881,0.1082406502476303
genuine_000143,genuine,0,1,0.9520449116508752,0.2868088758507605,0.5994352162718226,3,0.683028564706016,142.7825243509446,22.53904452184017,49.78952492286299,0.1096360807567031
genuine_000144,genuine,0,1,0.7988530002272787,0.4303688176422913,0.4732784127637051,1,0.5193112494402222,305.0753787028126,21.306692077115716,15.727759546104837,0.147854798180622
genuine_000145,genuine,0,1,1.0,0.4148490087971238,0.5747629713460536,7,0.7215890476517749,192.0146644061748,23.232508736545785,18.767085221342384,0.1455138791587479
genuine_000146,genuine,0,1,1.0,0.3019450006090629,0.4595725637071866,1,0.7561623447344458,191.6899648718108,34.86592391449764,24.673084065311556,0.1218851569227555
genuine_000147,genuine,0,1,1.0,-0.1515156041700952,0.153487440537252,10,0.5964605420241849,208.6012131450892,24.133894270479537,48.99622009051235,0.1264063074287317
genuine_000148,genuine,0,1,0.7803379483753476,0.4023348598994885,0.4023348598994885,0,0.6728469402134108,157.0153088616542,19.338051049416507,127.0471834336052,0.1310838900737431
genuine_000149,genuine,0,1,1.0,0.2204636040164923,0.3292074522534711,1,0.4373993930105996,130.96577108469418,21.44045135539017,17.692775711203197,0.1259950295006566
genuine_000150,genuine,0,0,0.6950055980159482,0.5933833109396727,0.5933833109396727,0,0.4204456385972746,209.74859954307144,19.2385704378774,59.44283525813799,0.1415656805187268
genuine_000151,genuine,0,0,0.7170461731670685,0.7768787262494979,0.7768787262494979,0,0.4374285299681871,149.84215620922964,19.291927049403878,53.191963485858736,0.1773165217252658
genuine_000152,genuine,0,0,0.9848995347878324,0.3123375992963478,0.3293976286442032,1,0.3107114592174689,60.0,22.646067154880296,36.72657780699683,0.0956813935532329
genuine_000153,genuine,0,1,1.0,0.4361129694269374,0.5287337675860847,1,0.4876943136140933,177.70566319315455,22.45879469812024,27.652369564711144,0.1491148370406033
genuine_000154,genuine,0,1,0.9369050723024714,0.2552100279154811,0.3591169786615618,2,0.6590692543107107,218.77070979687585,24.283342255999777,106.49195484642316,0.109605640246755
genuine_000155,genuine,0,1,0.8293066718695953,0.1047118743836927,0.107190028868359,1,0.8864030840237798,130.25378373727662,27.989797342284085,37.027536114100144,0.1128445657266427
genuine_000156,genuine,0,1,0.8491672070148064,0.5036909716180146,0.516458687658376,1,0.7622301666082912,221.01184900901296,34.332083555873865,48.484301531563446,0.1470396249737334
genuine_000157,genuine,0,1,0.9546518448950108,0.6098652491695864,0.6369867442917561,3,0.3821639521546363,195.5267671619701,7.290683345603018,38.774733167437255,0.1439558866678985
genuine_000158,genuine,0,1,1.0,0.6464696807997589,0.6464696807997589,0,0.5760027703774484,77.60256935051586,21.41723406053877,29.43009905023805,0.1351166384888463
genuine_000159,genuine,0,0,0.7716639284914805,0.4246178626216739,0.4246178626216739,0,0.5482982194508498,119.88444875588377,10.917271489041433,74.17911257395181,0.1266281764065554
genuine_000160,genuine,0,0,0.7732148409895929,0.5096379715530911,0.5575884669820328,3,0.6811238648479129,204.9631947356584,34.53579457305005,8.254181443672962,0.1244595743489864
genuine_000161,genuine,0,0,0.6986266272850127,0.2711491189735907,0.4863166895309292,5,0.7442129592389971,145.20111755095357,15.969851762109617,100.21794580531304,0.1594009586809767
genuine_000162,genuine,0,1,0.9984510096085772,0.2960843938062887,0.3545444669868749,3,0.6609290270457827,61.27345405030269,26.24723180661068,49.93297717145412,0.1349808754476727
genuine_000163,genuine,0,0,0.7233714316103189,0.3438209229803022,0.3786593487720583,2,0.5004056766265298,75.77594479828804,29.66965799796478,10.441311941172296,0.1373401249313411
genuine_000164,genuine,0,1,0.9661247243127732,0.4172374466004598,0.5578149078000636,3,0.8449219142731836,158.2524147281981,20.847696291559853,36.246371430540485,0.1230254359991992
genuine_000165,genuine,0,1,0.933199978012862,0.2151212232931904,0.5985726524801812,6,0.7569293228118422,164.3270040452423,13.779696536912166,86.05290049633862,0.1414257755257511
genuine_000166,genuine,0,1,0.8904663148005446,0.4183004464298689,0.4446431487769156,1,0.1203030642853491,109.23130045424494,29.11634941807392,16.542394773965466,0.1479067287089117
genuine_000167,genuine,0,1,1.0,-0.1651514640911387,0.2228631141627412,-13,0.6445512883790827,94.3368733225686,33.24463013267851,87.18834220933306,0.1187907047307751
genuine_000168,genuine,0,1,0.8973489252013492,0.4345049033550204,0.6939735433830899,5,0.665495378144423,154.7564661710421,32.65005353493166,4.462538938859538,0.1800328399403579
genuine_000169,genuine,0,1,1.0,0.7163691706935714,0.7163691706935714,0,0.585618925720803,75.53794221872653,26.39191598673542,93.32283495260612,0.1439473407299351
genuine_000170,genuine,0,1,0.7916588465952519,0.4894762492409021,0.5183155502077961,-4,0.5649599699426213,111.47379389432544,18.902058339510354,35.36317635159814,0.1048411719521499
genuine_000171,genuine,0,0,0.6873125743984599,-0.0573505509268739,0.3381834023907979,10,0.5866672997382325,139.89477447397675,25.69415597924337,53.70545287477598,0.1309381977326286
genuine_000172,genuine,0,0,0.8596186351003537,0.1200224689287945,0.1631305082752798,4,0.3565653983603274,149.53800515491324,28.28186315004764,60.519205874135146,0.1032906950933057
genuine_000173,genuine,0,0,0.6340441668142756,0.4815245125892165,0.5286351779313043,1,0.6716674285852986,87.66559492324376,25.592404769260803,34.46926143715007,0.1335287473425284
genuine_000174,genuine,0,1,1.0,0.5093251444715153,0.5093251444715153,0,0.6535393152466675,193.4481065788436,30.466578849580785,40.77713259482999,0.1286459870130537
genuine_000175,genuine,0,0,0.6957510329639089,0.5823235677175416,0.7275418448186047,1,-0.02273712887717,105.76046751686658,18.577891831880176,12.698885992699587,0.1432391961243362
genuine_000176,genuine,0,0,0.7702581351241278,0.5412333502129694,0.5733271632170499,1,0.3743244246921067,311.3330677525656,32.260578878104496,18.72453532075649,0.1363301721159813
genuine_000177,genuine,0,1,0.8573588471804555,0.2193125134817897,0.4482358883350226,15,0.7270958086782007,203.9687882526005,28.123742387907875,58.275997740625925,0.1145198932214422
genuine_000178,genuine,0,1,1.0,0.4669666144800186,0.5542881018283399,1,0.2975138286940041,91.46365142237993,30.648250565774653,21.97788106958813,0.1236532983772218
genuine_000179,genuine,0,0,0.814760344355307,0.0566107793510451,0.1268122200318963,11,0.7043435064448006,215.22332200618132,30.666102883569337,68.23136537436615,0.1503102855948845
genuine_000180,genuine,0,1,1.0,-0.09875778489503,0.0289039221871808,3,0.4102920379046084,146.19259073336292,24.11546856847494,66.65103196544172,0.1227770531808937
genuine_000181,genuine,0,1,0.8004669509570121,0.5434793522849626,0.7152938433403798,2,0.875391567898993,60.0,31.39910276776768,46.35718055117456,0.148431244111322
genuine_000182,genuine,0,0,0.7634486044881535,0.4452052905774324,0.6884175113599285,3,0.7368501822688677,176.88011469442222,22.607476015708716,24.379292209552784,0.1409830331459151
genuine_000183,genuine,0,1,0.907156634226174,0.7515034143658542,0.8405094055065788,1,0.5065305239979447,197.5569870657179,27.959418702934045,124.98471423691836,0.2179548306114181
genuine_000184,genuine,0,1,0.9403996143760864,0.3395138798885857,0.3935460622903799,2,0.4552518438072334,169.35052243860477,26.706811436743777,90.69983169080908,0.1371996083406649
genuine_000185,genuine,0,1,0.841359224161728,0.2947309358079197,0.4268234170276148,2,0.7083449168901806,205.50014964298256,20.98050773345181,100.55516061142797,0.115810649156761
genuine_000186,genuine,0,1,0.7913973527817187,0.3670397834991967,0.5156719789452926,3,0.6511272783542018,149.48433682388054,32.097137592188304,61.91743417542759,0.1144992854608337
genuine_000187,genuine,0,0,0.5851909870430854,0.5483470234944475,0.5799356089682021,3,0.545179565137301,60.0,29.427829794743516,49.67668264179446,0.1413738081629798
genuine_000188,genuine,0,1,1.0,0.4736060763020878,0.5774653978866469,2,0.7918462282346145,177.3059991850315,25.54192283282672,18.051559641078004,0.1346826594833974
genuine_000189,genuine,0,0,0.6909158487970543,0.1944605417306669,0.2074768929442607,-4,0.5441147966929888,239.2067196433739,17.345669159129258,6.238369146145679,0.1179545704364065
genuine_000190,genuine,0,1,0.8594577401477388,0.39298651412892,0.4761840089856948,-2,0.5878397374162224,113.2518881914882,19.49137073401848,99.4311075446214,0.1155982060085342
genuine_000191,genuine,0,0,0.708175186982507,0.2483316885353999,0.5002895841326083,5,0.7023369382221472,217.69907789766287,30.550661404982343,31.4130769852528,0.1441599030962646
genuine_000192,genuine,0,1,0.8088393583105703,0.4994560638878613,0.4994560638878613,0,0.8669743914036292,204.46533613514023,31.964366138613705,78.98419335507354,0.1518983758048256
genuine_000193,genuine,0,1,1.0,0.2958078311022527,0.7755312254786021,6,0.4090831030939108,301.739595746316,21.263524884264545,2.843307482692936,0.1869420096847585
genuine_000194,genuine,0,1,0.9791520403666842,0.178055252820342,0.46214683960419,3,0.418829762757971,111.82067200722514,22.75637198415329,50.96753081005655,0.1092533977093288
genuine_000195,genuine,0,0,0.4950429372268735,0.625352685904541,0.7137173013808357,1,0.8556504484806483,184.7951076191941,13.914712135480809,54.36408504165544,0.1725169415561441
genuine_000196,genuine,0,0,0.7141215609355316,0.3512973329936733,0.4393835087539595,3,0.5781230869311778,113.50574652147996,26.284324030209525,22.62513360318932,0.1433141102344187
genuine_000197,genuine,0,1,1.0,0.2948510660596687,0.3494036922552344,2,0.8639007576804645,135.7398719248117,31.032633442634243,26.755913478388067,0.1039936905266859
genuine_000198,genuine,0,1,0.7961761812325582,0.3628103158060799,0.3977410961434712,1,0.5148634323872857,60.0,18.38713491971765,24.223593892513577,0.1380706832480661
genuine_000199,genuine,0,1,0.8073200075612467,0.5380043385517999,0.6379552559253199,2,0.6536938218557151,60.0,11.35707238772083,35.889748793761626,0.1376860638711782
genuine_000200,genuine,0,1,0.9117325025221144,0.2389394884595762,0.2910099245373029,-15,0.6672173068613393,64.42488615585813,21.158759466908634,25.690650022653355,0.1216421252314308
genuine_000201,genuine,0,1,0.912175321924226,0.396473036399103,0.6078453669032593,3,0.4937230404350007,221.199565690243,34.83500543007868,4.138681470097801,0.1358859597091834
genuine_000202,genuine,0,1,0.7895118423718368,0.3242120255730645,0.4965294699505255,2,0.6091806481077102,122.71839753030426,31.096290305464265,51.380363236188735,0.1092206843549018
genuine_000203,genuine,0,0,0.6345500604449846,0.5405643154958845,0.5954770934760276,2,0.6581385262536402,121.49066073893312,26.961382541991952,50.61341011127131,0.1563333405507789
genuine_000204,genuine,0,1,1.0,0.5608340753017409,0.7209176937799527,2,0.5564191021512744,219.4622203969573,22.409142683897457,43.68166634536964,0.1716379167341324
genuine_000205,genuine,0,1,0.9195456453262848,0.5111624530104166,0.696712826247686,3,0.5025588956833527,117.70493328960492,34.876261529457125,135.484583815387,0.1339245544499417
genuine_000206,genuine,0,0,0.7312008930310455,0.3329641403912822,0.5157663537115557,6,0.4567199473617419,228.250027759842,18.437648099449422,2.298397852795503,0.1393718596970169
genuine_000207,genuine,0,1,0.8739549073351247,0.2635906417367707,0.2676576578526222,1,0.3927701697163707,157.9919614290432,20.647264880042517,38.35659201105626,0.1285240936022651
genuine_000208,genuine,0,1,1.0,0.2492420995920025,0.3208374768393778,-14,0.5497473601955343,137.61474360927036,26.5084939910696,28.63204353754568,0.1553104717860551
genuine_000209,genuine,0,1,1.0,0.2316141149379874,0.4467170077338275,8,0.2388648946542425,109.50400290458272,32.65588717386564,48.509913003236406,0.119621143326927
genuine_000210,genuine,0,0,0.7314662160897712,0.1863370931090079,0.3328558078824146,1,0.6435894932783721,101.15419475130768,29.707589992239757,21.283637066865328,0.1315812714055627
genuine_000211,genuine,0,0,0.6525045386127998,0.1220963997912172,0.4237832937553111,3,0.7331981803827757,106.17168172579326,32.55049574540193,30.340709381993435,0.1475437535552573
genuine_000212,genuine,0,1,0.8100354732853193,0.203684575070931,0.4027982872389978,2,-0.023124359337612,170.84771337682193,26.045296075173297,89.25925515319756,0.1497543092444431
genuine_000213,genuine,0,0,0.7194581279666831,0.6595382854191293,0.7649034843837963,1,0.2826656535319807,64.14999073366081,15.092179723406154,2.917203129837894,0.1546340716080766
genuine_000214,genuine,0,0,0.6872268736540945,-0.0917217691015485,0.4123017909429231,5,0.6643286405114565,60.0,35.0,94.99590881749812,0.1494844233640636
genuine_000215,genuine,0,0,0.7788409032621698,0.1465955341065414,0.1642955620384386,2,0.5622313478387874,136.50609035774266,17.270330749929403,70.40167981885855,0.1203539529423754
genuine_000216,genuine,0,1,0.787183809992303,0.4932580452366547,0.7153985647841776,3,0.7428359036846519,113.68628402590286,20.87455275729495,97.41735060566802,0.1376263632990086
genuine_000217,genuine,0,1,0.8704104948955362,0.6072375788477239,0.6072375788477239,0,0.6267565113309456,329.53071273845035,29.46446237549545,68.21787630794216,0.1517257397842016
genuine_000218,genuine,0,1,1.0,0.5334492453030232,0.5417318783440233,-1,0.7738254146408504,164.5844093139684,18.356864511276285,75.57525904993852,0.1183001211503179
genuine_000219,genuine,0,1,0.851999941445304,0.1532862496615787,0.2937611263485972,3,0.7288207713623839,197.40127527393,21.81663604981631,47.56955968462813,0.1129428168226216
genuine_000220,genuine,0,0,1.0,0.0908295301736594,0.17831520365712,2,0.2232093318252425,64.66380169058463,26.597897690734,5.728600384437328,0.1020293276669942
genuine_000221,genuine,0,1,0.887295885552847,0.4701977775014151,0.682061717113413,3,0.8715723214750201,174.71411316315633,24.01318540876882,29.63297216115774,0.1282201857721537
genuine_000222,genuine,0,0,0.5945404667536093,-0.0238335296882739,0.1887044099918061,-15,0.7241006617364414,141.1930891472998,22.619831776547034,25.799944027670872,0.125261989742643
genuine_000223,genuine,0,1,0.8141869150314067,0.5520865483029429,0.5520865483029429,0,0.8405847210826294,128.96286982965654,18.72879612617684,20.724126893629045,0.1565675595989547
genuine_000224,genuine,0,0,0.7641760184017058,0.5235879739672207,0.6190542877860814,2,0.7619808528074308,145.8915336551771,32.758780344427976,25.082355075764383,0.1371149870729128
genuine_000225,genuine,0,1,0.9883675635477216,0.3465332007605011,0.4234851083540553,2,0.6356755469468881,74.11085178071575,20.07346610627165,89.45634175131656,0.1055655859202279
genuine_000226,genuine,0,1,1.0,0.7432601357568621,0.8394217489202681,2,0.5148688034191957,237.25485102766288,24.20068883287053,5.670819739950048,0.2234628004668414
genuine_000227,genuine,0,1,0.9894541724898545,-0.0325755223068055,0.0594228961074368,2,0.7301430731792617,119.04866194162383,27.041460253293696,28.84006276913544,0.11722970353045
genuine_000228,genuine,0,1,1.0,0.672720776419932,0.7697461735858595,2,0.7850034331930328,138.31794414086653,30.958222004536456,98.3489035601491,0.1664170543052669
genuine_000229,genuine,0,1,0.8276863674682109,0.0234586074393427,0.1812474225482263,-6,0.4477664629697119,75.09728990814564,24.053501786705542,0.3962479279807738,0.1413671879176254
genuine_000230,genuine,0,0,0.6543622733217287,0.675824451698722,0.8062534025042335,2,0.8496865564172328,152.72917380438162,20.63290722514873,51.24699418404158,0.1644666335170879
genuine_000231,genuine,0,1,0.9575865998518118,0.587604727185739,0.587604727185739,0,0.8070980901399181,136.10499885166166,31.05693347305698,51.813707408495205,0.1651832576979847
genuine_000232,genuine,0,0,0.7766754501385909,0.202310424635606,0.2900276726828269,3,0.5218115696474236,207.64226933107292,25.47529999956302,10.90387465054819,0.1170500582893774
genuine_000233,genuine,0,0,0.7594670014265266,0.6353944426063359,0.6353944426063359,0,0.5357545280015441,149.46262578313895,28.160069954429268,51.36404932066962,0.121592981127703
genuine_000234,genuine,0,1,0.9173212890145028,0.3093321696287051,0.5637728365696641,5,0.7832191443295452,117.56133871391732,31.63698321566298,77.98850440613704,0.1447188384578063
genuine_000235,genuine,0,0,0.681719911179564,0.1894332520698063,0.3410734363452172,3,0.7671964579747635,188.11231744179645,25.081779787859613,106.60928314486264,0.1372194420427548
genuine_000236,genuine,0,1,1.0,0.3999922701732448,0.5538977842128006,3,0.7766492587087501,150.67633823165687,22.33757923447161,17.771991240204738,0.136778007273939
genuine_000237,genuine,0,1,0.8746913388484285,0.0504781684762581,0.2000084717205927,14,0.3289682908463346,153.26657851846886,26.37222798741219,27.289395582991855,0.1400208713470322
genuine_000238,genuine,0,1,0.8858435974939143,0.7658537323994978,0.7658537323994978,0,0.1208486176392742,138.20366123189268,15.497980594075608,78.00860434025688,0.1899969844661546
genuine_000239,genuine,0,1,0.7981566288280815,0.7134515456747488,0.7134515456747488,0,0.744550948947083,60.0,21.31520605848402,67.0444843579705,0.1323533999214734
genuine_000240,genuine,0,1,0.9869483945378356,0.6374677561098778,0.6374677561098778,0,0.4832249346697742,119.60756163251936,27.27525082676819,69.7196516843992,0.1436153785373672
genuine_000241,genuine,0,1,0.9583644197586124,0.5644695620690865,0.598234311125469,2,0.7780032243913707,133.41777291305226,22.16630054537792,65.12709853071172,0.1292230280094968
genuine_000242,genuine,0,0,0.7064460108294879,-0.083595411141968,0.2371909390440915,4,0.6653139042972175,60.0,17.30217834695835,13.08151337286484,0.1397449555345066
genuine_000243,genuine,0,0,0.5126257195045179,0.4794583036316919,0.5660797707823143,3,0.398203310050172,204.36380543654104,15.088544965963829,42.53174996532829,0.128505484920446
genuine_000244,genuine,0,1,0.9199224276645718,0.4370348614471534,0.4760888105624592,-3,0.7125294030563903,219.6560581003876,22.765189705044623,5.403264548105049,0.1252028849198616
genuine_000245,genuine,0,0,0.759476391901577,0.0944993223755676,0.2364176414204181,15,0.7988600618130399,216.3911042341836,35.0,23.451044826635385,0.1410316500917746
genuine_000246,genuine,0,1,1.0,-0.0104938421602651,0.3021803256196219,-12,0.8684360283059013,215.67549873750613,24.268001906519444,53.36851879783723,0.1371607106278275
genuine_000247,genuine,0,1,1.0,0.2600515652654119,0.5240217687233568,5,0.0472636213654386,193.9574975831965,15.46221739684482,16.041692200368747,0.1462767916969329
genuine_000248,genuine,0,1,1.0,0.6755789025143533,0.6755789025143533,0,0.7521660103988503,209.2759140794996,25.567447661041527,33.067668777877614,0.1656423624061309
genuine_000249,genuine,0,1,0.911112878622587,0.5184386638136541,0.6379096373735141,1,0.5899831399215617,172.60688423564235,21.07010529288992,107.34795982226672,0.1291690750626259
genuine_000250,genuine,0,0,0.7348321675262641,0.6377273023904103,0.6377273023904103,0,0.7995641202899013,254.8807932951698,24.73304081836173,35.964009019023734,0.1969114837070678
genuine_000251,genuine,0,1,0.8689397155450378,0.0636631713470904,0.3400035427344217,4,0.6595165539149203,184.35686396823152,30.24957031410765,15.946550286891885,0.1140167929540246
genuine_000252,genuine,0,1,1.0,0.5042231538689537,0.6816640318430279,2,0.6960959375662997,185.1193664998427,23.243228720737484,3.050195221054288,0.1373115961820119
genuine_000253,genuine,0,0,0.8723914593476199,0.4218700921309101,0.4439576986719681,-3,0.6934301085508212,174.18530564611774,24.40393134230573,26.72550131634788,0.1543164590598273
genuine_000254,genuine,0,0,0.933682097226379,0.4082057768719104,0.4401992224769491,-3,0.6094387252056964,185.30488384738536,17.609235900070836,18.1074238433296,0.1085710422575251
genuine_000255,genuine,0,1,0.989422643882901,0.5260186341637936,0.714120451582192,3,0.7445902761783609,225.7954543532721,19.718742036755827,6.884272115207743,0.2005364165824403
genuine_000256,genuine,0,1,1.0,0.3579343905330816,0.5789438649878443,3,0.6947189882285192,244.90781723591203,11.78525019773317,26.55350015520155,0.1401885930341243
genuine_000257,genuine,0,1,0.939718118076932,0.5861649531669714,0.6028081864845893,1,0.8072427079993565,164.0670474858989,23.610954558149164,61.85729523823208,0.150483997168334
genuine_000258,genuine,0,1,0.9376262702039936,0.4576364272901219,0.5793624329419249,3,0.7280074209402331,60.0,26.304585474592205,31.89077365923402,0.116128693435838
genuine_000259,genuine,0,1,0.8991992356178143,0.5081095190400533,0.5081095190400533,0,0.7398562930399296,248.88432702710784,20.20006268112327,27.37913861801204,0.1370152184570626
genuine_000260,genuine,0,1,0.9915195021039912,0.5347818960710147,0.561944992986387,1,0.6730051439763575,205.95165077327152,25.652929603660827,67.7541496787334,0.1262552224022417
genuine_000261,genuine,0,0,0.7608525087627922,0.3755410071277886,0.4364622785587624,1,0.7868850682369963,93.9241722697056,18.71501761246016,22.27311540465981,0.1414168450585412
genuine_000262,genuine,0,0,0.5462403089109678,0.5410061345521417,0.5410061345521417,0,0.2041123115093356,137.2241392993499,22.729972906297224,43.85734361302612,0.1400178321641829
genuine_000263,genuine,0,1,1.0,0.326701767305761,0.3792635534648532,-4,0.7471385837887181,141.52100046973786,22.811305129957372,109.70323073437174,0.128058170420822
genuine_000264,genuine,0,1,0.9661316242226669,0.2418431192856094,0.2870421818744543,2,0.7116995638336117,356.16782187654456,26.51578194420238,3.193729911798769,0.1238122783816887
genuine_000265,genuine,0,1,1.0,0.4206224712944374,0.5896199144542501,2,0.5068887262850885,143.93097495912423,16.4078934005063,49.77172843204032,0.1259944573729033
genuine_000266,genuine,0,1,0.9543105767085066,0.2180436539975502,0.5239662753129571,5,0.3349978491634792,132.40284246050658,28.609191685590623,59.1565483781914,0.1151578099192251
genuine_000267,genuine,0,1,0.8105450452473278,0.4467977969209794,0.4779065493299587,1,0.4224396506317681,90.8287430597537,23.48266525775391,92.2620663912596,0.1100727836869936
genuine_000268,genuine,0,1,0.8405835016016914,0.7550629863440436,0.8080203041523302,1,0.7201613168955162,223.66996064457243,30.68494833871173,80.86970786998046,0.2003012888161803
genuine_000269,genuine,0,1,0.919384500808394,-0.0027948601626238,0.1399875710785461,15,0.2125167170332082,187.71625226590436,30.142434678502877,27.76217940552104,0.1258519002513787
genuine_000270,genuine,0,1,0.795874258612861,0.4834915206383257,0.4851483573425252,1,0.1386446956909773,323.2826054058321,18.42414795460011,32.35378540786505,0.1286092594552652
genuine_000271,genuine,0,1,0.8942196109304572,-0.2005777422734403,0.2319067350361343,15,0.3655689409765473,233.43625827522,22.331303991139315,1.7490689406324904,0.1381089051292437
genuine_000272,genuine,0,1,0.8560508230857887,0.57901582941828,0.6610178542795908,2,0.6932221145949784,100.96253564462104,16.038334852420157,11.235973049556884,0.1638160702695837
genuine_000273,genuine,0,1,0.947151603956575,0.5293492744325486,0.6194171219191015,1,0.5789275028644411,60.0,26.92820121617965,74.3804090294847,0.1452138177963739
genuine_000274,genuine,0,1,0.9811159585589924,0.2992858115892531,0.4293914562351473,2,0.4937770672058274,102.2591177804575,14.514650970865691,95.39619422574444,0.1180569368579594
genuine_000275,genuine,0,0,0.910618903796932,0.5783127696208512,0.6291962805327701,-3,0.377637345288253,126.82825356882763,22.828707319350148,0.564505320283132,0.1267343235074942
genuine_000276,genuine,0,1,0.8042292939344448,0.6160361981615634,0.6160361981615634,0,0.591442829050026,244.297040428152,26.2104554579698,77.2805325680325,0.1287166279120966
genuine_000277,genuine,0,0,0.7129413196279835,0.5446020056239721,0.6231582479499402,2,0.4649820569189212,99.72617106630356,32.11113003410145,14.824315931465907,0.1278997012528969
genuine_000278,genuine,0,1,0.817696643435356,0.0151431705561212,0.3733786845519876,4,0.6924749016081567,277.21807858920454,25.70103090039928,39.430399557749325,0.1330832260287809
genuine_000279,genuine,0,1,0.8434159818981349,0.3223631737228998,0.6583101272533428,4,0.6591789390329335,167.9821692415186,21.25233175579198,74.90136131819234,0.1933060541005533
genuine_000280,genuine,0,1,0.9068205696101296,0.5901021908783125,0.6990024354124885,1,0.5912864527997262,248.7485946790733,15.47018599691006,30.4813514889562,0.1191219870183905
genuine_000281,genuine,0,1,0.9842541411684936,0.4306111276434851,0.6332508299524198,2,0.5827343201246346,209.2094026456568,21.817212842261792,82.08714739608713,0.1365227412148242
genuine_000282,genuine,0,1,0.9360331602239296,0.2955939125483991,0.6222653325560378,3,0.505828802410895,118.76440031245698,31.93271201851736,84.68813054943243,0.1239418560696183
genuine_000283,genuine,0,1,1.0,0.4191110193257531,0.5301631731926089,3,0.5856454478941334,112.87017756190994,16.29880261440715,28.71912330173778,0.1242190107453681
genuine_000284,genuine,0,0,0.6853518582428023,0.4547659712593572,0.6623681465917812,3,0.789570511347361,237.67674359836184,23.73887675074844,68.94228557621477,0.1591231282728234
genuine_000285,genuine,0,1,0.8100060843037067,0.1101687648167355,0.3528335032474862,-14,0.7708273626337997,158.23569172887312,19.13867316745563,40.13508652750982,0.1504997786233864
genuine_000286,genuine,0,1,0.8861704880980856,0.1671314594096682,0.4007689082427421,4,0.7403479648144837,187.33187268732547,21.2109220214454,34.55479393681058,0.11920313304982
genuine_000287,genuine,0,1,0.987393215474847,0.2207575503600536,0.4595039737625024,6,0.6084002298375875,178.78847480204044,27.636846648733226,92.40694727013086,0.1234380927598088
genuine_000288,genuine,0,1,0.8630690759791853,0.6328575439891407,0.6328575439891407,0,0.8282114100045057,201.33820324679075,28.11360749357241,29.53438699622612,0.1556736058261445
genuine_000289,genuine,0,1,0.8622586489737653,-0.1150637208496808,-0.0095490450799666,9,0.6884528489969425,87.77917390233493,22.16080727514459,5.7147681556001615,0.139160540827204
genuine_000290,genuine,0,1,0.855469398514051,0.0048186725836805,0.2752412163396555,-15,0.7582983235959008,211.4214639506636,18.41504377557545,81.73204006384327,0.1608582177680449
genuine_000291,genuine,0,1,1.0,0.168283052253265,0.3052753430647855,5,0.7378587856470348,170.28309078965844,25.213965175739776,44.92293346857132,0.1449601076551368
genuine_000292,genuine,0,1,1.0,0.10048232473369,0.1690503683424855,1,0.6744201818037807,253.3549037628765,11.45410659335816,84.61488905934215,0.1223100783208898
genuine_000293,genuine,0,1,0.9335175580095004,0.7344777927496579,0.8010178946929216,1,0.4869361330794988,60.0,19.64939623374364,112.87578892810956,0.2073696267747822
genuine_000294,genuine,0,1,0.9168319503171868,0.2408934628008985,0.4252972028557872,1,0.7361898306506327,161.9296364266607,28.082319336813363,52.783832918017296,0.1474579160135363
genuine_000295,genuine,0,1,0.9971959427578744,0.5191694095638503,0.7269174634300566,2,0.1692166749982934,162.78719035648348,9.01355848379189,69.57541640835876,0.1604401515966193
genuine_000296,genuine,0,1,0.8650002264510218,0.7587652901161821,0.7587652901161821,0,0.6255638301150528,60.0,17.495032340403352,59.34723696976903,0.1883280117820174
genuine_000297,genuine,0,1,1.0,0.7246569439174853,0.7783966167239771,1,0.7212912449286996,179.092929330705,31.0423557206483,34.95164283505725,0.1906165552160663
genuine_000298,genuine,0,1,0.8029091233396214,0.5114180025820229,0.6136887340746296,3,0.7775613010482318,60.9496884854683,25.279894064065964,76.73400336578058,0.1199747672669638
genuine_000299,genuine,0,1,0.9982217052254478,0.1974201161850819,0.4930473956707199,3,0.6497137123349759,146.55575514054266,20.698832070766407,132.82293867281538,0.1033864840957189
genuine_000300,genuine,0,1,0.895022358716543,0.355197600977271,0.6808434744718997,3,0.6567538491181644,174.3265483239035,13.571556629260613,105.51661068062064,0.1930603806821869
genuine_000301,genuine,0,1,0.7908377330930806,0.55412039160413,0.55412039160413,0,0.8639034857691954,60.0,25.113611597811936,62.97011108214258,0.1295517598008007
genuine_000302,genuine,0,1,0.9703162727438092,0.8248812236661003,0.8248812236661003,0,0.4625668991608648,162.89867768017146,32.56660899654601,32.71692915818605,0.1779866248203344
genuine_000303,genuine,0,0,0.6670256021482135,-0.1994530796409239,-0.0169548955130882,5,0.4432226367249882,213.13059302078383,34.19490925024451,25.682800516841965,0.1171072530482817
genuine_000304,genuine,0,1,0.8060335429719554,0.4204103101055695,0.8164422467094968,5,0.9004066523317572,107.98501515883557,31.66391059564557,57.81489644357062,0.2037840954379342
genuine_000305,genuine,0,0,0.7573658089567665,0.6438525049415704,0.6508183065752506,1,0.7117287354370722,148.65555363800905,29.02034018836572,28.51386926601356,0.1455714161249742
genuine_000306,genuine,0,1,1.0,0.2602809755273773,0.5424317361593525,3,0.6156440254781513,186.37785923329272,26.836540679175144,36.96701286208274,0.1675276585597908
genuine_000307,genuine,0,0,0.4665153118375178,0.3880830973630329,0.3880830973630329,0,0.5333808528446355,179.95922664166736,28.276311045511537,65.92164257233887,0.111174584539814
genuine_000308,genuine,0,0,1.0,0.3855983183316186,0.4420877367022145,2,0.7452048884864958,60.0,27.90234529918292,29.981703631896337,0.1298834893097681
genuine_000309,genuine,0,0,0.721425953971712,0.1119871290853639,0.2840845748734115,11,0.7802662075133975,161.9645279399081,32.680776931532044,21.382442872613865,0.1428532421681162
genuine_000310,genuine,0,0,0.6778748810864015,0.5927498002869878,0.6621508702429889,1,0.693641982778834,325.79609533972865,32.553607336995114,12.32397571047418,0.195055657544041
genuine_000311,genuine,0,1,0.9405632928517847,0.4833872129762339,0.6098234812277745,3,0.4368444647898399,102.00766759589185,23.36978984993793,60.72857967671217,0.1220574955362295
genuine_000312,genuine,0,0,0.7133444933858818,-0.0992288374091086,0.4872424100324592,15,0.7871232548358548,138.9712648392657,31.59023381753689,99.4046293052363,0.1486787781074788
genuine_000313,genuine,0,0,0.7784371406578308,-0.1205619838470792,-0.036693440705429,3,0.7739602085318262,163.21642050704685,25.18107163217628,56.89852570491935,0.0988181693623424
genuine_000314,genuine,0,1,0.93776227010832,0.4432177257906657,0.5220867169581076,1,0.6887716091935557,60.0,23.84042908153594,21.877177121532785,0.1291016880287716
genuine_000315,genuine,0,1,0.8128562299327601,0.1730258867954091,0.4195300509561934,7,0.8267392723647166,105.93053679362772,21.37873965132635,90.22759323048274,0.1175164989815143
genuine_000316,genuine,0,0,0.7716194761604434,0.2982757135993588,0.408243262609635,1,0.5847691647011195,131.28782601891317,27.786964384038203,77.24523233214009,0.1161043137330953
genuine_000317,genuine,0,1,1.0,0.4774532097922896,0.5472342238057367,2,0.9088138886028776,201.4019449305041,16.07415817117534,125.06694283233664,0.1503608237259215
genuine_000318,genuine,0,1,0.8337204245820351,0.4669862169153,0.8322769602239093,3,0.8348900173777082,120.18698541526878,25.736992899195258,10.980078645244896,0.2063689600092793
genuine_000319,genuine,0,1,1.0,0.1038721739077244,0.3247461579897881,3,0.6450353883338431,189.8951798530333,21.205813831164217,15.441887126135803,0.1185087994306148
genuine_000320,genuine,0,0,0.879152724352791,0.6743873618133274,0.7012318825763227,1,0.5415267540539267,79.7188648642826,18.950258178473625,89.34131404723686,0.1576827506534453
genuine_000321,genuine,0,1,1.0,0.5610637832922126,0.6662937169887553,2,0.5607142207251149,60.0,18.26545134646517,87.5887052325148,0.1659856877353715
genuine_000322,genuine,0,0,0.7657567766138174,0.2387751990844956,0.30477428549177,1,0.3737313305244895,207.53464256026535,26.540550699354565,2.539126522411763,0.0922896535216266
genuine_000323,genuine,0,1,0.8116798110783756,0.0470319315397912,0.5594481442055083,6,0.7051918163182871,132.33738265515308,27.04001910461775,96.6589739069805,0.1579761329359869
genuine_000324,genuine,0,0,0.9278977465798528,0.5776698366444989,0.6408796994313382,1,0.69553243121068,200.4162728611421,27.161957273243647,30.57563110873974,0.168832893457379
genuine_000325,genuine,0,1,1.0,0.2902262423921274,0.708206289583271,6,0.6823664352821129,108.46996860664476,19.66521546853798,87.44150084010721,0.1560301659636349
genuine_000326,genuine,0,1,0.9968417376694432,-0.0474195653254057,0.1287083701736456,14,0.6136743945612294,100.16762014251054,12.02463038362908,21.49783409395315,0.1043888916953349
genuine_000327,genuine,0,1,0.9471198504895156,-0.0344588439521822,0.1975416100097168,6,0.5193992282597272,264.0741136411799,28.38877521649695,118.02134886314636,0.1097393415910088
genuine_000328,genuine,0,1,0.8349210760226227,0.7042441411790381,0.7790651493127565,2,0.56079916841414,116.86390476781744,29.27863513491944,2.305410217758343,0.1661662236588768
genuine_000329,genuine,0,1,0.8783454995511562,0.568905046845553,0.568905046845553,0,0.564524751107109,208.2976207849485,16.656246200690006,20.5562275236561,0.1139840776817792
genuine_000330,genuine,0,1,0.8756785169385672,0.7569897728293095,0.8532865916755973,1,0.7395289794275957,109.0993944031348,30.48558853446532,30.21905143545946,0.2093987986951458
genuine_000331,genuine,0,1,0.9324514643218212,0.4212026463542322,0.5225540108785272,9,0.7621824441893232,162.37917098009427,20.28365203163008,36.98562602458191,0.1068989160948694
genuine_000332,genuine,0,1,0.9231772939560078,0.0214664042877092,0.0789629546830589,-7,0.52029871739366,87.5747408504232,22.80330171731551,95.8431465006308,0.1346217451864709
genuine_000333,genuine,0,1,0.9340531545009064,0.6763072917078322,0.8328172938663988,2,0.5418925081220534,128.185955283406,19.996866741823037,24.88851820707701,0.1816156824615954
genuine_000334,genuine,0,0,0.7465005914816456,0.2507085733718006,0.2507085733718006,0,0.2894494177643313,144.9928217557478,20.78151916517489,56.37556530839197,0.1143219495623615
genuine_000335,genuine,0,0,0.6582808585834419,0.4860083059396011,0.5952579911577834,2,0.709072101013664,139.5603955370065,28.016051036846164,69.88731120552315,0.1363813938694419
genuine_000336,genuine,0,0,0.7829293754328976,0.4001762829637667,0.5732910154916689,3,0.5388187166371083,129.25648103843454,31.602537608542107,70.01563894066328,0.1593997433920806
genuine_000337,genuine,0,0,0.7436924364338575,0.4691027617328463,0.4691027617328463,0,0.8000303716134128,298.93751551141736,20.345099209039,59.11125671367444,0.1464418413874749
genuine_000338,genuine,0,1,0.9669154600351606,0.3137235684424853,0.6392831061774538,4,0.8096780963136133,176.58751642365908,12.64875651322656,105.97830361777864,0.1608863068925449
genuine_000339,genuine,0,1,0.8554002655383995,0.7206892034635209,0.7246408084388545,-1,0.7689795340876968,293.8140503770348,25.47323880096238,11.729360084065505,0.1418073985665547
genuine_000340,genuine,0,0,0.7590888035451047,-0.0487827799270303,0.1357032857734631,-8,0.5156687780036496,125.8682734405912,22.254720367724836,95.33180620356276,0.153110794533068
genuine_000341,genuine,0,1,0.7837454661448934,0.4392563142032957,0.5112806036788817,2,0.2411192992198776,191.2825507836852,35.0,29.85743229228534,0.1530931233089056
genuine_000342,genuine,0,0,0.7716724318586494,0.0391806505917429,0.1693844650413113,6,0.7797161170779898,188.62150381167004,28.348362493246064,82.15473410205473,0.091815965931384
genuine_000343,genuine,0,1,0.974396088238694,0.467851069113704,0.467851069113704,0,0.5057083783886088,151.19012645153734,29.161100852118416,8.933368243165617,0.1361571456180434
genuine_000344,genuine,0,1,1.0,0.3903086220113817,0.5503772782786245,2,0.779070667657065,60.0,29.68919941968175,33.03180567825868,0.1479590987914724
genuine_000345,genuine,0,1,0.9129066258377962,0.4905776231365839,0.5335715166860943,2,0.5661985828626545,143.34070845101124,13.268658705994548,83.6438504315706,0.115435664442359
genuine_000346,genuine,0,1,0.8173235598771326,0.5019757499672716,0.6369857408335262,1,0.7596001404760914,60.0,26.469373337022763,23.20618685446142,0.1172964325399631
genuine_000347,genuine,0,0,0.7794350189678843,0.3258081827851283,0.4948422060337923,2,0.784671738519165,74.08981443630604,17.90349760672173,18.57784006133544,0.1615076112467395
genuine_000348,genuine,0,0,0.700309736662549,0.5213100132674294,0.7650470096427403,3,0.3806319036201638,237.3941805508451,22.61348576401667,106.78841570508072,0.1821688741538047
genuine_000349,genuine,0,0,0.5089916755955965,0.3661986070416617,0.453021434423772,1,0.5116300599265974,224.53235975180536,30.510391191831676,62.78826756049145,0.1262695322402109
genuine_000350,genuine,0,0,1.0,0.3447221452375722,0.5829093629791573,3,0.6835091212979626,117.00058765013164,30.06086155415911,14.936053321822827,0.1416785416664999
genuine_000351,genuine,0,1,0.7832464364633749,0.6935139022775765,0.8178794815310282,1,0.7769819505087334,144.20568029392766,30.708053894972476,54.73741614676061,0.1707596461005879
genuine_000352,genuine,0,1,0.9491082368175846,0.4947336106451131,0.6831380556104608,3,0.8060172088859661,82.32379403027507,32.69694935653767,2.6586881348477576,0.1433902224160625
genuine_000353,genuine,0,1,0.7997252683543586,0.6330879780542951,0.7319378719041751,1,0.7396013698989474,153.46286850911602,16.552689059556933,51.94585643322024,0.1525142212126849
genuine_000354,genuine,0,1,1.0,0.4623094564859594,0.4623094564859594,0,0.5835848387141506,226.10718394596893,14.460778194753336,90.57433230401566,0.1059015320541356
genuine_000355,genuine,0,1,1.0,0.3439184003205427,0.5915532874690419,4,0.6445441927107269,131.9403881953613,28.855247131937823,24.47675777897704,0.1656241163698951
genuine_000356,genuine,0,1,0.9116162122705328,0.515240124980817,0.783486256458672,3,0.766559312581501,146.69023172687594,30.91608325556927,55.95084994086962,0.1507257765476774
genuine_000357,genuine,0,1,0.8633152480630594,0.4928509091427436,0.576293335735957,2,0.7547759297566887,60.0,35.0,29.19926580371508,0.1326205075970003
genuine_000358,genuine,0,1,0.9398481003585788,0.6160347199032952,0.7022732714002409,1,0.523046653142177,127.32993572255076,27.152267856741624,141.40285947656287,0.1344789290066128
genuine_000359,genuine,0,0,0.6431489506762178,0.5874886914114856,0.5874886914114856,0,0.7796871799746999,182.05409977348992,21.273067162245567,103.45610220853138,0.1091046568732804
genuine_000360,genuine,0,1,0.959677403558127,0.2346241948860595,0.4394354561704289,2,0.7316480861637111,112.54486104607902,35.0,71.27670560430386,0.1512642824948235
genuine_000361,genuine,0,0,0.7714661344886765,-0.0527661662648388,0.3960598321226075,6,0.6802676602349582,112.21800394065266,35.0,80.88427456597412,0.1628311010991423
genuine_000362,genuine,0,1,0.9339403112622132,0.3750528524844199,0.5556247667217701,3,0.5941196600924276,239.3342781660409,15.156431008132794,2.9775138684662465,0.1666528611448344
genuine_000363,genuine,0,1,0.8916565693442859,0.725938102901607,0.725938102901607,0,0.4550722798771515,60.0,20.82130060916228,80.45438127560946,0.1455446301514449
genuine_000364,genuine,0,1,1.0,0.2877162523098592,0.3993062496069991,2,0.5357773574535664,279.1165189427737,9.371854897388443,78.92655458592895,0.1287916031682732
genuine_000365,genuine,0,1,0.9050590839865912,0.445470049749417,0.5619443153726648,1,0.7955943644423951,234.25882592089545,21.489047853898818,13.41636174325562,0.1654291656375731
genuine_000366,genuine,0,1,0.8952007241459222,0.0506391952557671,0.3917748316872391,5,0.6537439742899251,60.0,25.439767511700172,73.95380497896639,0.1554613968191618
genuine_000367,genuine,0,1,0.8065894309363015,0.4161077952256807,0.4764894425104526,1,0.8053563368843654,105.80459028189917,32.11949244265154,6.106480510712039,0.1476367598718004
genuine_000368,genuine,0,1,1.0,0.2310218488681476,0.4765652557608444,4,0.3152294447856235,84.7994163764785,15.23270051518252,9.454363766326004,0.1473370551317967
genuine_000369,genuine,0,1,0.7876368616595135,0.3391525083619153,0.3835300768873809,-15,0.6011742898664274,298.70487760463214,20.813228921893607,61.74612088751503,0.1097409871713733
genuine_000370,genuine,0,1,0.9034306694721675,0.2227766500335806,0.6107636525226843,6,0.7582724199768214,222.27874263096183,17.56219695891074,121.44617048463034,0.1661705524934648
genuine_000371,genuine,0,1,0.8893511878292419,0.2858022380609486,0.3367887896772807,1,0.8005055944435324,62.21563201190848,27.438499772482693,31.43927142638929,0.1022517289440496
genuine_000372,genuine,0,1,0.9328312859406962,0.5661350023292608,0.6350241225272547,1,0.5199057955658424,246.9826452185302,28.533466338355417,12.34008338300012,0.1237780666533581
genuine_000373,genuine,0,1,0.8878359150182383,0.1856544615941905,0.3361203855878059,3,0.4917196849694799,267.47694598574697,13.891945496456191,143.97588279963315,0.1329269604820591
genuine_000374,genuine,0,1,0.9272443592186536,0.3446613346243183,0.5396215285455507,8,0.7799174311183352,76.52941469672876,19.54174492534581,58.0246601617736,0.1397606834838923
genuine_000375,genuine,0,0,0.5738175728739805,-0.0677166223431892,0.1780959540109222,4,0.6746556451813569,183.5349115308628,25.272991167537445,65.97606336302017,0.1241070654039595
genuine_000376,genuine,0,1,1.0,0.5584943236520262,0.6687551043568299,1,0.6852090767196458,60.0,29.434315721196825,34.18919792338727,0.1535822552108541
genuine_000377,genuine,0,0,0.7775070178605412,-0.1311466688915552,0.0527039291808644,4,0.7246555314969454,170.76800099064312,28.33634753610025,150.41583640416312,0.1475482555335761
genuine_000378,genuine,0,0,0.9049841004819624,0.7905318475797292,0.7905318475797292,0,0.5385309663239105,268.3154368591456,30.168542423900146,94.42751632821548,0.1763829689586414
genuine_000379,genuine,0,0,0.6933682547088129,0.4540026411554841,0.4540026411554841,0,0.8029971642505004,164.80374848893632,23.062309893565644,61.79564145289496,0.1258649597600952
genuine_000380,genuine,0,0,0.7607045428470777,0.7528791995096892,0.7528791995096892,0,-0.0618206597898529,105.66212959426502,31.178079863628703,142.89492326013374,0.1690006881242204
genuine_000381,genuine,0,1,0.8610292948890921,0.3815295248917712,0.6659808535654718,2,0.4863446022089794,60.0,15.3998427266968,116.71009034524828,0.1454342056377272
genuine_000382,genuine,0,1,0.9607758672270486,0.6921668858699126,0.6921668858699126,0,0.5544021808321503,249.2118066775513,33.75327145974755,90.38436054449517,0.1658402808295956
genuine_000383,genuine,0,0,0.7496468301147698,0.4244187725406768,0.4369077138422764,-1,0.8401027070220857,160.18314921360638,16.331610404866773,46.66999466069405,0.1092343981324049
genuine_000384,genuine,0,1,0.8938759805723765,0.5998529607215767,0.6297889346832631,-3,0.3271468583547709,92.692863593751,22.450263862271772,42.82619769810896,0.165963489074948
genuine_000385,genuine,0,0,0.7348447099435914,0.025573211465234,0.0471691392477601,15,0.5660532596214042,145.91172887253057,23.396494324759637,32.923946555694386,0.150697523818521
genuine_000386,genuine,0,1,0.8885573414716215,0.4734893358942542,0.4734893358942542,0,0.8672064015661729,245.1666778170341,28.2707836701416,40.10013357864689,0.1573807938051916
genuine_000387,genuine,0,1,0.8908017568473406,0.1709041804094967,0.3209562928751018,3,0.655991664024603,180.29804302209115,22.237496387260496,55.24056243214812,0.1132992638355153
genuine_000388,genuine,0,0,0.5832626667817322,0.4423068795453781,0.5748501073862566,3,0.5823791730355706,69.43876788915559,11.921296191586013,57.77879320411616,0.1401092876148812
genuine_000389,genuine,0,1,1.0,0.263854832886319,0.4539013647873615,3,-0.2490917336226585,104.34895157773076,14.280944977433942,65.12714290395454,0.102700662774675
genuine_000390,genuine,0,0,0.606180993447556,0.4248770218892856,0.5430943618169943,3,0.750617388874363,102.13108398826162,19.367695097967754,20.92136786211213,0.1276650841532337
genuine_000391,genuine,0,1,0.947877149254822,0.0770861286685045,0.3639812665389595,14,0.4646143644216694,190.56455854909964,29.98045849436012,58.89818361392763,0.1257253261197167
genuine_000392,genuine,0,1,1.0,0.6331795687544887,0.8105921495391639,2,0.2625679664393149,154.13163115169246,23.30755030305212,7.878775649326727,0.174255052163638
genuine_000393,genuine,0,1,0.9474868148849868,0.2834443593517675,0.2850159325579845,-3,0.7081334783275086,210.7183264148263,29.842287200316928,79.81936871527799,0.1184906713099164
genuine_000394,genuine,0,1,0.8613595069790098,0.408337432017723,0.5461930547353271,2,0.5451925729641367,136.0717801841268,24.62477648436098,14.998255831601917,0.1263041868396816
genuine_000395,genuine,0,1,0.7958522322244098,0.2977611634738202,0.7083337162805665,5,0.009784580591188,118.8700055436679,16.83991551943295,120.44700658503108,0.1656029027905404
genuine_000396,genuine,0,1,0.8257623248042697,0.5643169222856667,0.7284247953435303,3,0.7674593197366328,152.67930447498256,33.089896696393225,4.17362644499061,0.1420384042346683
genuine_000397,genuine,0,0,0.7556557821174037,0.197636392566446,0.257563280636409,1,0.8824831376521148,92.51805879220392,26.08761895202324,14.522288660125769,0.1087070528254105
genuine_000398,genuine,0,1,0.8380526346242407,0.6932470963168857,0.7070240399732654,1,0.3739780339408294,72.05488537699861,32.99881523099374,59.15080906144634,0.1792092665164682
genuine_000399,genuine,0,1,1.0,0.3560018120071641,0.3560018120071641,0,0.7973750617705249,122.25583593864346,19.90574378145252,70.33895744954243,0.1054607840382695
genuine_000400,genuine,0,0,0.7411201179335739,0.1859322370955331,0.2615112676594031,1,0.6115672056979242,228.6670763611537,19.63782576582444,2.5613459543565966,0.1047195966581961
genuine_000401,genuine,0,0,0.6973792474807673,0.4008538185028349,0.4042819097186884,-1,0.8879548050584194,121.30347622199908,21.49445630019198,119.85059779546116,0.1270122408144401
genuine_000402,genuine,0,1,0.8417413378858224,-0.0663975947272963,0.2861899268528661,5,0.2654204354580037,153.42076705365687,23.185242696849706,25.61846312750085,0.1266065273783298
genuine_000403,genuine,0,1,0.9566283238193588,0.2593530310403782,0.4673599851413808,4,0.850588795577946,140.60119654396442,35.0,15.54516704017364,0.1065818997036747
genuine_000404,genuine,0,1,0.7848671120052868,0.1050035271730176,0.8457050642460621,6,0.5068245524784933,155.41490244543388,28.914238439895374,59.24192740435623,0.222929376019311
genuine_000405,genuine,0,0,0.7895622443158733,0.3837533965617415,0.4482508257019451,1,0.6793567220867281,129.27784778997156,19.61073444263208,20.756587689661945,0.1221300744230261
genuine_000406,genuine,0,1,0.9138906172762729,0.5050374862524518,0.5050374862524518,0,0.6368880898077808,248.3996014295796,18.157076621092905,25.566600883420094,0.1106011601576345
genuine_000407,genuine,0,1,0.9536695891599444,0.6229328801860687,0.6229328801860687,0,0.2909496643797742,78.89276810309185,18.88737267096833,2.182970701144221,0.175908739960978
genuine_000408,genuine,0,1,0.8505687485101234,0.3157621833564283,0.619071498903075,12,0.2776782455331526,138.13869965530006,25.64360487703804,65.50484220935058,0.1832665745493968
genuine_000409,genuine,0,1,1.0,0.2009646451925889,0.3385190984364611,3,0.5138943806293315,198.97280129238663,30.14228230371142,42.84160889268074,0.1560511964274394
genuine_000410,genuine,0,1,0.8573890743842165,0.5309285333494413,0.5832129437716711,3,0.3551494336925382,248.7779903289368,18.555542669697097,47.87682799235272,0.1320534604904477
genuine_000411,genuine,0,1,1.0,0.331083981361245,0.5163140874162465,4,0.7630735899603298,111.2216191180931,25.160892635569496,82.40645032457435,0.1320674546731191
genuine_000412,genuine,0,0,1.0,0.2363326886199299,0.3174960927762358,2,0.7379993695908191,85.94986512039728,30.445419068056697,31.47759675896071,0.125031573012701
genuine_000413,genuine,0,1,0.9951302417768244,0.503937219941033,0.5630143721017821,2,0.4270393315535404,107.36122734264086,19.269920770564067,54.21869767331,0.1270663532838576
genuine_000414,genuine,0,1,0.9560420704643317,0.6001273053509413,0.6895093696670352,3,0.7214996346110771,108.2107397039972,27.04201193478812,127.19165451758754,0.1498831016717869
genuine_000415,genuine,0,1,0.81599240400798,0.3517683743998195,0.7069862820353213,3,0.696292318546024,65.7974853232028,16.93964337217173,43.5518708955371,0.1433963879283922
genuine_000416,genuine,0,0,0.7731182599517042,0.3368809245006891,0.6283156227788195,2,0.7848456667408813,131.42648355011892,22.05860183926955,106.16895361917152,0.158786098087581
genuine_000417,genuine,0,1,0.9094083002386818,0.506681074326496,0.506681074326496,0,0.4897352480409187,60.0,32.714423583846425,57.435602288613225,0.1321319706484512
genuine_000418,genuine,0,1,1.0,0.4649341077544623,0.4649341077544623,0,0.7132041927575168,129.63529476561416,27.64233686668616,73.62117342050536,0.1174475669549824
genuine_000419,genuine,0,0,0.6926260343075401,0.665929417348134,0.6806828286592541,-4,0.8478879864907004,65.9079292781122,22.470711826607896,14.70145342459151,0.170062300186927
genuine_000420,genuine,0,1,0.8402838555372965,0.1012482631696571,0.1012482631696571,0,0.4889180062242443,106.04441153138148,26.12610808017683,96.96411505545618,0.1165303052431819
genuine_000421,genuine,0,1,0.9760833368384614,0.4552106187040725,0.5614095892484676,2,0.8238840761631088,216.49541247163165,16.574872190121813,29.298101020965262,0.1481237683587113
genuine_000422,genuine,0,1,0.9612839146487928,0.5951317039721618,0.6897434430966435,1,0.6056141478459283,219.86871322391409,17.516626208995227,14.197658334806276,0.1656074703790887
genuine_000423,genuine,0,1,0.9283985766303988,0.3907679777730338,0.4936931052857766,1,0.8438690497817426,76.49101353738195,30.26480673958438,1.0260093417166942,0.1502010014784297
genuine_000424,genuine,0,0,0.8923892533882568,0.4618320872978397,0.4618320872978397,0,0.6381897990808788,60.0,21.96932806500627,135.15520218572092,0.1474270918267539
genuine_000425,genuine,0,1,0.8040875373138274,-0.0812535982101259,0.5618988953694682,6,0.4653734460162679,120.85371829873004,31.402123438918537,69.77814255838541,0.1584542864427992
genuine_000426,genuine,0,1,1.0,0.6035802284846249,0.7404164796838724,2,0.6096134100142865,260.4336766660708,35.0,12.686329471627978,0.1617233760851571
genuine_000427,genuine,0,1,0.8006060295495312,0.3144465059025882,0.3480553309007975,-1,0.7343463117741629,139.54530229849954,29.85406810765584,15.138118018934108,0.130621284470533
genuine_000428,genuine,0,1,1.0,0.4175600486255112,0.4597101687730953,1,-0.1276381828616419,202.7748455284693,30.575914604591595,108.8992556853276,0.1360709148793497
genuine_000429,genuine,0,1,0.7995305304765169,0.0519970839761734,0.1479321643330353,5,0.765988365302123,196.9342690750549,24.04074675941774,64.71137504356676,0.1126152410803966
genuine_000430,genuine,0,1,0.8769913575305537,0.6565447367383257,0.8150919352671034,2,0.2544945937955938,161.27453880456352,30.533570168402584,20.868254574788168,0.154989748323633
genuine_000431,genuine,0,1,1.0,0.4595805165032396,0.4595805165032396,0,0.5911711745385081,145.4975558233484,24.985422214386748,93.80738334508531,0.1186639138276253
genuine_000432,genuine,0,1,1.0,0.3524115291992147,0.7657391660864314,3,0.2292068347113673,78.446216081184,22.27959801759565,29.63815661614914,0.1481685832910774
genuine_000433,genuine,0,1,0.797925281500822,0.3730907308145669,0.3850037436360829,-1,0.6004548819421621,141.03624557356008,25.611221747907496,119.98348134841468,0.1149366642007247
genuine_000434,genuine,0,1,0.9753903445488016,0.7706357124374529,0.8150801067731173,1,0.8162408292397528,128.00637688829252,24.06299240109377,70.20106556994236,0.1827203940399543
genuine_000435,genuine,0,1,1.0,0.0890120713330266,0.2629709485098906,4,0.6757844607579035,127.79989768347242,18.68490231671191,35.14850019538967,0.1390485304484414
genuine_000436,genuine,0,1,0.780398324610566,0.1917160745484712,0.2000520748485344,2,0.6588711481755811,60.0,22.97941066240198,29.055548144561484,0.1161177245768092
genuine_000437,genuine,0,1,0.8495435126999036,0.3695422442920959,0.3854660719718007,2,0.5701248595546191,243.83302655174467,25.08750363791183,25.94349729273551,0.1234915330924596
genuine_000438,genuine,0,1,0.9064038865282906,0.3987813156029227,0.5444646140483594,1,0.7353043773720388,120.58369388302616,34.58406300638335,61.86772877587138,0.1454220653803654
genuine_000439,genuine,0,1,1.0,0.2062468021054692,0.5353325688020063,4,0.3954644266487688,99.33245607616855,22.38427108631902,50.991135872652094,0.1722693270268082
genuine_000440,genuine,0,1,0.8468234978354016,0.3209351132617007,0.4877897844074221,2,0.8096920394156587,262.91334317129986,26.65818036999036,11.071903951434107,0.1434852649468206
genuine_000441,genuine,0,1,0.929640918936814,0.5975230306904915,0.6711174465829824,2,0.8201006794744,165.46649721190423,32.18504384294663,15.961079062462328,0.1272120738504711
genuine_000442,genuine,0,1,0.8882494024506145,0.2055622771196684,0.2569439251236271,1,0.7245325789535566,127.44547043581343,30.678670887459106,66.56396379614338,0.1429519524396413
genuine_000443,genuine,0,0,0.677784842062416,0.6850622316423075,0.7158647883689876,3,0.556185814797483,187.9145015503471,16.91485240783365,7.296075977982753,0.1259121247644862
genuine_000444,genuine,0,1,1.0,0.4759439253998732,0.4759439253998732,0,0.5431796400193178,119.84630362687592,31.989920489108574,143.4381414602034,0.130414667629642
genuine_000445,genuine,0,0,0.6781173953485677,0.5504206826832868,0.5504206826832868,0,0.468088134582899,185.4763873218756,20.38708727221505,105.32122075699274,0.1425805419073308
genuine_000446,genuine,0,0,0.8473221442790414,0.6513621003418696,0.749280569635379,2,-0.2402536217270001,259.4039558072431,25.3057398753254,22.15385182286125,0.1621478169088021
genuine_000447,genuine,0,0,1.0,0.5786821925997758,0.6444454151878339,1,0.72740228818816,60.0,21.215971320931885,20.391013875959807,0.1449457746298866
genuine_000448,genuine,0,1,0.828250488228904,0.2534596587317891,0.4573009004364676,7,0.6751231572479391,60.0,17.37567080740209,66.4947028976181,0.1354363184342404
genuine_000449,genuine,0,1,0.7868824884119585,0.0811935750730939,0.3324470961356003,5,0.632296777238084,146.15512826984357,12.541542168243444,64.45361452867473,0.124113345397312
genuine_000450,genuine,0,1,0.964216064078432,0.4918277683886393,0.5221760473314664,1,0.2007470755708476,188.4588769658671,34.58364166385489,22.978799554089875,0.1174377292841588
genuine_000451,genuine,0,0,0.7419045694984288,-0.1456154802071861,-0.0296230316912751,-4,0.3270728953725916,60.0,27.70924854089468,13.545099010859126,0.1070185188383947
genuine_000452,genuine,0,1,1.0,0.5710500375056112,0.5957131406582379,1,0.6005833259522761,161.86215592828393,29.42338603923562,1.870965393906808,0.1086811376902068
genuine_000453,genuine,0,1,1.0,0.4470022260887127,0.5284471397983643,1,0.4151447470700474,304.8677917860275,28.34215516865663,64.92510361739485,0.1411648472180658
genuine_000454,genuine,0,0,1.0,0.6201629523999145,0.7606979993735502,2,0.5928478160502454,60.0,20.19272256260489,23.725828550108417,0.1938862570201748
genuine_000455,genuine,0,1,0.8605002420210864,0.3797105893075357,0.5730400729517491,5,0.6351193728403978,116.1667597439008,19.553779508458756,42.250657499752,0.1707111466045986
genuine_000456,genuine,0,1,0.9356659527263514,0.5306074894997033,0.6143787015964609,2,0.8113077126642368,240.8547394143459,27.06570101569063,13.077217671541526,0.1271119889168144
genuine_000457,genuine,0,1,1.0,0.1095213283065863,0.2116017158595451,2,0.8028965003341301,139.8166611749631,25.15887616176745,100.68448829015858,0.1255128740794295
genuine_000458,genuine,0,1,0.9541748196706528,0.134857900906592,0.2922839277787196,2,0.5041797830826581,187.1641412575361,20.97865070119714,22.26361865720535,0.1162566148776026
genuine_000459,genuine,0,1,0.920027844073006,0.0923867114506625,0.4387119371506884,8,0.7847708558988784,115.54250911883597,14.089361255897424,93.51182151159806,0.1696911667267172
genuine_000460,genuine,0,1,0.8754660985103804,0.1149913927860233,0.1714168139579398,1,0.6461541142884342,157.35705506116997,26.69151458265704,0.5610610283080888,0.0963944037327751
genuine_000461,genuine,0,1,1.0,0.6336912477767679,0.6503141619331899,2,0.399555417699268,245.7257409948144,27.500368286898947,66.86922568540655,0.1376084093160868
genuine_000462,genuine,0,1,0.8351629889680364,0.5450168046120816,0.5701069673216205,-1,0.6151975952149507,205.54140903366323,25.03408683977112,116.16211341829698,0.1116465629604798
genuine_000463,genuine,0,0,0.6976244138998247,-0.2242625891292873,0.0547069835663279,14,0.2649992205160705,210.48242539008973,23.55437629897772,53.61854576841065,0.1032062054324855
genuine_000464,genuine,0,0,0.7369360794229574,0.4133307938354962,0.4622756758127397,1,0.7110087157022782,326.9144603076679,12.833379765236591,83.3369434784992,0.1204206138510725
genuine_000465,genuine,0,0,0.7099159384764949,0.5480446137090379,0.8061147579043737,4,0.8487231478269771,259.31169179329453,10.433320605106257,46.48809818163488,0.1627250561127709
genuine_000466,genuine,0,1,0.8091492906157156,0.6503677819245011,0.6503677819245011,0,0.8089058456161322,198.612680664388,19.424814927526228,41.82515349430369,0.1643544912968219
genuine_000467,genuine,0,0,0.7451963832844894,0.240767465846784,0.4772630789209152,3,0.5060850215488203,86.68726642392956,25.844444139822404,96.5320317172025,0.1378109373826105
genuine_000468,genuine,0,1,1.0,0.3350669024453239,0.4865631845502983,3,0.7195832523413178,138.89760053739062,14.776448683662542,104.02131430794977,0.1535606214628878
genuine_000469,genuine,0,0,0.7663310476096866,0.785690427102831,0.8878419435619921,1,0.6879421933056006,116.06999038166752,28.11683220595732,89.8219300660891,0.2101700446739264
genuine_000470,genuine,0,1,0.7941927738922039,0.6352666630612124,0.7144661169717351,2,0.7863179952399264,60.0,32.813398754907176,141.0094681649511,0.152707100007575
genuine_000471,genuine,0,1,1.0,0.6312800615146184,0.6479924692184147,1,0.8213432452489093,192.91814583380028,29.33076560681853,103.52238812848712,0.1552298259898708
genuine_000472,genuine,0,1,0.8816818653693106,0.7245797001534721,0.7995679820761645,1,0.7147603799219722,188.6119220834425,26.369625036750957,83.24605482817213,0.1724500554854615
genuine_000473,genuine,0,1,1.0,0.268874038098426,0.5585975039922483,4,0.231597823676292,60.0,26.30905271864991,93.30919886377583,0.1533612038467537
genuine_000474,genuine,0,1,0.8884703047956446,0.5509264047294501,0.6269380571073817,3,0.2622131907247504,148.7669744389161,25.41343451410191,33.9219844298952,0.1655953316621642
genuine_000475,genuine,0,1,1.0,-0.0680075107201134,0.0977911175428084,3,0.6478585530311497,167.8966726653615,23.72196553913261,55.000287795169626,0.1330526620552892
genuine_000476,genuine,0,0,0.7265762305486887,0.0398604259191043,0.4446871603926936,8,0.8115571470389228,262.137978496478,22.870706557858323,39.18462949533361,0.1304609405353005
genuine_000477,genuine,0,1,0.9884187873374252,0.4608330916713146,0.5158331324302078,1,0.7475292322778034,107.35296679599276,23.006381144166024,45.85687166385939,0.1523326942708162
genuine_000478,genuine,0,0,0.63651816267751,0.5195407439679833,0.5195407439679833,0,0.5104157002170902,249.73737332402615,24.239237781217096,39.80304331464114,0.1449001823365516
genuine_000479,genuine,0,1,0.8424092572207132,0.3753389518814263,0.6174020379157581,-12,0.7534895117160192,60.0,30.14485504954614,16.073692545624645,0.1302497211985888
genuine_000480,genuine,0,0,0.7233997236322574,0.3953866702393078,0.6181173960403579,5,0.8347019103070165,76.74831129023418,31.79707431005545,96.53476059951248,0.1670753081577562
genuine_000481,genuine,0,1,0.8677644848653382,0.2992602703947042,0.3278831598995189,-2,0.7942141138903528,235.2776790586906,35.0,82.18891951158962,0.1248460748099209
genuine_000482,genuine,0,0,0.7467404506851602,0.3773185324992001,0.4712085345179616,1,0.6369978330330961,196.0595981787226,25.13494714941511,8.656790945846168,0.113594896303399
genuine_000483,genuine,0,1,0.8678616696349414,0.2559944357732099,0.2559944357732099,0,0.724914439210738,221.69859547189293,22.669987229910188,83.38711399227515,0.1390229670798375
genuine_000484,genuine,0,1,0.9876636919247052,0.3071407444953308,0.482021778910301,3,0.7281063406360304,131.16932379073592,19.84112862474698,34.01600107088659,0.1209077996412901
genuine_000485,genuine,0,0,0.7678146754638987,0.353148984318809,0.5452243770019061,3,0.0119290025430058,133.35691442360078,29.06490087248,88.37394736341227,0.1379805744915832
genuine_000486,genuine,0,1,0.8156628538065851,0.5025438732487438,0.6785365374424401,3,0.7423088265563998,144.51952907740682,25.492022739225217,146.95700225158112,0.1573997251114329
genuine_000487,genuine,0,1,0.890473317514817,0.3198162325287383,0.3300923765384014,-3,0.305253840365962,246.28970741140745,28.00377191085579,73.60582383546031,0.1189119845591149
genuine_000488,genuine,0,1,0.9383642549949628,0.5255067961402685,0.6322253804972133,3,0.5197266478373347,67.98848170422993,26.904973331351044,7.96809145355261,0.1329940403489559
genuine_000489,genuine,0,1,1.0,-0.0171541365537868,0.0519161788538238,-5,0.6600796231576276,60.0,33.26144952289535,19.030756375007662,0.1567216964215721
genuine_000490,genuine,0,0,0.6838732900281197,0.3419028813271778,0.8805794436043973,3,0.680561063377202,197.01640522356777,24.54082698366575,12.591520329177357,0.1864944452680425
genuine_000491,genuine,0,1,1.0,0.5540512396061322,0.6287995182376154,1,0.6808799912390825,289.5177564846955,25.840018167788543,22.827296812499203,0.1536821999823597
genuine_000492,genuine,0,0,0.6858380333847308,0.6614741151612372,0.7668203311870949,1,0.5419955888641065,126.35670611108635,21.36695874618932,91.45944397856996,0.1703829799582173
genuine_000493,genuine,0,0,0.6936241162407937,0.6614418888268362,0.827283972739173,2,0.6248206583954661,101.8802179755711,20.068463825853023,30.32542355320985,0.1909192971200403
genuine_000494,genuine,0,1,0.901469671290618,0.1495367149986055,0.1961947451779756,1,0.5490009153680688,219.98815467490584,27.578895193466007,106.86246567104928,0.119832364774423
genuine_000495,genuine,0,0,0.7708944838055491,0.4620427643448537,0.4620427643448537,0,0.539483845113981,60.0,24.00151027268636,133.87445167935198,0.1108058715752669
genuine_000496,genuine,0,1,0.8311701761576631,0.4661102373461551,0.4661102373461551,0,0.4777593307604709,60.0,24.31301748359309,19.227993390932298,0.11023370128341
genuine_000497,genuine,0,0,0.7412185787853681,0.6288356729373775,0.7745987720353965,1,0.3091532017096855,214.56256030285124,18.249338333994675,120.2515547530436,0.1698734332761234
genuine_000498,genuine,0,1,0.9742347764280064,0.7510635205256673,0.7510635205256673,0,0.427547614095764,175.93839756150524,27.317942608917527,69.79969937617892,0.1817371666325652
genuine_000499,genuine,0,1,0.8778748203578238,0.6923398356908298,0.6923398356908298,0,-0.1359495040731768,236.98831908328785,28.180129263327505,0.1517000395728587,0.1053690101847317
genuine_000500,genuine,0,1,0.9950099734657534,0.5451689926372313,0.5451689926372313,0,0.584874247336028,60.0,32.01607491044942,28.934825361563675,0.1426648177028097
genuine_000501,genuine,0,0,0.7272609939310195,0.3350904583073649,0.3350904583073649,0,0.4867626478267871,120.50082242068324,17.667935784055125,30.743480910461525,0.1322232975560044
genuine_000502,genuine,0,1,1.0,0.5725288564275459,0.7139009040985125,3,0.6827975061523053,60.0,22.23506292217672,33.85577420951783,0.1459166308642761
genuine_000503,genuine,0,1,0.8328769368149749,0.322219368863504,0.4932614206574678,2,0.8909584746094196,208.65023354527207,25.5058487494535,30.01841853441956,0.114077146261906
genuine_000504,genuine,0,1,0.7873587750159443,0.3370061848425807,0.577405882391926,3,0.8394314782682761,150.87731456126448,15.340432498640116,40.5879675581792,0.1776264471107225
genuine_000505,genuine,0,0,0.6730890087862351,0.5702912875798369,0.5702912875798369,0,0.687002690200732,205.20902897505545,24.37336958110401,65.00563850463321,0.1433891787345236
genuine_000506,genuine,0,1,0.8506905639948513,0.5652792176271162,0.7492837820919325,2,0.620829238649549,147.49237058429995,15.402886124518862,79.2001802769769,0.1582219718770906
genuine_000507,genuine,0,1,1.0,0.6395854415916554,0.812484428802827,3,0.7284402836595535,98.6642501246042,33.52649089231073,34.35928337744059,0.1830485480747751
genuine_000508,genuine,0,0,0.9236483252438172,0.3139549009332743,0.3901666648447803,2,0.709593462904016,175.58102285063907,25.23984234168543,19.65615253126008,0.1244083079447657
genuine_000509,genuine,0,1,0.7952359318770414,0.4121017396664652,0.4753569309917803,1,0.8157038627712995,210.0005768811224,33.7657078215926,84.38679697382304,0.1352736305980031
genuine_000510,genuine,0,1,0.8360658011930701,0.8403953943359421,0.8403953943359421,0,0.3779407383340019,287.282638095806,24.21817735101156,46.64246059516429,0.1878419323568397
genuine_000511,genuine,0,0,0.6507682674699435,0.3373914229303441,0.552077594800643,3,0.540717615116169,200.6024694352908,20.98517539998729,90.4112550585941,0.1279271163449646
genuine_000512,genuine,0,1,0.9014766050158228,0.4643195301645122,0.6102796894471769,2,0.335899430525606,209.8944828022632,35.0,41.52774802359545,0.1391542621441553
genuine_000513,genuine,0,1,0.8226594860086572,0.461150518790695,0.5388945793358458,1,0.7611360984876616,198.24308162263907,25.926917837904583,1.3209307865018758,0.127744593247648
genuine_000514,genuine,0,1,1.0,0.2528707322866961,0.3377025180905201,-6,0.365721598234107,140.8986135172749,21.664055215944337,58.21417567149824,0.1361846483823185
genuine_000515,genuine,0,0,0.6545760967183878,0.1360116203480721,0.2254625456152991,-11,0.5941142914943265,60.0,29.782758413490733,92.5577295137989,0.1324260308174796
genuine_000516,genuine,0,1,0.977044786554763,0.2393861322028087,0.3496352264409438,3,0.6608207250560572,107.5229315743334,35.0,53.68418987570762,0.1107268405158167
genuine_000517,genuine,0,0,0.7650826305711981,0.5265995119118132,0.79827034064962,2,0.7974393781932952,120.65659085578169,35.0,53.419684810282334,0.1893883892526437
genuine_000518,genuine,0,1,0.7801165297399436,0.4836316889076216,0.6246847869812815,4,0.89199844615084,96.17164875049,22.73403312832147,11.01983149456099,0.1532916733820352
genuine_000519,genuine,0,1,0.986070910961095,-0.5646814750914471,-0.3881585489893833,14,0.8268327688817394,134.8799906435193,35.0,53.93693678984208,0.1170507315146308
genuine_000520,genuine,0,0,0.769692737001715,0.6573599425801105,0.7272130861083665,1,0.5535129727304151,123.91798694911547,21.01205931263836,76.76720410841895,0.1693050864083809
genuine_000521,genuine,0,0,0.7799474167537808,0.1725207921741529,0.3064166532277534,2,0.7617363476768275,151.0124037414487,30.14238590569791,51.5866425330648,0.1210464001979789
genuine_000522,genuine,0,0,0.6899958267042419,0.5863932828256849,0.7579947768410191,2,0.7110592701896087,248.787574514066,29.761644068844884,97.9525258615077,0.1412517724122827
genuine_000523,genuine,0,0,0.7053331430625587,0.4990019843132802,0.6552814875423341,2,0.5429946868304105,178.81423181750364,19.8353742151134,58.89255567705759,0.1661056739853622
genuine_000524,genuine,0,1,0.7953593698830661,0.2857893873483637,0.4672739925171402,2,0.6099274467915908,186.7735358818725,18.472735532251846,16.753965037896577,0.106714472934561
genuine_000525,genuine,0,0,1.0,0.2764136025623773,0.3095604749005452,-1,0.5951469696625664,108.63991371613852,31.215578932495468,81.43030348650461,0.1571805026267087
genuine_000526,genuine,0,1,0.8955710240148896,0.2458393715087688,0.3038108728828452,1,0.7159979710132389,212.09938301465465,23.21162316458507,1.1658004050788051,0.0934812162675468
genuine_000527,genuine,0,1,0.894071901579609,0.4568472125320193,0.531138036811278,2,0.2140005408607679,191.4249962289313,22.567529930437,134.69340451266305,0.1699802675590903
genuine_000528,genuine,0,0,0.7530341122703572,0.359342883128448,0.435220068244193,1,0.7376573100218112,156.76833118375154,21.69185026242352,80.95187489555636,0.1267267013964529
genuine_000529,genuine,0,0,0.7766098713605832,0.5032687248659914,0.63112111801332,2,0.7405020912095648,183.5589265847432,23.77957762633763,8.066701871428712,0.16049861862462
genuine_000530,genuine,0,1,0.8854149256351896,0.8590780130475933,0.8590780130475933,0,0.8431955945067091,64.35860273029724,21.76534733248376,69.60386767155359,0.1693769777729059
genuine_000531,genuine,0,1,0.8019030746592635,0.4202453672037155,0.5436477257737429,3,0.7330683616543758,105.0918033120941,23.680765050590438,66.23173112225031,0.1118935381431261
genuine_000532,genuine,0,1,1.0,0.5112539234609609,0.6116391871974455,2,0.5003479147184196,104.17360932650888,23.70875394861017,26.33501250336835,0.1241063198703976
genuine_000533,genuine,0,1,0.9521672778880124,0.2479252321007255,0.6251267916216274,3,0.2480407005665642,132.1281576463251,23.20842939011151,87.63732058634346,0.1220730118413856
genuine_000534,genuine,0,1,0.8114561618666506,0.2637642187402811,0.5095568130666851,4,0.6340814379352797,179.3888965449587,23.71833938280505,29.925383738522537,0.1393462057020666
genuine_000535,genuine,0,1,1.0,0.5204597212197716,0.5731024694834005,-4,0.7771994610695234,325.9191708697631,35.0,50.40437255666704,0.1490163962630897
genuine_000536,genuine,0,0,0.8017521826706535,0.3660631884443741,0.4012225658298777,1,0.773300902674882,124.7847309989266,18.533568743767407,50.94085251418794,0.1274315165069234
genuine_000537,genuine,0,1,0.8426005710351883,0.4210648364408635,0.4590442095207514,2,0.313987440566952,167.5242255251002,24.36051679046417,92.97224602797851,0.1282551849099909
genuine_000538,genuine,0,1,0.8861408913327586,0.6883874160626711,0.6883874160626711,0,0.7202863931012422,183.61848432666216,25.35498967898943,96.76857957076878,0.1279596871368494
genuine_000539,genuine,0,1,1.0,0.5947185926447697,0.7362809143615343,2,0.7445945224876442,97.2124330323728,23.83924693495872,65.88301786250489,0.1498812439419866
genuine_000540,genuine,0,1,0.9335293966294635,0.5463532096294235,0.5463532096294235,0,0.7581805738730404,178.56741230493833,32.549925634182,26.507891222071738,0.1446944088622632
genuine_000541,genuine,0,0,0.8190340878644391,0.6334174114303599,0.6334174114303599,0,0.5236429714010584,167.81887304242304,32.05662281983883,35.35521094074339,0.1360525607717251
genuine_000542,genuine,0,1,0.7950051828310866,0.3192275304726575,0.5351206637028373,3,0.7640686656469691,60.0,27.839661716675767,14.38998839970058,0.1221618016860963
genuine_000543,genuine,0,1,1.0,-0.1497229527755046,-0.0826095379407951,-1,0.7736863521449042,272.57075310632547,31.926997421956614,25.138548228247227,0.1104627567285431
genuine_000544,genuine,0,1,1.0,0.1709707664799703,0.4615012271070102,3,0.527681699739325,150.44344484023102,21.76608512319551,1.5055846910721584,0.1196010678686922
genuine_000545,genuine,0,1,1.0,0.6898778240827893,0.7594857672367589,2,0.8132444549002796,60.0,29.502962805140925,46.86565009174145,0.1549058019928194
genuine_000546,genuine,0,1,0.8658111084317528,0.368961079253967,0.4132570807475708,2,0.6952030358166441,185.5938850089056,22.541873446739345,63.27503121346612,0.1227777778294424
genuine_000547,genuine,0,1,0.8356913184951754,0.6412797816386112,0.7129859892807838,2,0.2449665330929198,60.0,33.43146305553278,15.425359872931146,0.1600699914068058
genuine_000548,genuine,0,1,0.8711774846237818,0.5756950135659902,0.6036166558798439,2,0.8277316690515745,180.87963991833385,24.13381195226069,118.27998104771068,0.1220723016798988
genuine_000549,genuine,0,1,1.0,0.6755880019235441,0.6755880019235441,0,0.2996567382807061,124.92034446082089,30.013525280030283,10.572384188438086,0.1349537363830139
genuine_000550,genuine,0,1,0.839326559473944,0.6030360638359813,0.6650452087443415,1,0.8578349904980975,84.4417608402574,27.683362700797414,31.56888612147953,0.1541266626571016
genuine_000551,genuine,0,0,0.7947981932474996,0.2509173654150957,0.4718418218806084,5,0.3946608913624324,60.0,19.59867280236452,17.66126561746539,0.1540210162925969
genuine_000552,genuine,0,1,0.8204221465823196,0.7035736165247832,0.8208938458789767,2,0.6954046584559339,171.25013846050385,15.82231435630736,68.13901402008514,0.2007082065393275
genuine_000553,genuine,0,0,0.7631143446409324,0.5944974827511483,0.6605810780313975,1,-0.307517607979461,144.11936952028276,27.4618786270868,66.79788742815555,0.1322008160853718
genuine_000554,genuine,0,1,0.9287976737591712,0.476372053029626,0.532506176979258,1,0.7637908257531997,133.21095328359496,28.221564841198667,44.94802673174682,0.1524701232974875
genuine_000555,genuine,0,1,1.0,0.2167556667493922,0.2740473033244462,-1,0.4908494217970864,138.11991442662145,24.81437939451918,127.47213322195245,0.1217944716892348
genuine_000556,genuine,0,1,0.8811525969099374,0.0063023345989258,0.1732257610878373,3,0.6991417775165376,191.53577156717483,20.326426486977823,13.284722195749191,0.1079515492521663
genuine_000557,genuine,0,1,0.9100930397491382,-0.0343124988729086,0.4590933228888355,7,0.6888329071639142,128.45232418107884,28.80374135136474,69.38591934930452,0.1293002426274269
genuine_000558,genuine,0,1,1.0,-0.1718511169667316,0.0276605939741051,-11,0.4267331819645742,127.54198553665886,32.61552427504615,18.698295636400356,0.1293008479866077
genuine_000559,genuine,0,1,1.0,0.5073260953030175,0.5580730714089183,1,0.4805702927161483,85.86123294291,26.86036218393129,41.45494617707976,0.1108120531210465
genuine_000560,genuine,0,1,0.8946399715752196,0.4164119229503791,0.5471841188898466,2,0.7927767610927549,112.33078881332312,22.461584963011106,15.03795290521657,0.1475778160979487
genuine_000561,genuine,0,1,1.0,0.5880253916882524,0.7008391921426287,1,0.7253257505133754,329.6271891262605,26.345450354547264,1.3585283393430387,0.1611759165421447
genuine_000562,genuine,0,1,0.8016019143270483,0.6005578778575247,0.6756256095770632,2,0.7377332973273282,137.9836860514057,24.49113229869085,2.5844144308989243,0.1708713915797603
genuine_000563,genuine,0,1,1.0,0.6763866513665978,0.7584524940882547,1,0.4697834257383896,76.28492567972803,25.063366544788224,13.39810250210494,0.1304671490879928
genuine_000564,genuine,0,1,0.8229879682996463,0.7904891508139865,0.7904891508139865,0,0.2531571881278728,65.35472437360117,16.310147048983993,72.08608616995991,0.1776428140289476
genuine_000565,genuine,0,1,0.8170524543008848,0.2244974302302992,0.4772611569080287,2,0.4370332341214337,277.84004365116505,17.55472798569868,70.79493504301607,0.1546227138423315
genuine_000566,genuine,0,1,1.0,0.4750436926882014,0.5939394968646308,2,0.719965506097773,211.1822086679532,17.671602403571605,13.888322125994216,0.1331698446066671
genuine_000567,genuine,0,1,1.0,0.353217107033528,0.353217107033528,0,0.8897753235896083,239.7115016460776,22.564378613032865,74.75534895572261,0.1047788197425386
genuine_000568,genuine,0,1,0.9255955776792528,0.8175248663259264,0.8205773147906432,-1,0.5233180719119387,60.0,14.252791638104071,77.11397255588,0.1635401865167649
genuine_000569,genuine,0,1,0.7986554110114594,0.3159983510951579,0.5086202702106599,2,0.7690337724670112,65.97748441993937,16.71500928538218,105.57322011119442,0.1363064461634467
genuine_000570,genuine,0,0,0.7278940238147609,0.5083744286631516,0.6007187930230128,1,0.7847567692785836,215.56968701592064,29.572069944353817,154.32346643232538,0.141558191973931
genuine_000571,genuine,0,1,0.8174162050209415,-0.2731092943729846,0.035073488586453,15,0.7421384258970474,138.65182119629813,25.297095628495,14.593074553120449,0.1146906047524322
genuine_000572,genuine,0,0,0.739269610347651,0.5276648021627839,0.5276648021627839,0,0.7271288530191605,236.32649184745893,22.89634889189199,9.966097449835509,0.129964918591594
genuine_000573,genuine,0,0,0.6582384481832859,0.5871851809650073,0.6959919409242241,2,0.5612505507972672,276.16390057745946,32.64330004736114,52.61393679960616,0.1205008736058106
genuine_000574,genuine,0,1,1.0,0.3919339660574887,0.5862835502649529,2,0.474640814667897,265.07638182438063,21.50139305709305,15.079402183502204,0.1217822259674276
genuine_000575,genuine,0,0,0.7740932404273908,0.5610927537971567,0.6175169492281081,1,0.7221073854711103,213.7341856636022,16.599621413612084,81.95647197197948,0.1584817683521351
genuine_000576,genuine,0,1,0.922407333101708,0.1127256404379773,0.6359153670275131,4,0.6798601578779544,238.7780205894548,32.09356080946504,65.27262726464258,0.1717145243097687
genuine_000577,genuine,0,1,1.0,0.0339992801095963,0.358162850816907,3,0.5475127537713849,134.33062242242173,23.108827260576533,103.195434942022,0.1078411066375762
genuine_000578,genuine,0,1,0.8771862718064187,0.3109938337952328,0.3109938337952328,0,0.6240584371590722,278.8952087093082,35.0,91.6298337627272,0.1295299918366198
genuine_000579,genuine,0,0,0.6003884565066243,0.1924543028410402,0.3965669316526461,-8,0.7650335909178654,66.79644357512541,22.967133341062755,84.87135441987985,0.119276045349378
genuine_000580,genuine,0,1,0.938186168668204,0.6144607719037245,0.6144607719037245,0,0.814073333299949,173.35475081780157,30.346830164732744,148.2000462506967,0.143940899647012
genuine_000581,genuine,0,1,0.9411945888171476,0.667247965180773,0.6875554690145697,-3,0.5312115162779961,123.2195537215096,34.04260464192809,74.88495872502743,0.1425968309944909
genuine_000582,genuine,0,1,0.9230919252721672,0.6517290149572657,0.6517290149572657,0,0.7158888786101464,195.33651851751148,21.242247030885387,29.39353893133611,0.1616704331651325
genuine_000583,genuine,0,0,0.777707812058926,0.2587125332097728,0.5564315645357466,3,0.7626505605709627,132.75691318975893,18.438353343968327,136.4384366938025,0.1346725325530549
genuine_000584,genuine,0,1,1.0,0.5750883742066738,0.5978051095567688,3,0.6790737618453261,145.64237335325535,21.66852481556194,60.67506066711001,0.1120862808609764
genuine_000585,genuine,0,0,0.5730115766938648,0.1885823941807943,0.2379338940362657,-2,0.4557229571429475,175.90529399306237,22.578507222393057,35.294414361804826,0.112566897379427
genuine_000586,genuine,0,0,0.747830549572968,0.2737850485082188,0.5925967673498718,4,0.7757695809311905,60.0,25.424329918154992,47.49694883284031,0.1538650507669963
genuine_000587,genuine,0,0,0.9701207365104773,0.5921075914003416,0.7370325236978608,2,0.4367009271595743,237.33475594019336,22.173897829793525,90.07273795161976,0.1316361831102812
genuine_000588,genuine,0,1,1.0,0.4083187682706344,0.562581015466365,5,0.7512525650370858,206.29853284819615,30.195142803822435,62.46969840143655,0.1299122464761986
genuine_000589,genuine,0,1,0.8245000712316668,0.567360912037802,0.687135510957438,3,0.5354433122230479,146.2120412386785,22.1559224238764,74.196210336778,0.1612799674419609
genuine_000590,genuine,0,1,1.0,0.1524952858835079,0.3609297227283933,3,0.6764340829325037,66.14952441929071,10.094179486861211,46.8854382847323,0.1298154966327023
genuine_000591,genuine,0,0,0.5906766148160764,0.8161533808777229,0.8757287731941,1,0.6547680410645943,238.04801675208583,18.13148082556981,56.82089182634962,0.1706078635264631
genuine_000592,genuine,0,1,1.0,0.151241487941817,0.2088495059914127,-1,0.4566342010528074,94.99111427244182,19.36793869914243,7.694285354754783,0.1398288832033408
genuine_000593,genuine,0,0,0.8625056906052888,0.0453916757708723,0.2275351016918733,5,0.5387061308135002,115.18841608563068,16.6773253686733,59.943795237480494,0.1392928161061588
genuine_000594,genuine,0,1,1.0,0.0874682684692154,0.4419616882824647,5,0.6331972567761942,216.27925173490647,32.718853796589585,29.17733292983565,0.1603330685325834
genuine_000595,genuine,0,1,0.9840939039022254,0.257837573446708,0.4084374107665796,2,0.8228686288409746,138.25619356875842,21.883239476163517,72.26229301588776,0.1230561100436792
genuine_000596,genuine,0,1,0.8510950368524545,0.6349039504767564,0.682215652735314,1,0.6101519590959772,319.2968346758958,26.971121071456466,69.32182605345321,0.163348736289939
genuine_000597,genuine,0,1,1.0,0.5939097693607048,0.6124485435648124,-1,0.3038662225818014,144.56373300018427,21.192095302174053,74.90242071849826,0.1106663442118774
genuine_000598,genuine,0,1,0.9577346478342113,0.1603842561648774,0.482998399059385,6,0.8689394552280224,103.22061534956237,35.0,15.32654262813456,0.1551489402067742
genuine_000599,genuine,0,0,0.7787608213054678,0.3710268373770229,0.549091219461737,3,0.6261676345518974,167.19090717858347,35.0,81.53131759083954,0.1224355232759182
genuine_000600,genuine,0,0,0.6483636433025626,0.1618216689566405,0.5338829604849283,5,0.7038783872574924,125.98337308441975,20.13549324722655,25.001537338915227,0.1373855827107206
genuine_000601,genuine,0,1,0.956365063661444,0.1210045783659707,0.5047440485288831,4,0.8405891506464425,266.22981827195986,27.60094126591016,74.71153318561251,0.1214658480075493
genuine_000602,genuine,0,0,0.7390931576666798,0.4746218571252912,0.4746218571252912,0,0.7563099130215879,221.82921515811435,22.109692622720285,68.74501890974047,0.1199806692529086
genuine_000603,genuine,0,0,0.6800789375696994,0.3772726545977463,0.3829022002755319,1,0.6876720016694128,111.60046775212363,30.457228247951587,41.13257581692968,0.1014697675820271
genuine_000604,genuine,0,1,0.8227448460738589,0.5143947309622836,0.5143947309622836,0,0.7398897717115698,203.6950524855964,20.794018236870183,12.977125793436883,0.151306854239535
genuine_000605,genuine,0,0,0.6776089470908568,0.3016727154073673,0.5011520135306524,4,0.4578764722456641,215.7372817878804,19.44649212419301,82.52621929770194,0.12403132710419
genuine_000606,genuine,0,1,1.0,0.4248576116758298,0.6275096780068569,5,0.6802441339521185,268.7551628064006,35.0,10.68186873602368,0.149214790052091
genuine_000607,genuine,0,1,1.0,0.5204892460951044,0.5204892460951044,0,0.8323543598652338,165.51114902913065,22.65805030744109,95.2179053406011,0.1072824670346813
genuine_000608,genuine,0,1,1.0,0.2887609440813285,0.3597889494074764,2,0.6603579431642774,194.39619346930357,23.980775896619924,131.01953025586255,0.1300446627914841
genuine_000609,genuine,0,1,0.8794028328840349,0.4293234019746234,0.49182305786474,1,0.708644849052044,104.81198644465684,17.997356814107732,34.832125009507195,0.1402755521937434
genuine_000610,genuine,0,1,0.8482850561510521,0.6828485569698618,0.6828485569698618,0,0.4367205847073002,69.30914747696802,25.99012709520175,17.359078857540037,0.1501304677584535
genuine_000611,genuine,0,1,0.8309222322465061,0.5615140010993185,0.5615140010993185,0,0.6807376762739129,109.60919813526974,20.591484037845028,12.023955204622276,0.1112105528525932
genuine_000612,genuine,0,0,0.7454743687962853,0.1626026918720007,0.2734893256162919,6,0.6436590941436672,130.92186610020187,19.07483466071265,40.03945678053312,0.1312271462949598
genuine_000613,genuine,0,1,0.8900117064428135,0.5142740482879271,0.66396384220678,3,0.5673204197988436,216.4910044294776,25.791921806350093,38.73712871889125,0.1162742927085
genuine_000614,genuine,0,1,0.97752479549612,0.5280412955127686,0.6266764078855336,3,0.7052082731089042,60.0,28.012374369718668,45.19948777271007,0.1137193442244344
genuine_000615,genuine,0,0,0.6052580575402151,0.1073859331562088,0.145513395070093,2,0.6015222124374165,125.92514670391736,27.268264856923,109.88666599696651,0.1214895529168811
genuine_000616,genuine,0,1,0.9595658293198708,0.3561207352676487,0.5313910874182994,2,0.7839880429239773,96.66737934893791,20.30948232503952,58.020998451176496,0.1433760095906833
genuine_000617,genuine,0,0,0.7609585517293441,0.57538634347361,0.57538634347361,0,0.1294843450772325,158.42524106049896,11.615544603240512,40.09534301690364,0.1408170013290103
genuine_000618,genuine,0,1,0.8591256077524742,0.3486358533339969,0.3486358533339969,0,0.5796363696079212,203.6307369123149,30.16095590774697,55.91147812004538,0.1202209445149174
genuine_000619,genuine,0,1,0.9941587887468408,0.6905095996098938,0.6905095996098938,0,0.6451669246668416,78.8247469653011,25.648785420787146,36.23262340456861,0.178596030339347
genuine_000620,genuine,0,1,0.9173413571285256,0.7176168345014676,0.7586667168250546,1,0.5645684836753033,167.50208209203225,20.68975518365472,24.72212261009526,0.1437079364163466
genuine_000621,genuine,0,1,0.9199771683140208,0.4700507586560954,0.4700507586560954,0,0.7350368358239447,60.0,23.77752668659545,4.387832477351729,0.1141437058106726
genuine_000622,genuine,0,1,0.8527216504249614,0.4400734552496661,0.4655277840632466,1,0.3063581940925168,60.0,14.011921771719368,36.86820520855207,0.127750371066172
genuine_000623,genuine,0,1,0.8258469092999993,0.593638835702609,0.7331100076411421,2,0.7503217479646246,125.5068988464954,24.309191790960018,10.626319135313658,0.1427130234964651
genuine_000624,genuine,0,1,1.0,0.196395429609465,0.4346806670451826,4,0.4536804387104413,216.7545153196568,35.0,1.4029284145677536,0.0949565985926592
genuine_000625,genuine,0,0,0.6327710278151071,-0.0629859492583814,0.0088400372014199,-3,0.8195631254322718,190.37574719734755,23.465711200465933,76.24868601656723,0.1225226647791056
genuine_000626,genuine,0,0,0.7017303689693977,0.7959587074624134,0.7959587074624134,0,0.6111673652815974,207.30459629308004,23.074855941426737,146.60580614715025,0.1896650459344573
genuine_000627,genuine,0,1,0.7952928968271686,0.8434709868443674,0.8434709868443674,0,0.3943091087299054,177.67749661852304,25.179201236137278,32.107597326327024,0.1693865787151661
genuine_000628,genuine,0,0,0.7361235428663337,0.6323980561921839,0.6323980561921839,0,0.7153430572383399,107.18881951414367,19.39028885021626,65.95160124866251,0.1227521980620396
genuine_000629,genuine,0,1,0.7971902453919606,0.1991321065207295,0.3788213315964387,7,0.6561404098183059,78.04100824630879,12.767213782862012,0.8184143060425697,0.1569680970208168
genuine_000630,genuine,0,0,0.6955741866402532,0.4304328458705532,0.6267895818722954,3,0.7920152956647944,295.18493914332464,6.0,27.560877786860217,0.119905890909194
genuine_000631,genuine,0,1,0.9573460466562164,0.4547246490310805,0.5461945367845596,5,0.3061479027695329,82.580516547504,16.485374137941523,79.539659387298,0.1276897543797671
genuine_000632,genuine,0,0,0.7730811795419514,0.5199304952385344,0.5353922599206221,1,0.6822518924838921,60.0,21.889067294653536,71.21405191687471,0.1202112578220648
genuine_000633,genuine,0,1,0.8481452721160576,0.2078670736928363,0.2578961430889898,-1,0.6598979189430236,137.6285913234673,21.90942572382764,19.77854067699327,0.1201875847107114
genuine_000634,genuine,0,1,0.9219486452056396,0.4820492548495791,0.6916816650420241,2,0.730683020561619,127.6203518067846,30.70894849322875,67.8224174622649,0.1463818028917462
genuine_000635,genuine,0,1,1.0,0.6940643933869057,0.6940643933869057,0,0.4690822545270169,211.43811622141695,33.36604066415892,115.76798656671524,0.148368114606866
genuine_000636,genuine,0,1,0.8711325653521378,0.0814790848241485,0.3152037971682117,-8,0.7066179747929732,208.2569244041389,22.511796921659982,6.886042264060691,0.1472891727857545
genuine_000637,genuine,0,0,0.6925807159536468,0.4554303065088421,0.6284132089509236,3,0.4348228743422387,117.54451011077133,26.042252244657227,87.40821649987096,0.1167344252857214
genuine_000638,genuine,0,1,0.8982608809003256,0.2630980920421359,0.3193738218519499,1,0.4618125273032216,315.04584386514097,23.548537987399232,78.62662688878282,0.1148091738183243
genuine_000639,genuine,0,1,0.8502498397310143,0.3010805467042003,0.3962609570527618,1,0.6359287081789674,147.95721055184018,23.565024119838853,63.48403220541756,0.1430328460925188
genuine_000640,genuine,0,0,0.7491798042673987,0.4491850000270159,0.5665052010028151,2,0.6576606316041931,79.7704967828143,19.082714630957284,54.42999734717152,0.1317893727933185
genuine_000641,genuine,0,1,0.9145795862473096,0.5829739939030352,0.7180484138700763,2,0.543375136144679,204.3707558273323,24.014444057504456,23.62704265775914,0.1803648836669974
genuine_000642,genuine,0,1,0.8194455103969808,0.3591132667148913,0.3591132667148913,0,0.3408445909203047,214.0946762272357,25.65411220512948,14.008349710815708,0.1125968415259648
genuine_000643,genuine,0,0,0.6802136058626886,0.3930328543922926,0.5072994589633584,5,0.6341746414730741,209.7637205995597,17.129345602025506,42.83335103767733,0.1279622059859406
genuine_000644,genuine,0,1,0.9411489530798176,0.3354096683803434,0.5158662515000413,1,0.6530299493771936,196.71050165014,21.488179405631588,61.46996080505105,0.1315196033934319
genuine_000645,genuine,0,1,0.9153257584025072,0.1036276484828971,0.671346778652212,4,0.4442395020770456,143.50464795911645,22.091422830171425,14.262400327516062,0.1857766083260029
genuine_000646,genuine,0,1,0.8733289154903232,0.0725586800198795,0.4009600096346237,4,0.647135043091106,247.53995042973185,27.85824678885581,52.16837044459654,0.1749005124563298
genuine_000647,genuine,0,1,0.9111146494693276,0.4063698984050679,0.4063698984050679,0,0.4138345655185784,187.32654795515543,27.706256616353635,44.69493113797096,0.0969723584684593
genuine_000648,genuine,0,1,0.9190448017847798,0.4384273614249229,0.5779795083199368,3,0.7034214700594592,165.52136297867554,28.911912563228032,2.227817493982037,0.1623539126699237
genuine_000649,genuine,0,1,0.9201550624746434,0.6726299436392212,0.8517758873054988,3,0.4763811094941736,172.65682128455862,28.696055368976214,73.32591979640095,0.1641228230226517
genuine_000650,genuine,0,1,0.9966046301373253,0.6910479215047811,0.6910479215047811,0,0.7155441465277597,167.43472110285376,17.682322554968117,81.97469314869778,0.1338301085415593
genuine_000651,genuine,0,1,0.8631142701667488,0.5237335771105885,0.7376180209275381,2,0.5562950527504118,74.15631138229291,20.781662927949025,9.355338703817516,0.1496555055486189
genuine_000652,genuine,0,1,1.0,0.2218266519315895,0.3106494331059912,1,0.5452453383866419,139.80114486499195,26.083678269931543,111.476383453678,0.1287433617327642
genuine_000653,genuine,0,1,1.0,0.4988816458447571,0.5868915031764059,1,0.6615837054196517,160.51840423862032,23.82133808882661,12.612588136120891,0.1517808505348659
genuine_000654,genuine,0,1,1.0,0.3065230209105852,0.4826450407089688,2,0.4998238611049391,60.0,20.361447653482468,5.789416718458668,0.1229613367013656
genuine_000655,genuine,0,0,0.6804201606220215,0.5883210856236077,0.686907043633769,1,0.730501923673881,192.7877888066081,13.31929687649288,22.4018708298507,0.1768917501391312
genuine_000656,genuine,0,1,0.977145422531416,0.5363860386083433,0.6248798021919995,2,0.5897604252772224,181.4154567718672,29.96957811636776,30.54140785672765,0.1755295782284809
genuine_000657,genuine,0,1,0.8119381743419034,0.1242950576230457,0.4013638035016378,2,0.5135795377934058,251.1498105132967,29.039736407074653,28.99387902236029,0.1122077837646539
genuine_000658,genuine,0,1,1.0,0.1478569035301193,0.2391331829955748,4,0.3837185893065322,80.64371992350239,26.512616691708587,28.195684639450576,0.1188949100303277
genuine_000659,genuine,0,1,0.8416330850104063,0.0112363712085404,0.3901694012589596,-15,0.7209852048664456,212.45904026394524,31.79890373078127,55.38160572683195,0.1412847533161409
genuine_000660,genuine,0,1,1.0,-0.0239198745504861,0.1580265276740914,-14,0.6643193417236717,212.5703945108092,27.12375349558422,111.09992188718,0.1087318354512953
genuine_000661,genuine,0,0,0.7069746047014701,-0.0133711710516133,0.1983429128586478,-15,0.300131775587557,60.0,18.579092568861043,94.33584504270648,0.1305740287502595
genuine_000662,genuine,0,0,0.6899478616562986,-0.0457010376633097,0.1424853280842547,6,0.4919180004590093,60.0,23.737457679643217,78.06940974065131,0.1350333577600705
genuine_000663,genuine,0,1,1.0,0.1553325783129132,0.3175232007957581,3,0.8011675982122712,200.25916118461868,20.72097619240432,59.72875494056946,0.1243564274070532
genuine_000664,genuine,0,1,0.8493570284329015,0.5221980659812182,0.5312096169674795,-2,0.3373736986542341,91.64789371284284,20.352064003443942,19.535582160367557,0.1278198485709394
genuine_000665,genuine,0,1,0.8395909514462941,0.5869744111640116,0.5869744111640116,0,0.582153679292217,91.80880495765577,21.32387305738922,76.03941534471585,0.1635181885682626
genuine_000666,genuine,0,1,0.835038247304454,0.6161506816688587,0.6643288194503095,1,0.7211469010803726,126.20709391689908,25.07855343495605,14.582099971452834,0.1249119159577973
genuine_000667,genuine,0,1,1.0,0.6404444482459667,0.7297074501035365,1,0.7550727343782573,117.44683540729872,29.79090393679505,52.80960650734886,0.1797674326321808
genuine_000668,genuine,0,1,0.9946218820042854,0.2840788903267827,0.3307799544641827,1,0.7226542183077245,242.81725112558823,20.78840274176325,8.00051825424223,0.1170571510302941
genuine_000669,genuine,0,1,0.8905642637778293,-0.1914912510165194,0.337913346113067,14,0.2236434840703114,258.79118944107154,22.91627371103952,40.814747731787605,0.1187895053613072
genuine_000670,genuine,0,0,0.661676671670516,0.3422063535496775,0.4681509685548429,-10,0.8807430778411007,196.99949697691824,31.2931933157973,4.058502259117319,0.1289858068459931
genuine_000671,genuine,0,0,0.7697595549341318,0.1695635496221345,0.1752375004737839,-6,0.5371419954270072,95.50372328837702,24.898147808968695,86.0060495248843,0.1025938765941442
genuine_000672,genuine,0,0,0.6390419505593932,0.3506470152266556,0.7092934182256978,3,0.3589320759872002,95.50677842808172,28.662431321337987,25.887781418690977,0.1345796159692704
genuine_000673,genuine,0,1,0.9796027851727775,0.4338491038748298,0.6329273957825838,2,0.7692376194501014,263.4685481602506,32.65665883674096,33.23329722311576,0.1494405093106206
genuine_000674,genuine,0,1,1.0,0.1246704064482418,0.3191321086196074,-14,0.4254542363061444,60.0,26.152894605757957,18.41071479535971,0.1242362162867839
genuine_000675,genuine,0,0,0.9056774254182208,0.5216319098173766,0.6327015362720452,3,0.754180850431655,242.90868275456077,20.2405139626577,139.4283293256853,0.1526714581052643
genuine_000676,genuine,0,1,0.7894930426838997,0.5404530700536241,0.628668298644781,4,0.6473943335832241,179.18109338373733,15.349614216003785,97.084341177258,0.1301133838446075
genuine_000677,genuine,0,1,0.995765679249771,0.0747251107032567,0.2929061460572507,4,0.1154993632212967,136.80934727653124,21.001318021705465,1.0027308288689625,0.1148716094520836
genuine_000678,genuine,0,0,0.5836668686556886,0.3143908044449521,0.3143908044449521,0,0.8334167946375306,125.12727597593314,26.970758660788874,39.45125104800254,0.1266179398464869
genuine_000679,genuine,0,1,1.0,0.7767277995736314,0.7767277995736314,0,0.7751629312893796,268.36783530517096,22.09900228667621,29.86008098626378,0.1533349541938821
genuine_000680,genuine,0,1,0.8099601521676512,0.4276297746101705,0.4436281374453228,-4,0.6563500625125975,307.9238700422489,31.95994380587876,5.761289557621375,0.1410713102714394
genuine_000681,genuine,0,1,0.9208848908355904,0.4038063634655681,0.4038063634655681,0,0.732991959589054,72.66429521468079,23.199471229999645,6.3159115091796565,0.12112743599018
genuine_000682,genuine,0,1,1.0,0.667317896138584,0.667317896138584,0,0.6744208322844473,204.64422938580392,25.515809763689017,95.40592595790908,0.1765306724722676
genuine_000683,genuine,0,1,0.8997379180842372,0.2877545499687204,0.2963259975557016,1,0.4462642567809718,175.12919196662628,21.209768501723644,72.66029306000843,0.1401731915766878
genuine_000684,genuine,0,1,1.0,0.5144913032452036,0.6331275963052685,3,0.6322360645659997,175.390540508718,27.183909716444514,13.46539730420002,0.1599664683216294
genuine_000685,genuine,0,1,0.918190464479682,0.4547583630839523,0.5959145134413122,2,0.699010672457555,135.57712675550138,21.32954543410604,20.587193273734897,0.1838103830918617
genuine_000686,genuine,0,1,0.9438567463931428,0.2173981625578654,0.2173981625578654,0,0.8103508934357011,200.5200239603534,30.320810067205485,0.1631038260751296,0.1178682692590364
genuine_000687,genuine,0,0,0.7318852924449603,0.4090072976550208,0.5674804169614357,2,-0.0587579088061331,181.96867035017308,17.857582544132008,5.953750869563855,0.1237998514301587
genuine_000688,genuine,0,1,1.0,0.3209111486719292,0.5450795021329319,4,0.5951528870148259,127.3498904592548,35.0,67.69170148761738,0.1373077958119776
genuine_000689,genuine,0,1,0.8978431023257704,0.3627951182968127,0.6415809634233071,4,0.6031704788120676,77.44986145989051,25.60393702179911,18.90796403443582,0.1421673218199058
genuine_000690,genuine,0,1,0.8909680127932691,-0.1733201670781427,0.2490085575288038,10,-0.1119044698949898,203.0416123436487,23.124829147937277,41.65086704121456,0.1469641490252952
genuine_000691,genuine,0,1,0.9394308387212252,0.6757144935895214,0.6757144935895214,0,0.8121206376500002,285.33585838071235,27.87102306590871,111.50859759631165,0.1317055170859231
genuine_000692,genuine,0,0,0.6964045267219074,-0.0179861771790557,0.1757215481031398,3,0.1836216677747361,201.41297380117248,21.856905569132884,54.8341160315035,0.1263257850046532
genuine_000693,genuine,0,1,1.0,0.5500183665454506,0.5692023233910247,-2,0.8511878351401037,162.49822662470075,18.956729647460307,0.1661708050522889,0.1590768784423873
genuine_000694,genuine,0,1,0.8276532420496732,0.0644077843888138,0.0644077843888138,0,0.7862327805249764,60.0,27.12609817010952,29.115428226597857,0.1109664591865371
genuine_000695,genuine,0,1,0.8539565766459829,0.4251130267086538,0.7672791916012839,3,0.4014464080711507,136.07299967485162,28.61960266867714,98.87985600577306,0.1485451695823131
genuine_000696,genuine,0,1,0.8606763427379236,0.7429100700149757,0.7496373833706976,1,0.7940869157642618,260.14768648020083,24.097272070734043,53.66174783185366,0.1758717677982434
genuine_000697,genuine,0,1,0.9032637850372304,0.4503909533655587,0.6026809037177261,2,0.6589368807831842,165.1255314593866,15.926149454150838,50.93993931511115,0.1448369580052737
genuine_000698,genuine,0,1,0.9742891692989591,0.5375349942601441,0.6491422945497481,1,0.8012730771278775,221.61198157136445,26.393131597809024,54.24232326564217,0.1405393827751081
genuine_000699,genuine,0,1,0.9673703762292928,0.3402089900718261,0.3402089900718261,0,0.6158624796522159,169.30985798109938,24.421814393527274,2.7952666719912784,0.1004997405864064
genuine_000700,genuine,0,0,0.7301649449147668,0.2449218459355457,0.3537617056809239,2,0.60821484522578,200.58696031433328,20.39941244524925,26.801240924550697,0.1282258308385267
genuine_000701,genuine,0,1,0.8400628495623211,0.4992606863742452,0.6050464768179842,2,0.5168051029412682,60.0,23.91223140003455,9.17873457102894,0.1393823477955817
genuine_000702,genuine,0,0,0.7595441512429708,0.4945239393507205,0.4945239393507205,0,0.5889441661814796,155.15949625322256,25.49747156051665,7.340426546533386,0.1220973493932845
genuine_000703,genuine,0,0,0.6719069591416454,0.2413248649958359,0.4840182113391145,3,0.5085530939940638,155.42447295888226,15.229365094997368,31.602957842365296,0.1343504787827203
genuine_000704,genuine,0,1,0.8674812943018353,0.4015196386228036,0.5378840249563398,2,0.654712237412837,126.87054162759956,19.23532489415524,34.610587526700215,0.1226955587494169
genuine_000705,genuine,0,1,0.8624587870495788,0.6385066586738204,0.6385066586738204,0,0.2230702188362094,239.4869928400605,27.877941626183077,56.008329787423335,0.1395471539269637
genuine_000706,genuine,0,1,0.8696582033621497,0.3126312008704574,0.602458682168181,6,0.6344115012152464,60.0,30.47200915034193,71.16875073821798,0.1696470315393057
genuine_000707,genuine,0,1,0.9628359351630144,0.1660745749041578,0.2339144843229567,3,0.6164213025055371,117.47634476619514,24.33257439947493,42.18037666268396,0.1407682585561251
genuine_000708,genuine,0,1,0.8659439787173678,0.1317341898580766,0.3881870822448114,9,0.7842678861008906,217.32000383745577,23.67223741218811,67.51532438536967,0.1383689560282866
genuine_000709,genuine,0,1,0.8581924117928309,0.1086532697802981,0.4365404230183912,6,0.2376596005152219,209.85568336179412,22.88946216681647,40.53531024117411,0.1390355525852583
genuine_000710,genuine,0,0,0.7236197675138438,0.4134713354589449,0.4509408127759894,1,0.8319193433708861,172.54329965619206,10.712835950561091,46.762951095804944,0.1195384935406505
genuine_000711,genuine,0,0,0.4961629475752595,0.5451807852012368,0.5588757253426563,1,0.75949913240629,249.55961983007825,27.314953891740057,2.4277935237806574,0.1594677476699444
genuine_000712,genuine,0,0,0.7161887268340518,0.5267368973256019,0.5902824781385522,1,0.6930607480633068,170.2718497252313,21.647056150957287,17.220546415891214,0.1412324888114344
genuine_000713,genuine,0,1,0.8693567727923952,0.7023340885851614,0.7023340885851614,0,0.6798553852679482,96.0227713099257,14.169240037768972,65.98460188254614,0.1852724757833621
genuine_000714,genuine,0,1,1.0,0.0179121879981694,0.3752653718316158,8,0.9030767724745576,273.1518655182825,22.05091201483247,87.80740383848993,0.1458053968823796
genuine_000715,genuine,0,1,0.8522562509949598,0.4305439824926093,0.4305439824926093,0,0.6706882089500493,302.66090279511457,30.78721643500665,40.31786116942104,0.1162520823957274
genuine_000716,genuine,0,1,1.0,0.7381445386828287,0.7381445386828287,0,0.7214968171243491,164.69401216564387,27.07423255675897,17.880653251414266,0.147984057164494
genuine_000717,genuine,0,0,0.6972607506965472,0.5647571410048947,0.7908040550518336,4,0.695965463858244,225.8971947292739,23.639663816321324,68.18819342384461,0.1912940035555219
genuine_000718,genuine,0,1,0.7958107143538775,0.6519682811903068,0.7964213098273197,1,0.7691139823550425,116.50523186136223,23.244684530674668,45.09612465699797,0.1785366163236231
genuine_000719,genuine,0,1,1.0,0.5767723869675261,0.7060292327430127,3,0.3414472208302792,224.24636971759017,34.32822993318679,50.42483154683591,0.131159748926126
genuine_000720,genuine,0,0,1.0,0.1201469159533941,0.1671540824760863,2,0.8456172230856095,110.22222250596349,19.566284510920248,49.09611981375559,0.1494070277775246
genuine_000721,genuine,0,1,1.0,0.3943848068723612,0.5036828295271801,1,0.8394999441358214,159.75389923514072,24.69151156390152,75.96468404439476,0.1254205715789912
genuine_000722,genuine,0,1,1.0,0.3335546018455416,0.590630435656734,3,0.0907029803107239,144.65201355800838,25.878022153675264,25.19099659277245,0.1893823123066229
genuine_000723,genuine,0,0,0.7450243355811075,0.6592320323520302,0.8247626210881421,3,0.1285446940083403,181.62221834043496,18.082901668480048,22.00428019904669,0.1813800763617153
genuine_000724,genuine,0,1,0.7968880076238561,0.4444291040206038,0.4846267684302245,-4,0.7180081203753731,60.0,16.23975260824283,30.559340708958764,0.1023477972266591
genuine_000725,genuine,0,1,1.0,0.2945244053033095,0.4346283991876488,5,0.7759495521720747,189.64246911362451,13.489413213300963,65.79819101499844,0.1410272388321996
genuine_000726,genuine,0,0,0.7717037189478145,-0.0765991475072935,0.1753459810664982,3,0.6150284246129537,201.68527808098008,29.075422276716434,25.709428086937766,0.1345753137233243
genuine_000727,genuine,0,0,0.73961072631977,0.6064999742088836,0.6064999742088836,0,0.4588947853325646,148.8685350011532,18.146273795227632,51.38355096711106,0.1573964023609422
genuine_000728,genuine,0,1,0.9144798414637296,0.5964650327710382,0.6545479163186009,1,0.4186977523240752,211.9817091098961,30.450993151035107,53.46941560947517,0.1232470885288595
genuine_000729,genuine,0,0,0.836939083062913,0.6309248546712161,0.6634352354221511,2,0.6549061475060681,256.33623997679643,20.918833977847505,55.135871756751655,0.1495639135803221
genuine_000730,genuine,0,1,0.8939638749352375,0.5729049637841094,0.7576371659854282,2,0.4726481076294358,140.46092092625676,25.36000695192477,53.42297847631231,0.1665660616266093
genuine_000731,genuine,0,0,0.7163812729653389,0.5373165350280324,0.5597645938030421,1,0.7944909812639284,211.4286859282905,33.16635250268533,93.1981185954759,0.1234497877761734
genuine_000732,genuine,0,1,0.9716248566230168,0.6130193233329081,0.6805646153876275,2,0.4217955465894384,218.54641601048704,22.89300427895212,139.0844404740304,0.1296848287181182
genuine_000733,genuine,0,0,0.8219034253633225,0.1776193022060541,0.2158948496490947,1,0.4891791301468861,221.35694694855263,20.61002970517404,60.71502295966175,0.105559957487838
genuine_000734,genuine,0,0,0.6963599804060717,0.6818738980030842,0.7373297861595979,1,0.7935811422009175,130.11327929618994,17.237933582640867,22.85886931242907,0.174867845828706
genuine_000735,genuine,0,1,1.0,0.4819514663128422,0.4819514663128422,0,0.8688698207897255,145.8668008836278,24.667349107520565,39.592853202330495,0.0979337202555036
genuine_000736,genuine,0,1,0.8555987628828191,0.1982017994739315,0.1982017994739315,0,0.7027516860664105,151.93246574120704,28.12558533877087,42.23917600100712,0.1200740338719886
genuine_000737,genuine,0,1,0.9058441776111776,0.1892720228482887,0.4416838854082738,3,0.8147130923378438,106.92196633905392,19.583411991873675,17.39614664112869,0.1224219208800068
genuine_000738,genuine,0,0,0.7251886209414342,0.6122296416971783,0.7321401589170197,1,0.6658421360378292,99.5907478784357,21.69808728177228,59.1924995312169,0.1706765626525511
genuine_000739,genuine,0,1,1.0,0.3439075901465488,0.4102760661047884,1,0.5248458940676103,168.88533059324394,26.518273100648567,15.646521875615214,0.1393375732173413
genuine_000740,genuine,0,1,0.9492025672047912,0.0555419806969336,0.0802493682668333,4,0.7743202097649204,149.12651281760785,35.0,31.40725750936195,0.1223697882647017
genuine_000741,genuine,0,0,0.7380302890518463,0.2098305597165779,0.3773357038864282,3,0.7981865308591067,171.6182775885,26.847320776631072,60.89645663629648,0.17079040785155
genuine_000742,genuine,0,1,0.836664478282917,0.3352244344716206,0.3586092735062925,2,0.718641553141116,161.4486736490856,22.247756263079108,67.1718583217578,0.1221091430446632
genuine_000743,genuine,0,1,0.9497054926780624,0.5769634341045013,0.6820843728186676,2,0.6224762199226679,236.4120351466617,18.50705783021623,8.331628369671186,0.1943298137849659
genuine_000744,genuine,0,1,0.934218010247615,-0.2531523876335327,0.0091694121410944,15,0.728577656469448,104.18454123139908,23.685432053752184,13.825303247762267,0.1191351298592317
genuine_000745,genuine,0,1,1.0,0.703585588675469,0.7460930845596324,1,0.7977948046779242,158.2216255438005,24.864476709367096,41.9543033256805,0.1425962802726135
genuine_000746,genuine,0,1,0.949419421397144,0.3079377026799571,0.4868060296757563,2,0.5160327568815969,273.3449846458689,16.66917665599115,2.944581469059706,0.1282827048612226
genuine_000747,genuine,0,1,0.9594747392069116,0.4555318560765248,0.4677679619198301,-1,0.5411839313212301,170.2057107724096,25.943155842975376,27.07555844933081,0.1270069272847586
genuine_000748,genuine,0,1,0.7935311741487656,0.3671515387854496,0.5056855313230171,3,0.6347147463523516,213.03993194067823,22.12244952231988,80.17443588111519,0.1143023856504263
genuine_000749,genuine,0,1,0.8310035557791614,0.2751140142363734,0.2888221623002948,-1,0.2322408133016474,62.791043304462605,17.41369830099805,30.849134454519792,0.1209584141300888
genuine_000750,genuine,0,1,0.9368380549113758,0.5637118855030936,0.6673843955141069,1,0.6834169057486614,182.74187749184412,20.369038076977848,29.694649522045715,0.1577553472805105
genuine_000751,genuine,0,1,0.8865634524634355,0.1980487777670708,0.5821635631885099,6,0.3261713832541419,135.0569498776614,27.04598098918191,35.80423305109072,0.1468409815724968
genuine_000752,genuine,0,0,0.6892935004532242,0.4338393628213718,0.7286556947766023,3,0.2841114026691267,164.41754168396696,17.35380632943083,96.38778413340064,0.1539083653878018
genuine_000753,genuine,0,1,0.9815974360767896,0.4882045697433766,0.718598477727484,3,0.6971821799446298,220.0275124358944,30.069587028001063,76.10528972273339,0.1771213009253593
genuine_000754,genuine,0,1,0.8349029624394734,0.329079553583447,0.3757482940813672,-3,0.5328522803448232,87.6684880070754,20.50456968817354,23.9084971475946,0.1244415457197149
genuine_000755,genuine,0,1,0.8871749123597829,0.1929501914038927,0.3741834545729969,2,0.0165024703557541,157.7716498802392,15.512204874721805,93.49301684595125,0.150642636751947
genuine_000756,genuine,0,0,0.7602276435591373,0.4593517466663873,0.5197489260092013,6,0.5781598069806148,161.6091246663919,21.21899510622211,11.04007159286202,0.1496030338041744
genuine_000757,genuine,0,0,0.7606254156251476,0.0174667426266006,0.1084322055756547,5,0.2967210316929409,145.28384607915893,29.824257286523974,80.37106562497888,0.125040233120947
genuine_000758,genuine,0,1,0.9842851303048216,0.0450497838406625,0.0743448932205761,-15,0.6557793045160635,198.84402394489527,10.94718508541932,40.212147589447625,0.1376076739749424
genuine_000759,genuine,0,1,0.7969740115560491,-0.2451085093782382,0.2798922313128641,-15,0.7523131329754124,194.38362541103277,17.23614399233718,164.66896164981102,0.1499328012157821
genuine_000760,genuine,0,1,0.8069044326329671,0.2762691896216165,0.4178464698994525,2,0.5412014303612154,139.1972566104452,18.6765772244108,83.5873378029689,0.1272546645497752
genuine_000761,genuine,0,1,0.8575645809157567,0.4412489345427658,0.5414351040691783,2,-0.0332614867424673,108.79031827061092,18.76080099150631,80.1227878917897,0.114113519697821
genuine_000762,genuine,0,1,1.0,0.4677118279704824,0.7903610013137988,2,0.7792727993884503,183.9020543705818,12.258070168262442,41.5106231207354,0.1568241483504253
genuine_000763,genuine,0,0,0.7751686026894549,0.6963145089971974,0.7911230046631317,2,0.6471610139448003,124.41683365684224,31.329427545946544,22.384967627047203,0.186027304340704
genuine_000764,genuine,0,1,0.7907582759878314,0.2881661726657411,0.3613203637375748,2,0.6546794179044091,130.6651503146858,32.34440175753686,41.598657429186254,0.1170601419094524
genuine_000765,genuine,0,0,0.5822341254315861,0.0497807751887375,0.344477378995947,-10,0.464517104370742,196.20773580861527,22.875048452734816,52.56477432914664,0.1275610238380413
genuine_000766,genuine,0,1,1.0,0.4650925140613733,0.6218314966524997,3,0.5501099099056758,214.86035863370117,17.73732392477134,82.02175408483615,0.145357014711692
genuine_000767,genuine,0,1,0.9950538086297148,0.4004314036557,0.4004314036557,0,0.486369129000433,195.3329550915913,27.618374035333183,15.14274235102998,0.1086975627580511
genuine_000768,genuine,0,1,1.0,0.2083958716885572,0.4243386870158118,2,0.7695058705617431,60.0,25.24532866223453,88.82715941360291,0.1079340367787369
genuine_000769,genuine,0,0,0.6370166756597182,0.2659965724880978,0.8364186292960338,5,0.8535121336743595,245.5808418511819,16.718935674291895,54.05128850829705,0.1979008032803202
genuine_000770,genuine,0,1,1.0,0.5178125886062054,0.5840324718405497,1,0.4837029233515193,165.893265252549,24.377172754848168,47.80966904629804,0.1136723362787004
genuine_000771,genuine,0,1,0.8542267391130733,0.1102480594596418,0.3539356807986171,-15,0.6609267002639592,61.58783992248324,25.1921094322814,8.480069322815773,0.1309002439244617
genuine_000772,genuine,0,0,0.9142699424536628,0.1873414780475708,0.6295534211764563,4,-0.1192809388094466,176.70400985227482,30.24336080598661,95.60411589097168,0.147132423844823
genuine_000773,genuine,0,1,0.931957899936416,0.1882341458200491,0.3594902712841968,2,0.6583335205413241,68.28696153434541,19.404521912770257,14.18101215902663,0.1409404459149371
genuine_000774,genuine,0,1,1.0,0.1269178164071301,0.2260548998372327,2,0.0499670365253254,78.2509402984864,20.34740568616304,72.76231223754846,0.1291056653151817
genuine_000775,genuine,0,1,0.8699309249376634,0.3955939042652427,0.477514604979592,1,0.6821150026965094,226.23136251629276,21.552919237570517,53.05773637286673,0.1533875411482936
genuine_000776,genuine,0,1,0.9464730075029516,0.7542298155372833,0.8122282122244836,1,0.5782767555772056,127.19730585258068,18.801812174637107,82.56597365421956,0.1547787256409223
genuine_000777,genuine,0,1,0.9110337275507964,0.4595369993734623,0.6575277298822302,3,0.375978521268419,199.4635364145391,26.46203036282865,58.04819476658744,0.1392268502349652
genuine_000778,genuine,0,0,0.7717831285294052,0.6300182790964651,0.6474072005357803,1,0.4256725532531009,319.0324645477102,25.116451145659312,66.20960226589634,0.1452714259193227
genuine_000779,genuine,0,1,0.8990651363452411,0.7835728989212966,0.7835728989212966,0,0.6895347536996207,162.742223491009,18.523285678478832,79.3077912752816,0.1689243326292388
genuine_000780,genuine,0,1,0.8298503792464027,0.594503288134249,0.7057069229075104,1,0.7672988612363245,220.0058394196988,22.49957561634035,24.767205261838924,0.1317556867731417
genuine_000781,genuine,0,0,0.8755592616810739,0.6410101461248588,0.7399584750965466,2,0.7045554005621549,89.14502499103955,17.074745360633887,162.0515203790967,0.1839295022610921
genuine_000782,genuine,0,1,0.9392406402971928,0.2672198493051884,0.328624132902223,2,0.4949836161692689,60.99231133286163,21.923642090684645,82.03456977680526,0.1153663486115668
genuine_000783,genuine,0,1,0.9121509665541,0.7367841491603128,0.7367841491603128,0,0.6891149168914996,60.0,29.04184218489638,10.333075770189131,0.1639201303545256
genuine_000784,genuine,0,0,0.7475327964557348,-0.0973474786104153,0.1274105062530348,5,0.6545896648748657,289.83421767053767,19.003292556779417,32.293902196967295,0.1154458437629653
genuine_000785,genuine,0,1,0.792616269532254,0.1383541700341539,0.1383541700341539,0,0.8239180917088712,263.6577932088261,30.60081807480354,15.143667477505218,0.1171532094163426
genuine_000786,genuine,0,0,0.7673715635143898,0.0785223760980985,0.3484498253676069,6,0.4151518126542896,60.0,27.1145691742106,151.13908372566837,0.1408428982266228
genuine_000787,genuine,0,0,0.606819665784095,-0.1938144458414908,0.0577821620639621,-10,0.6713763689435486,124.11158685797696,28.83086416391868,7.032128064118901,0.1115358240400846
genuine_000788,genuine,0,0,0.6792948597830246,-0.058026612756694,0.0506796579418969,-15,0.4157186232640865,203.55038628239024,26.238388411584687,64.8759274847596,0.1343415815775546
genuine_000789,genuine,0,1,0.923584935301074,0.5366303363459978,0.7232840782822365,3,0.8750032129702016,60.0,25.507877188566848,36.335480258190245,0.1619722715281138
genuine_000790,genuine,0,1,0.9946284153285796,0.4395458370792167,0.7623862807415521,3,0.6801471748991633,170.2561949504611,26.49346977969689,80.1537962844248,0.161602127901821
genuine_000791,genuine,0,1,0.9326133119673032,0.6179493616105202,0.7766744886725335,3,0.6938731479873677,138.47331240521868,17.947003967481017,115.5753309058248,0.184927929289385
genuine_000792,genuine,0,1,0.947702629029218,0.5142979130334887,0.5148960892795111,-3,0.7274231975777532,164.09806367413148,24.857076586888148,117.41598800831952,0.1436442653395462
genuine_000793,genuine,0,1,0.8088186894501161,0.0187679728889771,0.3299589242170691,4,0.4992371463051309,60.0,18.83601070324096,50.38161607631989,0.109338032943389
genuine_000794,genuine,0,0,0.7495074029511345,0.7523363914401,0.7523363914401,0,0.7689495384844042,273.7581490368473,32.65773497627085,2.512519224243384,0.1513659934002
genuine_000795,genuine,0,1,1.0,0.5418097606499666,0.5745949334110853,3,0.7435859070883905,60.0,20.68472339964833,31.9965744933401,0.1459468890639765
genuine_000796,genuine,0,1,0.9135170774996528,0.4147753413683059,0.4219535740069367,-1,0.6512856795685991,172.21390351736255,29.76430176044851,78.22325160010683,0.1287959869697038
genuine_000797,genuine,0,1,0.7925254034237468,0.5019654465224054,0.6666005856848733,3,0.7326179645576878,93.11645828313236,19.45454346665709,14.506021188667772,0.1600552613187087
genuine_000798,genuine,0,1,0.9361903374489136,0.0800190493531367,0.094564469514195,1,0.6789830322156573,189.1057605357855,28.97826163147301,128.48623392293402,0.1419110944511405
genuine_000799,genuine,0,1,0.9254072961171064,0.559806495057898,0.5909451076935784,1,0.7824224762287741,84.98393972260743,18.51466698524028,114.399310764593,0.1668851564091945
genuine_000800,genuine,0,1,1.0,0.4894560992440607,0.4894560992440607,0,0.6831021715983424,289.8020233420341,17.690801335167944,109.89889957786956,0.1357889275665801
genuine_000801,genuine,0,1,0.9687056912141768,0.3989903112121898,0.4050483138377224,2,0.701034915320924,168.66761842628992,25.83930856036885,9.793060036512571,0.1434047333331031
genuine_000802,genuine,0,1,0.9019703402157142,0.3706702141322127,0.6027841951746076,5,0.6317282903164112,64.58053834355502,21.578148431624083,9.345874579970108,0.1551060261548506
genuine_000803,genuine,0,1,0.9935121436130944,0.2424527474107709,0.5870480557501352,4,0.3922549858138333,180.00450355547028,23.23118813522484,140.19124858351313,0.1353701256962026
genuine_000804,genuine,0,1,1.0,0.1469288793490317,0.3964256465151742,5,0.5632101819859296,127.06423293917194,23.90030174781797,36.50080819329263,0.13494659259675
genuine_000805,genuine,0,1,0.9697926087369816,0.203455398890846,0.479104173585215,5,0.6660218321289868,96.40292275902196,35.0,100.6569299276421,0.1352271553096325
genuine_000806,genuine,0,0,0.6733719459852272,0.0025153927837329,0.4891780848123981,-13,0.3850482305908574,129.10406231206383,31.34490706479515,60.71587978284641,0.1571097203586669
genuine_000807,genuine,0,1,0.949847186486238,0.5793072741203251,0.6513732095439517,2,0.6765536474634077,218.13799632579983,30.89600410261449,26.675774591655497,0.1201085522142577
genuine_000808,genuine,0,1,0.9949561999279048,0.3695774330628001,0.6562476487650927,7,0.270152658080258,60.0,23.3765266695151,117.64296856499254,0.138662368712427
genuine_000809,genuine,0,1,0.8728297773539099,0.6054572997675954,0.6838512703514191,3,0.7402646542184095,305.8117456340036,18.410188315832524,11.455353065675112,0.1317358229347042
genuine_000810,genuine,0,1,1.0,0.239057173211677,0.4301621107034618,2,0.6257890785293818,80.53072857594331,24.58534763726193,29.9533375870204,0.1433961271219549
genuine_000811,genuine,0,1,0.9337682754585248,0.0463326313901324,0.275337615482203,6,0.7365520459877951,239.38499443836923,25.72706184092177,36.39772655128023,0.1179840516565809
genuine_000812,genuine,0,1,0.8627704707161159,0.2253905757213957,0.2486476182299523,5,0.1350983494491139,60.0,18.020829480977888,32.54133289302412,0.1335278575952854
genuine_000813,genuine,0,1,0.955824115839055,0.3921817609408596,0.5500314133071618,3,-0.1171666741003257,79.90248224171054,26.247238212389966,64.40863996541255,0.1156386147723507
genuine_000814,genuine,0,1,1.0,0.0635790144049202,0.3786470963669712,-15,0.739513134444399,248.5036543398944,24.819805150457384,83.21506361188466,0.1432368980406096
genuine_000815,genuine,0,1,1.0,0.2044296870879988,0.2471536869139114,1,0.7863637998391143,97.7842193115461,20.171444051979336,79.75548380830807,0.1066194545544218
genuine_000816,genuine,0,1,0.8133687503188535,0.7982760833324303,0.7982760833324303,0,0.7854634464809453,60.0,23.63173705016692,38.75923948099296,0.1532135752760947
genuine_000817,genuine,0,0,0.591283479980786,0.3354479233632633,0.5289040329858289,3,0.5501522077201141,93.59102208227122,21.316971059078494,6.236383487978607,0.1446870308565617
genuine_000818,genuine,0,1,0.948288035794126,-0.1241524097221171,0.3794163178720941,-15,0.7458765003510855,156.6251631775835,16.80791890587455,17.615102146398478,0.1103450914489188
genuine_000819,genuine,0,0,1.0,0.0889838998001884,0.3283586826206122,6,0.728212621695038,263.0828460744444,29.368101397494407,40.87346176958849,0.1284916947912968
genuine_000820,genuine,0,1,1.0,0.0154475225471889,0.2563688417773552,5,0.6437759820099558,79.39514462563172,18.18686026002972,107.64210966029124,0.1172434734521613
genuine_000821,genuine,0,1,0.8858196881912124,0.6090061835096022,0.7824510348189184,1,0.5046836007798525,152.7483376991442,23.607444565501854,25.919012499806115,0.1582439540009173
genuine_000822,genuine,0,1,0.8899113260964678,0.3014849148290831,0.3014849148290831,0,0.6029536430249262,75.76890412907095,23.88069832645418,62.73409599661363,0.1183545129806516
genuine_000823,genuine,0,0,0.6981547632041724,0.638732150452716,0.6564439288137035,1,0.6129415078026345,204.8916477005789,32.58906959414125,37.5989747043078,0.1355687020290683
genuine_000824,genuine,0,0,0.7076628405719035,0.279577436034897,0.279577436034897,0,0.8300013035885307,173.65867342463517,19.052152621067837,20.4412164696989,0.0964721528602379
genuine_000825,genuine,0,1,0.9145061753777788,0.5086346845281304,0.5360340502350414,1,0.4718062326716417,161.83844320268807,25.570770533125778,111.64512955093308,0.1292182880097709
genuine_000826,genuine,0,1,0.8995923444236358,0.401222080334175,0.4984475017433584,2,-0.0779040110480187,241.02276163859148,20.00589034359237,106.7079657389314,0.1199960404445849
genuine_000827,genuine,0,1,1.0,0.6326991138098196,0.7161758541975373,3,0.7531063617925526,119.269366343297,24.461013534564195,5.614981388972147,0.1587991986056642
genuine_000828,genuine,0,1,0.9636902871213197,0.6512304219007375,0.6512304219007375,0,0.5621417084670647,114.81878809628782,23.35205312850243,91.2062810545198,0.1680436488487949
genuine_000829,genuine,0,1,1.0,0.7039848654916354,0.8613957430218866,2,0.7585282851028482,186.4876283870204,19.969160436859333,65.82693421815858,0.1755355715083655
genuine_000830,genuine,0,1,0.7989609223581587,0.4340531127385744,0.5134109426191823,-6,0.8167764732565362,74.2984488996025,29.00414598173643,53.00147041194671,0.1430973225109913
genuine_000831,genuine,0,1,0.9274021033017964,0.475590496506272,0.6273819262370619,2,0.5525775539838407,224.6042104675764,20.132012763856928,65.3316776708943,0.134100704511572
genuine_000832,genuine,0,0,0.6827506647163235,0.5256751598090323,0.6172513275396264,1,0.2895384918847288,183.3608252307557,23.97192978798772,90.71182126354572,0.1606641156549166
genuine_000833,genuine,0,0,0.5988900860933335,-0.2920065168773741,-0.2501154581951283,3,0.6545637085892507,60.0,27.17909364085016,45.910282881646616,0.1070012165594338
genuine_000834,genuine,0,0,0.7422091024354464,0.6358782354326041,0.7845959867863701,2,0.6310833829458314,252.31859945720356,24.233577737087707,37.73165626121481,0.1596136712665406
genuine_000835,genuine,0,1,0.785649062450342,0.3053145006021774,0.451715285127966,4,0.275690851403597,95.07681223893306,27.036596177266155,104.98234359697604,0.1491209556839242
genuine_000836,genuine,0,1,0.930118527539284,0.415474513710491,0.5135324399959025,1,0.7223967123924458,194.7287739821384,35.0,35.50335565220295,0.1438497994426948
genuine_000837,genuine,0,1,0.9673217454851468,0.3847975538855971,0.4670399642991391,1,0.656611643030259,194.55928152833764,22.44072576688619,85.28923962822691,0.1381977109970794
genuine_000838,genuine,0,0,0.6825249082394552,0.4533310194054935,0.5000574375250016,1,0.5182668631092803,270.7846948867495,17.04436778378053,100.59265197849172,0.1353664852685607
genuine_000839,genuine,0,1,1.0,0.4704619509408989,0.6024238294568351,1,0.5736055037393265,60.0,17.637381828426633,35.28562637924782,0.1270578528565082
genuine_000840,genuine,0,0,0.72760873674279,0.2218914467387002,0.3337458932644006,5,0.5990735386575511,180.01919338933132,20.591354566475225,23.588711681507537,0.1401426796335275
genuine_000841,genuine,0,0,0.86361818818378,0.2504668941789857,0.4117650782595236,2,0.6578797437428721,196.602182269056,23.41977018446172,74.88862478258824,0.1497156936725816
genuine_000842,genuine,0,1,0.8208909654600323,0.4562944153766822,0.4987664820196981,-6,0.5703422916242203,249.49770718421465,32.11958423387232,86.87927402462796,0.1437708177377397
genuine_000843,genuine,0,1,0.880954927772509,0.0906502657992242,0.1602708634076657,2,0.6236353272100292,224.4421503736886,19.122888739474973,136.46610853632592,0.1318030866931892
genuine_000844,genuine,0,1,0.957396096800598,0.5369805372847203,0.5369805372847203,0,0.4939500848943824,252.78754802014907,27.314420067821057,88.13526289917485,0.1157246929214577
genuine_000845,genuine,0,1,1.0,0.0026788263097085,0.2337621538496392,-15,0.819334375029453,178.06477659632557,27.965467195358546,148.77577050043138,0.1334156207902274
genuine_000846,genuine,0,1,0.8331874027259013,0.3394535632548627,0.3933921115029007,1,0.2556910654116974,140.37578262898123,19.66818962324704,12.22203428046479,0.1503615062391664
genuine_000847,genuine,0,0,0.9082395350493148,0.5186141349820784,0.7092582011995249,3,0.5844047428589447,402.495080631302,30.54660783016643,109.9705626840754,0.159196848324002
genuine_000848,genuine,0,1,1.0,0.662445487423919,0.667425377628137,1,0.6541193186991113,148.43361017788536,29.434523633143435,21.349171554195603,0.1909692712775713
genuine_000849,genuine,0,1,1.0,0.4280661313395391,0.5285749587630021,6,0.5165771631645776,238.78838402967128,21.59684748033517,13.89675810391416,0.1285329458723597
genuine_000850,genuine,0,1,1.0,0.5716069927467409,0.5716069927467409,0,0.8076376156932651,132.07838213516175,28.851170985209805,100.88308744320784,0.1569746456039604
genuine_000851,genuine,0,1,0.9718749557816964,0.5093713033722527,0.5093713033722527,0,0.4459844174792101,239.5594465147233,25.334112236462303,10.419797567923766,0.1054166432586152
genuine_000852,genuine,0,0,0.7714062475306305,0.7728998112671295,0.7728998112671295,0,0.858474682096973,193.266837652674,18.66030361496932,60.61217785209087,0.1380034083333861
genuine_000853,genuine,0,1,1.0,0.1070760802929436,0.1267343102982579,-10,0.5521795297513789,82.43892696219345,30.44621830643756,29.62425248060748,0.1254772726075495
genuine_000854,genuine,0,1,0.8396949285687788,0.447983542218498,0.643083814021928,2,0.5365629916780975,214.8516169438157,26.31046207630755,75.1344402037162,0.1709523077143685
genuine_000855,genuine,0,0,0.6419089639965256,0.1927616586975187,0.337689764721176,1,0.6197499696255369,216.8155486601368,27.95917846517768,31.40328491218719,0.1185586145328941
genuine_000856,genuine,0,1,0.9535201009336964,0.3215597308413985,0.4364000366109148,2,0.6495968056626568,179.70144655812,18.8690755026745,53.07222168690224,0.1126983706186955
genuine_000857,genuine,0,1,0.7897925189024039,0.3795702991036654,0.3795702991036654,0,0.5967406450596314,188.04846435812252,7.167051185278211,66.54176670615269,0.1463944897891667
genuine_000858,genuine,0,1,0.9099673486263342,0.6024544181844336,0.6024544181844336,0,0.7447216729457542,188.83790016606417,23.21860712757249,72.44038784362523,0.1594077202534073
genuine_000859,genuine,0,1,1.0,0.3746851184954919,0.61846473837277,2,0.7388895729837941,316.22869736318694,26.37424778952848,90.56385236502368,0.1611609597740669
genuine_000860,genuine,0,1,0.9811218561468584,0.5466356707507268,0.710849062759219,3,0.2722638871027012,63.522636269903046,24.11960444365929,27.635052033736333,0.1637339251567599
genuine_000861,genuine,0,1,0.8332396156186737,0.3334647230811648,0.4881312648052066,7,0.2902779864551641,207.75144869261044,19.67007987574877,53.29447953215066,0.0975431979317211
genuine_000862,genuine,0,1,1.0,0.2159330686541944,0.2660807259943986,1,0.784169059083441,119.81236733220015,19.29413470184888,70.4366077975885,0.1376374981029224
genuine_000863,genuine,0,0,0.583830622216853,0.6148516954059358,0.7036512897725775,2,0.4803499191003145,205.87114907938548,17.231792819501436,18.361794395684395,0.1345716165766792
genuine_000864,genuine,0,0,0.6555121400129418,0.7404221769360748,0.7404221769360748,0,0.5160487830889069,205.14709238168015,24.09360689722045,33.8837494291063,0.1538348080535829
genuine_000865,genuine,0,1,1.0,0.3122515206599371,0.4690224600234557,2,0.6414379326787796,129.08715858113527,22.202115075134227,45.23577506610855,0.1230699352811299
genuine_000866,genuine,0,1,0.9457231690745688,0.6581053482792878,0.8400579940504769,2,0.530348852376006,292.12413948992963,22.56822167335808,75.93629364876674,0.1706325465969657
genuine_000867,genuine,0,1,0.9947770154695648,0.3576933967049563,0.7217467797816887,3,0.6986872124089756,126.6763249057126,22.311881274489416,65.64462446363945,0.1642504562504353
genuine_000868,genuine,0,1,0.9323423282694198,0.7701535856093407,0.7701535856093407,0,0.3624921310711657,229.59551262555283,15.096819671004024,57.17291757976584,0.177799938379009
genuine_000869,genuine,0,1,0.999127104229138,0.1968822370191832,0.3804744338953718,6,0.2881195553139238,212.1520136376464,19.70541895522682,20.99364746407825,0.1449099089099337
genuine_000870,genuine,0,0,1.0,0.4216747394143522,0.5207591053871468,1,0.6564154799167616,60.0,27.81013563946616,94.1830385466239,0.1415025236416291
genuine_000871,genuine,0,1,0.9175906523127816,0.515393871048739,0.6540239029016945,3,0.817182044803434,60.0,28.433561020797665,9.338756690543311,0.1425604551613549
genuine_000872,genuine,0,0,0.764666878892409,0.1333737559621405,0.136445657888801,1,0.8310146680332953,196.40366056572253,19.817374054012223,27.075645424219346,0.1181106663798582
genuine_000873,genuine,0,1,0.9376686787637488,0.5025955886929934,0.5676165917281689,1,0.6765607588467005,197.85819999622123,24.72752697234866,12.422592724783222,0.1335210904404829
genuine_000874,genuine,0,1,1.0,0.5867354527525649,0.6028898537781978,2,0.6271909735542529,180.01159495568675,22.51133666261937,83.10706720243081,0.1355538192504459
genuine_000875,genuine,0,0,0.7561173908182979,0.1999038235943415,0.523807336739388,3,0.7047787268046636,206.9253545456066,25.32518557145722,58.96809588635675,0.1109122655670678
genuine_000876,genuine,0,1,0.845451053481104,0.6402318963089634,0.767939028851481,1,0.4628455286899743,166.57474818622364,13.793948541310568,7.284364286162173,0.1453750320146651
genuine_000877,genuine,0,1,0.8219395576011598,0.463425724896783,0.7404372773098432,3,0.1115378053235525,180.52299679164224,20.55081039475941,38.17551006195394,0.1717976799251982
genuine_000878,genuine,0,1,1.0,0.147754644242772,0.4246879090430731,3,0.523943829514634,120.40908408410851,19.465206457096027,38.75048521785845,0.1558946501844522
genuine_000879,genuine,0,0,0.7413432126884466,0.3464374867575568,0.3464374867575568,0,0.4496614041208729,60.0,17.892665908037095,4.41906880766598,0.0907973261838656
genuine_000880,genuine,0,1,1.0,0.410273405097551,0.410273405097551,0,0.5576764163292289,86.53435197899266,27.737962546349745,3.1137940900205976,0.1213203495272346
genuine_000881,genuine,0,1,0.9524323277586456,0.6211883063117567,0.7586909788543207,3,0.740491140289696,171.3678180394498,29.0708334531195,22.812133182105768,0.1620547231116596
genuine_000882,genuine,0,1,0.8164471107568156,0.5709553448429535,0.5709553448429535,0,0.2851426084254779,81.2856091744354,17.32578592382255,189.07886579395728,0.1562685225208916
genuine_000883,genuine,0,1,0.9525007298752955,0.7595778499335599,0.7595778499335599,0,0.5410109212027086,69.50235820566641,27.85664706265182,81.09615447906057,0.1894255914368504
genuine_000884,genuine,0,1,0.7924053643580591,0.6927316686366493,0.6927316686366493,0,0.5394742479748819,117.69214401333888,21.583612619432188,94.87995444026704,0.1587585043452024
genuine_000885,genuine,0,0,0.6422196297004268,-0.1136548847623368,0.3581908850136814,7,0.437669248631296,104.80127422428168,19.012996336958352,10.480053600970392,0.1258935273837972
genuine_000886,genuine,0,1,0.8536113313995607,0.7725946333575462,0.7725946333575462,0,0.6539737972556746,140.35505003255994,24.87906522712933,33.48273915404833,0.1752724180887586
genuine_000887,genuine,0,1,0.9757796297952857,-0.0808196216296381,0.021800443978881,8,0.5088309924538844,62.955645599538485,30.53309292351205,47.49252468261104,0.0854445151525377
genuine_000888,genuine,0,1,0.8453024071441229,0.2290427819868702,0.3662686515167195,3,0.8135207532186097,193.2934847893312,28.58343518115495,79.74900382602425,0.1369092479351911
genuine_000889,genuine,0,1,0.8697398063248677,0.4092560343984595,0.6198702680837221,2,0.6274651332368703,199.3670677056552,29.379569204798766,1.111811816218541,0.1726933803319091
genuine_000890,genuine,0,1,1.0,0.2732289291808763,0.2933530315911389,-2,0.6455013290621268,197.06455346018035,31.67073038076496,112.9044337717364,0.1323175756915726
genuine_000891,genuine,0,0,0.7716757327885868,0.6765127666204689,0.791262282674169,1,0.6002059564830208,131.50868004960105,22.654695490483046,52.10827559113569,0.189044356417487
genuine_000892,genuine,0,1,0.8251729606681046,0.4388215587398397,0.4388215587398397,0,0.6239691137696463,112.31979199685172,28.660977890373445,10.612390356773872,0.1041346038574748
genuine_000893,genuine,0,1,1.0,0.5581530564539943,0.6324392597345334,1,0.8594530912754333,170.04604981040922,22.587882433254904,67.81852488457564,0.1207911624122658
genuine_000894,genuine,0,0,0.9746260455833872,0.0577151563584858,0.2953341052614542,5,0.6085182021580432,164.2089253683962,24.367536653610923,99.2677975294938,0.1221929150258289
genuine_000895,genuine,0,1,0.979263324772006,0.001186621590376,0.0416998621918564,6,0.5659367611098514,153.08335024158183,35.0,201.063310840556,0.1331635670188658
genuine_000896,genuine,0,1,1.0,0.2946213117091704,0.5074385432830544,5,0.7121865432481542,181.55116366763215,21.331706552260517,30.6113838789775,0.139321072327022
genuine_000897,genuine,0,1,0.9090328511438424,0.1327374886085026,0.3095572621946481,4,0.6274614195964795,102.3450091834903,35.0,30.281747436722227,0.1357401019756464
genuine_000898,genuine,0,1,0.795724824374175,0.3129785057603209,0.4157212988891836,2,0.5825870773419264,90.70061471512533,12.039447069700326,50.03991095057817,0.1392006136942486
genuine_000899,genuine,0,0,0.6960258370547955,0.1518294621522481,0.2191930124924502,-13,0.6459263441473294,129.8844657446516,24.566319330513625,130.6496328127163,0.1255464252898518
genuine_000900,genuine,0,1,1.0,0.433405685965338,0.550222676355672,2,0.7375938640233374,113.77225570454657,21.74624418754936,45.42306468967148,0.1235940447541558
genuine_000901,genuine,0,1,0.9238123177202776,0.1453539629315323,0.4370546685713471,12,0.6855436752518297,187.25924401419496,20.92431984893614,47.191556332897136,0.141684546228695
genuine_000902,genuine,0,1,0.9340816928618542,0.0717404369641554,0.2668038862559489,3,0.4280477200920197,118.7641313127268,32.62974402066499,50.39487105912508,0.0981406337642334
genuine_000903,genuine,0,0,0.6756846895371553,0.5147753478984773,0.6867232825975857,3,0.7878249400821324,109.58327001061348,29.489206095623988,60.36921823087034,0.1661187556171978
genuine_000904,genuine,0,1,0.9372692782118316,0.5684664020551903,0.5684664020551903,0,0.2822524429587963,106.21115786005616,13.878645502018296,32.936358731363455,0.164265146815202
genuine_000905,genuine,0,1,0.8423957685433575,0.6256342791756377,0.6617965703728084,1,0.757781337459207,60.0,25.05378790961078,13.821254409899584,0.182982584401266
genuine_000906,genuine,0,1,1.0,0.7462600080832131,0.7462600080832131,0,0.869288745396979,161.509684422106,24.590721263823948,43.062861860390186,0.1596975131253331
genuine_000907,genuine,0,1,1.0,0.2542188854576527,0.3453562952795642,2,0.512040033779356,156.44810403879438,22.089764406648733,62.67914433223939,0.125009682794868
genuine_000908,genuine,0,0,0.594705557551297,0.6195960080482634,0.7396583639453949,1,0.7061100177128073,132.03787245285423,20.6212517595467,31.58383162441779,0.1560016747361241
genuine_000909,genuine,0,1,0.9477990839470344,0.3047252153144744,0.3278758678986586,3,0.7311972598602076,136.19103565622217,18.20899829786633,60.73891222101165,0.1362487535230768
genuine_000910,genuine,0,0,0.6819942122491655,0.7109137566470726,0.7109137566470726,0,0.8028950242824083,75.19335928731955,19.24113523698454,44.25170514549156,0.1454040813921993
genuine_000911,genuine,0,1,1.0,0.4667940464526907,0.628769544008384,3,0.6221851376952863,60.0,34.08559024026159,1.308931695328205,0.1593080901105727
genuine_000912,genuine,0,1,0.8545823555672496,0.4099388500118474,0.4099388500118474,0,0.7124225823932968,195.1299164580618,28.754104060505057,8.414238119026862,0.1286609934109841
genuine_000913,genuine,0,1,0.9282860155846292,0.0647466833095656,0.3124677304887251,5,0.7086174048258462,156.7274697028987,23.66552669300032,27.46504192655121,0.1377462684523712
genuine_000914,genuine,0,0,0.6862758392902162,0.5674060344913847,0.6765062589031188,2,0.357097913896208,272.7218989901821,29.78800915372083,8.366263094848527,0.1298438935884105
genuine_000915,genuine,0,1,0.8921878359066309,0.6591129897819965,0.7246627405511613,1,0.5347724455643255,298.1420454872932,23.916775587308702,12.046576794850893,0.123698639099173
genuine_000916,genuine,0,1,0.8172748447009924,0.0113288066499925,0.1311566195004094,14,0.5705452149618638,176.36392879671692,23.423771547515432,32.56296137577041,0.1293133195468364
genuine_000917,genuine,0,1,0.8230971834282036,0.5709458783650213,0.5709458783650213,0,0.4859509948961409,71.55398899204344,26.741330190266225,43.90079035356791,0.1197146398117958
genuine_000918,genuine,0,1,0.9552897500019644,0.1226618590414171,0.553809090797098,6,0.7175785319187422,84.12001874984834,26.568546933180443,117.3484088893352,0.1296592025960168
genuine_000919,genuine,0,1,0.889039270771079,-0.0743906564663966,0.1924634304126322,4,0.6647180202000917,60.0,24.23690780887312,46.05716991282723,0.0963751399748743
genuine_000920,genuine,0,1,0.8700050577478653,0.0686562598127731,0.0957435153794997,-13,0.7054586599272317,140.7101233167131,20.92551603058186,54.192784839108,0.1027378942645419
genuine_000921,genuine,0,1,0.9520554938403376,0.3678848387085829,0.492360176775225,2,0.7610447364451504,79.64573705906481,17.949330055494066,57.78243014214911,0.1490082618908084
genuine_000922,genuine,0,1,0.960150067922695,0.3812220033434347,0.4528262398381965,1,0.5351074518712312,268.0401413510607,19.53010025095976,126.06579218137276,0.151647851918882
genuine_000923,genuine,0,1,0.7934895495009923,0.5730841578845308,0.5730841578845308,0,0.3844633382475855,146.2309696740241,16.479692829011093,86.17049904214448,0.1263030757747945
genuine_000924,genuine,0,0,0.6958935669484498,0.3961482830508263,0.4140830054469351,-3,0.536858629680201,211.15849798366077,21.9749115912457,33.428595155758984,0.1220344913325346
genuine_000925,genuine,0,1,0.9590474450973884,-0.1473438828381308,0.0558123625557606,4,0.8352572778513419,163.0901424688961,26.35088257888716,34.82870575104302,0.115698390602
genuine_000926,genuine,0,1,0.825121905235318,0.5517543763441014,0.6762314567746793,2,0.4752028846034515,109.2321498926568,20.09628119742692,41.55897064890116,0.1244541155779905
genuine_000927,genuine,0,1,0.9697375146313144,0.5654332856708699,0.5758184813796173,-3,0.7603197598449845,121.0935797190444,26.515417290304185,109.8223329624874,0.1233045510744981
genuine_000928,genuine,0,1,0.8901337169987947,0.3817087078941856,0.4609818181528113,1,0.7472717001475772,164.33223754260806,29.613680350840493,51.84846208330065,0.128554987591782
genuine_000929,genuine,0,1,0.9764682751649744,0.0974794590841915,0.131390690419213,-1,0.2789863502504235,226.5765895637391,23.59646355520863,0.656872556106201,0.1436458275030405
genuine_000930,genuine,0,0,0.6211985680916117,0.237214768295454,0.237214768295454,0,0.5363915007232111,60.73271708137096,25.12269706990467,100.87913001140636,0.0935815934250247
genuine_000931,genuine,0,0,0.9742276528370424,0.3447242068040386,0.5128929676234362,6,0.6199672094599851,138.50652855643827,23.128372483118277,50.50543927470699,0.134443577342969
genuine_000932,genuine,0,1,1.0,0.5952601808757817,0.5952601808757817,0,0.6466008999357367,185.8028522483993,15.48659112764015,24.04044571849829,0.1364540495192627
genuine_000933,genuine,0,0,0.7399366137346726,0.1488837955300852,0.4939558351050195,6,0.6897663841487225,188.7167146747649,11.363117802851104,6.359598328003706,0.1283121981441694
genuine_000934,genuine,0,1,0.911151673461628,0.6627676993269651,0.6627676993269651,0,0.4246891730229103,83.41850290139121,26.28470206150955,59.23435328457457,0.1499528217090726
genuine_000935,genuine,0,1,0.8121655417199026,0.6673786881265175,0.7119411992605303,2,0.7393220013667541,65.38622556846357,32.65819199516865,49.78293061157273,0.149058953185696
genuine_000936,genuine,0,1,0.8390928873538498,0.5582821937687507,0.5582821937687507,0,0.8158769609269493,81.25590958064035,31.768051194435458,90.297059865151,0.1424103724439768
genuine_000937,genuine,0,1,0.9227700028179868,0.4115967517077678,0.8495696054272217,3,0.8263866291615205,100.53659108703413,19.416028019284965,30.637092126083783,0.1818897990146635
genuine_000938,genuine,0,1,0.8134732731904448,0.3943939968016202,0.5916127148633559,3,0.7535238517601939,126.37894264056403,22.922137003673924,28.76372897498793,0.1319115363934741
genuine_000939,genuine,0,1,1.0,0.7332829792228784,0.8034180090685824,1,0.6385519606425838,162.84390789474736,20.300316221681243,26.10229679334404,0.1532173241655109
genuine_000940,genuine,0,0,0.7580966076102167,0.4286515265571815,0.5846962732354862,1,0.8852972350419279,220.97917507363596,25.159673169540497,31.95019066792751,0.1581634973545896
genuine_000941,genuine,0,1,0.8810766723857522,0.5577854037635915,0.5577854037635915,0,0.7221223927365855,61.77387607694371,15.780901927106571,84.68342344028054,0.1544244090552791
genuine_000942,genuine,0,0,0.86824750601466,0.6371119068757563,0.7597695427809901,2,0.2076650674293025,172.9527428277925,35.0,108.58732079693254,0.1255161546578266
genuine_000943,genuine,0,1,0.8724246276034425,0.1306227215569127,0.2953809536097044,-3,0.5367959239804,113.80772248598552,22.6924231436264,50.949734493717365,0.1129773257630503
genuine_000944,genuine,0,0,0.7162980538432777,-0.0152528902911357,0.2361412755165616,-10,0.3202480655007964,102.59356414178546,25.761209609830814,17.87558532878471,0.1204999544822375
genuine_000945,genuine,0,1,0.9572551316921828,0.442695620444137,0.488167069385454,1,-0.0378118137696958,203.63304529239252,23.27652966131744,7.896676394693628,0.1169781502990228
genuine_000946,genuine,0,1,1.0,0.5201851075076935,0.5510429899879237,1,0.1946645223407814,142.6085948679022,24.33694552286686,13.499744001992951,0.0918779399382406
genuine_000947,genuine,0,1,0.8935434432921235,-0.0905979414202623,0.1869397184273142,6,0.6966899011997272,131.26047392095114,22.876605538793388,9.380969145998767,0.1255131023728808
genuine_000948,genuine,0,1,0.92809314972291,0.5367211276207762,0.8090533509836981,3,0.5500909716764562,147.3672578108129,20.035551010575464,21.02541607032377,0.196637656121189
genuine_000949,genuine,0,1,0.9900639790645426,-0.303830220882439,0.2374228673288456,9,0.8301991351782413,269.9672902419514,21.62207057760238,38.869444331324345,0.1356781942652503
genuine_000950,genuine,0,1,0.9333834081093344,-0.1464286743034036,-0.0244907534541228,13,0.5937588541408011,130.22410058424754,33.274272293401744,7.650398872779647,0.107935818378664
genuine_000951,genuine,0,1,0.945413063259538,0.6916659377670671,0.6916659377670671,0,0.9157423752591082,130.30686476053043,22.346508136015395,11.047677621126546,0.1565680019210079
genuine_000952,genuine,0,1,1.0,0.2780767374994947,0.3914417554392055,1,0.6444903645646325,186.7841918977865,29.36726061576253,65.33467773617284,0.1156889079106065
genuine_000953,genuine,0,0,0.7569272828774545,0.1879360010572098,0.5160761718150441,6,0.5984620064482191,228.0871371413624,17.318487563854152,47.89003998429891,0.1394865861063611
genuine_000954,genuine,0,1,0.8219275164268875,0.1778154421651851,0.3498816471497935,6,0.7792983947304614,206.75087100138543,26.354598219426528,58.81122562699822,0.1243386119914573
genuine_000955,genuine,0,1,0.8860759842159928,0.3017728204947195,0.4596116552688186,1,0.2208881422317317,132.2030622285287,25.16000400894041,105.24024179553132,0.1087494271358602
genuine_000956,genuine,0,1,1.0,0.3745486410481211,0.5390765280951395,2,0.4624158478622345,151.35740011645711,28.26854464957801,77.68656732617717,0.1310084824426254
genuine_000957,genuine,0,0,0.716541346494481,0.0934270552222371,0.3357084335332685,10,0.8824716048279919,101.52648637964764,22.877743478050057,64.47135082770764,0.1232612212382609
genuine_000958,genuine,0,1,0.8843548080948165,0.2925447807249916,0.3035438013908219,1,0.6592408595929196,332.4331675046699,21.85155531201744,3.689346109541887,0.1391457738023617
genuine_000959,genuine,0,0,0.6715868876834918,0.43013366565861,0.491357333449187,2,0.7329026604683925,275.6952366901391,21.20069129884421,93.8868856965345,0.098475394690264
genuine_000960,genuine,0,0,0.6500089050129687,0.2539963144565523,0.3052822812079461,2,0.4703199336813166,63.75915212038748,18.68047001615648,50.933583659446846,0.1357588619870786
genuine_000961,genuine,0,1,0.8517632305077892,0.7217428138489532,0.7677979111380299,1,0.7123273094059914,223.3807304211473,17.59980240879763,26.058204982727645,0.2093502544012512
genuine_000962,genuine,0,0,0.7678705476206367,0.6196702757330987,0.7552929376878879,2,0.5336732024276816,129.3910960208725,23.777358091240483,96.1094317544534,0.1678605093931842
genuine_000963,genuine,0,1,0.836546706133065,0.3938262946703079,0.6906774957818124,3,0.516021906490506,60.0,22.973656778381056,70.11313158871282,0.1451367229090818
genuine_000964,genuine,0,0,0.8047564864234604,0.4954611824152222,0.5718886388210545,4,0.4237341857386103,284.33957466210785,20.71207320132132,67.12797367558525,0.1382836193783005
genuine_000965,genuine,0,0,0.6955781849024884,0.4287012165106798,0.4287012165106798,0,0.7688637182804581,145.0487058846055,24.641831493222064,2.3515994887553973,0.1111329159083008
genuine_000966,genuine,0,0,0.767835337812723,0.3715034478646928,0.7638525255936659,3,0.5018419148140472,185.60899535575868,21.89481799129114,108.71514669950128,0.1348620478881813
genuine_000967,genuine,0,1,1.0,0.1980559172920672,0.3713471828104774,3,0.7512578274177198,112.0023647308284,21.420738022190047,20.608012012809347,0.1099110537505972
genuine_000968,genuine,0,1,1.0,0.2930437454019715,0.2983079523379721,1,0.4278769623305739,226.44318194647624,27.44999589650488,105.42167268803357,0.1139974505360524
genuine_000969,genuine,0,1,0.9787456030984072,0.6731335024831179,0.7267579743552727,2,0.7610916792529515,60.0,23.638277210441707,30.19470511494332,0.1504738953430623
genuine_000970,genuine,0,1,0.8441348941435373,0.8334331480012566,0.8334331480012566,0,0.873057099339322,121.97948600345214,28.09129103453868,76.12486748235588,0.2030745244055509
genuine_000971,genuine,0,1,0.8789985339573876,0.4058294458816662,0.4136164843057384,1,0.4540807099403748,150.65604075197072,23.887398132440246,116.26419889248815,0.1437318940942865
genuine_000972,genuine,0,1,1.0,0.5375518489601298,0.5855960206523034,3,0.5884090834476726,63.115195019146455,27.014425198753656,2.1773612442212027,0.1700705699664514
genuine_000973,genuine,0,1,0.8196488317513443,0.5489885917769137,0.658005322546597,1,0.7698840405227377,79.91718134271366,32.08757030327317,28.432063170881364,0.1579350411221173
genuine_000974,genuine,0,0,0.7377823165292511,0.6467414913128612,0.7042997233820323,1,0.749071644309093,177.53057604935756,21.383589991850293,75.27556646569832,0.1612383500355051
genuine_000975,genuine,0,1,0.8433037372330047,0.5296584404630821,0.5296584404630821,0,0.5584161642167161,311.6128490523262,10.680147558442211,49.06083615617942,0.1669193542626013
genuine_000976,genuine,0,1,1.0,0.5330207009847089,0.7241642585862346,3,0.7555756395607245,240.96168290275352,12.146079801938766,111.2757616998675,0.1680239896209268
genuine_000977,genuine,0,1,0.9920830027644892,0.5162958987143085,0.5162958987143085,0,0.6999448111054418,149.10824147178857,23.725518175543836,69.61845106983787,0.1129568784690015
genuine_000978,genuine,0,1,1.0,0.1819748492268513,0.1926106374098639,1,0.4810163811883207,265.8823444251232,22.706950421487328,90.230474399372,0.0978709313236495
genuine_000979,genuine,0,1,0.9019512201857244,0.6086510250068193,0.6684565431653722,2,0.6750706298318431,207.83566016924476,21.315928863377188,71.3680757556097,0.14495551900387
genuine_000980,genuine,0,1,0.8114595739882862,0.6933360995601106,0.6933360995601106,0,-0.0118641455648113,143.2285681771231,31.81959527207996,45.52978853682536,0.1678344576386867
genuine_000981,genuine,0,1,0.9205420989209774,0.0359893861328946,0.1960796053105601,2,0.57165716305036,94.53190690483189,28.58016235021764,129.8491954416,0.1233636260809663
genuine_000982,genuine,0,0,0.6961319117948561,0.3195455189213911,0.3876989751777333,2,0.7814700994504278,242.31967734926903,24.47550018555762,10.388586518808374,0.1251316983256036
genuine_000983,genuine,0,0,0.7248288539620085,0.3477608058750893,0.4505383275517886,-11,0.4772988226334017,235.8266920669188,25.6271109034752,126.33520498580924,0.1116255629300375
genuine_000984,genuine,0,0,0.6850014458890594,0.5091185731925327,0.6806952289486194,2,0.7874314728199837,133.33073017790764,27.6073068641468,94.32118090381957,0.1419352307719897
genuine_000985,genuine,0,0,0.7449307040099762,0.3991717441587314,0.5818891601486209,1,0.6330438345715212,147.17679420615028,30.41967569716114,70.62480203385525,0.1309229758806588
genuine_000986,genuine,0,0,0.7121980835233814,0.4429324462321101,0.8538966173810161,3,-0.2404938744353334,275.8360092823861,33.48929275994428,13.348824867556196,0.1990044871678273
genuine_000987,genuine,0,1,0.9702148525204718,0.5364147198009823,0.5671306904245381,1,0.4583303352279778,188.6525756029657,22.587879789315316,141.00861740952615,0.1231305159823236
genuine_000988,genuine,0,1,0.935908360201672,0.052701338324442,0.263062906766095,5,0.4876270093751813,151.02452175558113,35.0,29.567075415131452,0.1058656348796424
genuine_000989,genuine,0,1,1.0,0.3722055621578977,0.3722055621578977,0,0.5244497568419789,108.51885275585288,7.997351887069634,39.6898433985291,0.1160599158607711
genuine_000990,genuine,0,1,0.9617267284626708,0.382401636830868,0.4963908025001332,4,0.1313776955875792,140.93419485449684,20.58380350062334,26.04380953689113,0.1355758206168627
genuine_000991,genuine,0,1,0.9167056545796596,0.5505339032954694,0.5823870788202125,1,0.3981594486713675,66.26979016003588,21.52437565828046,100.45546918419618,0.14038803981539
genuine_000992,genuine,0,1,0.9251415116860808,0.1905915985767338,0.4245879397976436,4,0.8347516372416884,100.4847311100281,20.502257416529005,49.3303728810112,0.153313222312756
genuine_000993,genuine,0,1,0.8929847140485436,0.6925757546171821,0.6925757546171821,0,0.659253889014053,137.65192371121137,30.44619827607332,71.79139290530813,0.151586427663624
genuine_000994,genuine,0,1,0.9689438057903418,0.1629819503503976,0.542747046385577,5,0.4345936355043842,186.3517226957691,23.56172344454014,15.407340387464629,0.1479450649723958
genuine_000995,genuine,0,0,0.7726283924894974,0.1187832104187855,0.5054254267542594,8,0.7895023588029108,137.06161750623218,16.402015510180114,45.64010078041705,0.1806365812288188
genuine_000996,genuine,0,1,1.0,0.5823802491312496,0.6590742014075468,1,0.8221099541928849,214.5421150428628,22.42380998740217,52.650248664396855,0.1603277676023965
genuine_000997,genuine,0,1,0.8318347981425254,0.3610028188537443,0.5363466078065036,4,0.8526820951280785,200.35733888750397,24.29835340462848,22.339715870134352,0.159540362893841
genuine_000998,genuine,0,1,0.8195891657017776,0.5936861518290575,0.6970571701855578,1,0.4031204047733354,276.40854045989346,24.185153463402862,43.03158738631012,0.139669509372852
genuine_000999,genuine,0,0,0.7325545838354026,0.4109033076586387,0.4109033076586387,0,0.6961842309252362,197.5173070516512,16.723867440769368,12.339318847094596,0.1201969608597763
software_repack_000000,software_repack,1,1,1.0,0.3385757103309646,0.5919715409931853,6,0.4213750966923841,221.05480698586769,28.473181080897,130.59106195286589,0.1701034463727634
software_repack_000001,software_repack,1,1,0.8015891229216068,0.1711359778160296,0.4095719735741427,8,0.1380617456867337,91.38194712228837,35.0,2.974151550961309,0.1263458228082562
software_repack_000002,software_repack,1,0,0.35263949277114,0.6025804030177041,0.6025804030177041,0,0.3650205201419688,267.1716701762832,27.512904587166812,79.06928436443152,0.1453445316228619
software_repack_000003,software_repack,1,0,0.5554987395248079,0.2543308421633772,0.5227309729010889,4,0.5345916213255092,105.77644023886182,23.723903977513924,86.59144985162986,0.1568024007997316
software_repack_000004,software_repack,1,0,0.6488853611433167,0.3284111279187066,0.6512586074133766,6,0.5670727798464783,263.0474325517744,25.745291349058647,22.18333166299596,0.1757522422911254
software_repack_000005,software_repack,1,1,1.0,-0.0488468291821182,0.2367183984033123,6,0.60006575216629,155.6490174543681,20.168926980873103,139.58187324241007,0.1519599547634662
software_repack_000006,software_repack,1,0,0.981546488980484,0.2065207430722748,0.380269581643022,5,0.5734490954333259,154.3651078840637,23.951660096356974,1.1456235402151052,0.1444024475727024
software_repack_000007,software_repack,1,0,0.6128778232867297,0.1915857927738053,0.6512321258450001,4,-0.0454655500682027,150.21269456881507,23.645936407450087,80.76072560918583,0.1765691898092545
software_repack_000008,software_repack,1,0,0.7241107712745299,-0.3881030151183475,-0.1378764052138219,-15,0.117103149462833,334.69476868189145,32.13377988041604,19.465938641168957,0.1272909877047892
software_repack_000009,software_repack,1,1,0.9386969550985051,0.204523288449101,0.289873713428497,12,0.6369667004525893,259.6964021061597,15.679106087891888,119.83611604621224,0.1371365508562625
software_repack_000010,software_repack,1,0,0.5540593849868237,0.0677925473916771,0.2549780202319662,6,0.5608833508235119,206.2882378672474,27.173008321347268,33.3152721489991,0.1412561992154443
software_repack_000011,software_repack,1,0,0.5613891768738971,0.4199925273979845,0.4230229920320507,-1,0.1972506007010083,183.51010848739637,30.67949900814704,64.05322560627882,0.1359519057171288
software_repack_000012,software_repack,1,0,0.337606207682193,0.5994725207595613,0.7146147852743112,1,-0.0326299379766908,287.7578059875203,21.72855678053806,38.51188288578239,0.2016076859216843
software_repack_000013,software_repack,1,0,0.6670441262783702,0.060977923931327,0.461914981751385,7,0.7873519649982508,298.7741143121615,26.744242000653376,102.09963956358666,0.1480451333669001
software_repack_000014,software_repack,1,0,0.7257132063820255,-0.1955912329053545,-0.0115059981920578,13,0.5636386154178653,187.00513856193817,30.437259801068464,125.7616407523285,0.1277043671956693
software_repack_000015,software_repack,1,0,1.0,0.3279763310046473,0.3822230165969584,-14,-0.0232815597153995,265.12547599991734,9.98485697061938,149.44267258214325,0.1584406256576633
software_repack_000016,software_repack,1,0,0.7086585917028558,0.3889465656254603,0.5379581946183261,5,-0.2781022822951826,239.0452935709152,21.245648446909573,41.37313627821953,0.1308777957635691
software_repack_000017,software_repack,1,0,0.4246935184058455,-0.0250996917770368,0.3702601649942744,7,0.8197232083931948,313.3144567815629,15.01763909283172,134.73310384699369,0.1326619527754332
software_repack_000018,software_repack,1,0,0.6994242058093063,0.5089129921211091,0.547045505956405,-13,0.5787922012468292,281.2160230615423,16.452673605131437,41.93218142845416,0.1745430030303814
software_repack_000019,software_repack,1,0,0.5183954970131598,0.2312546064685272,0.2932559225856607,1,0.2792269032501747,224.5617934776956,23.15976446008736,39.62969624725192,0.1533213630420976
software_repack_000020,software_repack,1,0,0.4003833335344136,0.0644963091533548,0.600886710884743,6,0.6435435142031514,125.09322866715532,14.201418316940966,153.7747010678254,0.161616661724445
software_repack_000021,software_repack,1,0,0.4328813703486384,-0.0551294451286721,0.0776058398958179,-5,0.3397556800070263,216.80575072271296,23.73323801741965,69.61815036372616,0.14398858272423
software_repack_000022,software_repack,1,0,0.7241942170139777,0.3161470348390947,0.3610306417772677,1,0.3353717156682805,60.0,17.989030815707423,20.1296500710056,0.1507139531341232
software_repack_000023,software_repack,1,0,0.2033066647745526,0.0018549643771691,0.1793455555838989,-9,0.0062237928931462,256.22444020370506,21.15281183161682,60.39150076110108,0.1283985756477964
software_repack_000024,software_repack,1,0,0.5744988022618226,0.5057522916023678,0.5060181052255782,1,0.4787842208595104,60.0,23.583067539956133,54.97262484419766,0.1677147717204185
software_repack_000025,software_repack,1,0,0.7784273671570849,0.4819421166752186,0.5231231647432383,3,-0.0395730827238167,60.0,22.40133487420792,227.4261711531656,0.1527941320717726
software_repack_000026,software_repack,1,0,0.676496964291835,0.7210102211238562,0.7210102211238562,0,-0.0722090477462354,265.15556619575386,31.8625470292215,11.676832269503578,0.1902641449220147
software_repack_000027,software_repack,1,0,0.5736386416811546,0.0451958604341783,0.1082346817765767,-4,0.016715637964842,285.53954564126485,25.786673554246644,90.62499328666068,0.1480051410689599
software_repack_000028,software_repack,1,0,0.8315592321834883,0.1609053698042379,0.4481616358747819,10,0.6034967391589284,371.15581440850826,16.07212635343963,105.6514036594656,0.1420647357717089
software_repack_000029,software_repack,1,0,1.0,0.1657423305760723,0.29472296506423,10,0.0263952481162738,331.58770481440064,21.515382097313942,73.19167569000126,0.1375147458553261
software_repack_000030,software_repack,1,1,0.9752391841764704,0.0150213258352037,0.3580273497745013,8,0.7046701403225512,185.4088013764562,29.45357318924197,14.304524775913102,0.1408798011707749
software_repack_000031,software_repack,1,0,0.777847255488653,0.2105843822291437,0.5315857845169016,14,0.4253195920661132,178.84690471145888,17.209249408676783,93.12768431595674,0.1428239888369369
software_repack_000032,software_repack,1,0,0.348872050369813,0.4306430651504557,0.6913131166349614,3,0.5859023603697279,251.52988260802888,20.14012189335032,79.71663323132302,0.1632368574030219
software_repack_000033,software_repack,1,0,0.6487027291637733,0.467162058052175,0.501863161919864,2,-0.1853687731143578,79.30256651928579,26.71794786663389,95.16753404152074,0.1306630665597879
software_repack_000034,software_repack,1,0,0.1943594288145015,0.0664464950341458,0.5167337433200726,5,0.4982575186915854,123.58103517299288,21.178543894000114,39.63080944362673,0.1663833854786191
software_repack_000035,software_repack,1,0,0.6369290106803176,0.1705267757562588,0.2573309588886721,3,0.8272681421898762,264.286824006695,23.35580386039749,67.24657015781692,0.1540401188554904
software_repack_000036,software_repack,1,0,0.8242541414833643,0.137030011652072,0.6261141731336829,4,0.7679672766060368,258.8666555698935,22.70011042022176,79.42728346616369,0.1688217297703865
software_repack_000037,software_repack,1,0,0.8517283720111131,-0.2118491523694863,0.0108035413609024,13,0.7211644464495945,90.67184976946552,20.79941643042972,50.82085630672413,0.1231945674462193
software_repack_000038,software_repack,1,0,0.610006220935414,0.3735090947004848,0.6274854118528195,3,0.3961949912109206,230.0434322612666,15.871412086319037,31.589222905083844,0.1874797132941292
software_repack_000039,software_repack,1,0,0.7001394633206284,-0.0311521279274336,0.0902983686076678,4,0.5753016767835932,196.85649540624024,10.021479533993668,185.50389778243635,0.122956599379325
software_repack_000040,software_repack,1,0,0.5096625071918344,0.2319813990134346,0.3262594522146261,1,0.6476898788584387,84.22121120037453,11.620967846825572,155.15218373810586,0.1580629044442913
software_repack_000041,software_repack,1,0,0.3348942798199517,0.3940024851376852,0.5169492017363644,1,0.3294721942755672,282.1934091635109,16.572775021001902,65.92920056428994,0.1817923774113712
software_repack_000042,software_repack,1,1,1.0,0.6677416105303497,0.695984331649918,2,0.4781523073386739,60.0,21.066578539253506,105.23679933028042,0.1773484122250111
software_repack_000043,software_repack,1,0,0.2838757410601677,0.242668142447485,0.5735530982228025,4,0.7441204318854837,146.76686703017106,29.684729181266363,0.0522728564928911,0.1871629200318012
software_repack_000044,software_repack,1,0,0.7620790639452466,0.2443295030385554,0.5125761049801879,7,0.4470192583007692,222.9108400342516,25.299568463438067,65.0240600953709,0.1310737814153595
software_repack_000045,software_repack,1,1,0.8449987658017095,-0.1342808308150083,0.0502348594129115,7,0.6483000485738998,171.35242817398304,21.479051685976405,78.35645716308993,0.1314112164875054
software_repack_000046,software_repack,1,0,0.7540312653731709,0.3157233285346913,0.5614238289317482,6,0.28175878209585,60.0,19.15407682619996,8.21770249956051,0.1194984674747642
software_repack_000047,software_repack,1,0,0.6474677993247693,0.5219297544209878,0.691353671237402,3,0.4499237805376048,147.4680764990362,23.37700600800588,123.69438531605596,0.17138650480457
software_repack_000048,software_repack,1,0,1.0,0.3549553043240513,0.6611711783652713,4,0.7650332986997714,93.0378465861332,29.89249360985863,58.33050172602193,0.1661754746050403
software_repack_000049,software_repack,1,0,0.6551935512651241,0.1573783067537213,0.2885958697146645,7,0.2866796598343778,207.8476222130919,23.405504383515115,70.15915794227672,0.1461275345232636
software_repack_000050,software_repack,1,0,0.5250726668225867,0.147202018069179,0.3349682646765503,4,0.099026972746339,328.77428699125187,35.0,103.97719157532372,0.1208331949841369
software_repack_000051,software_repack,1,1,1.0,0.1019663543107585,0.2351014918651705,-15,0.7382711354432852,163.3541345461323,25.884819066444816,71.21346314804197,0.1471005070753022
software_repack_000052,software_repack,1,0,0.5894391273027059,0.2594743747826413,0.4896062597956983,3,0.7417561177487545,152.30335786477184,21.57997383768212,17.996188374370362,0.1365212974687078
software_repack_000053,software_repack,1,0,0.9249398123021116,0.61250374304552,0.7015701229441218,4,0.594579054244769,123.34288767894554,24.49959348024609,1.2721460374374232,0.1778233918342208
software_repack_000054,software_repack,1,0,0.490106237360112,0.1991017532801646,0.3108669736285646,-13,0.2715248960222888,102.78257704259644,13.299556508596586,66.69255337245487,0.1449874195731415
software_repack_000055,software_repack,1,0,0.8318077809215163,0.3185585285954713,0.6433809061855249,4,0.5489850637170653,229.70362173944,23.9995148431124,84.44422734113265,0.1599880966123218
software_repack_000056,software_repack,1,0,0.5526614840996776,0.0655909905448991,0.306443306465431,9,0.8206280791446797,158.33815903359147,15.807897565186718,69.54962801926081,0.1289586300265622
software_repack_000057,software_repack,1,1,0.9176721383880964,0.1589353035549384,0.3359070810388759,6,0.6680474774773204,69.51099232830819,28.136060129155062,38.15650041749666,0.1190205547313416
software_repack_000058,software_repack,1,0,0.4717828276601031,0.0579427536409474,0.6142096099239279,5,0.6160682699177813,182.2524421256566,21.539494060888565,77.36379343626741,0.1866498904411758
software_repack_000059,software_repack,1,0,0.2777928058571585,0.1097644711276915,0.3274842693560593,4,0.4455988245240109,77.15186760937263,19.30687124272132,105.47793338236464,0.1088648756354554
software_repack_000060,software_repack,1,0,0.6941758587047007,-0.2859294438226535,0.0154794108988387,10,0.60542623524485,265.3441077315112,31.454494751273955,98.22715105781091,0.1393323519989765
software_repack_000061,software_repack,1,0,0.7348966439330085,0.0881773678877517,0.4655415100739614,6,0.6785028396149267,195.69123500097328,25.24844930091925,149.25458852663698,0.172217568967265
software_repack_000062,software_repack,1,0,0.7042702029342526,0.1368033743474303,0.4077866943479227,8,0.6686261086561887,265.391017313119,17.770057183563573,32.57555673954287,0.1237382541445068
software_repack_000063,software_repack,1,0,0.7110255562105062,0.2380237819986402,0.342694534115703,3,0.6260504659427022,243.0259127042752,20.170245644405675,93.16264074433349,0.1197566017466107
software_repack_000064,software_repack,1,0,0.5686804183746398,0.0275224228923945,0.1672893842818357,4,0.0842708613523505,205.9445879242882,25.38949002673776,37.8719989904014,0.1245191733299789
software_repack_000065,software_repack,1,1,0.8350888570880888,0.3690873102205885,0.42662635269823,-5,0.258823341967766,60.0,19.0573322887845,138.68329536251437,0.1117794677118382
software_repack_000066,software_repack,1,0,0.7483419324691922,0.2031021086102735,0.4361200154446658,8,0.150355863675726,312.0256859553474,22.23666958309194,48.39750236709291,0.1146591163251042
software_repack_000067,software_repack,1,0,0.2158491222654886,0.2720083823000895,0.330929877861411,6,-0.2449628206619722,157.40717892523267,7.138467026476118,67.48669776764596,0.130130211213964
software_repack_000068,software_repack,1,0,0.4459443166817907,0.5559990005842946,0.5559990005842946,0,0.6439984718915114,166.07899138534322,28.68886016586657,137.18306729048055,0.1702972064016451
software_repack_000069,software_repack,1,0,0.4678395149626146,-0.1517306416812745,0.2970783315387421,8,0.6900521814008268,138.08824440851262,26.07242382766033,33.80830809576949,0.1296501013822091
software_repack_000070,software_repack,1,0,0.84267536435256,0.4552269074861491,0.4552269074861491,0,0.0824503360086135,205.74134272464727,25.094777426031037,31.17438844119257,0.1401776346624984
software_repack_000071,software_repack,1,0,0.5464936825368789,0.388745776175095,0.5500898245957334,3,0.6047304288772004,172.65359455092548,20.51846469778396,106.480530628812,0.1601764912325062
software_repack_000072,software_repack,1,0,0.05,-0.1832533049789685,0.4136723641475662,7,0.2208459034065239,175.07477356400832,16.39073246560328,94.49756973425112,0.1389145420636264
software_repack_000073,software_repack,1,0,0.7764702610421802,0.1331081010131177,0.4002699080378888,5,0.4459094013585176,136.73521174916732,20.42817581591631,48.46103164450541,0.1434033602186485
software_repack_000074,software_repack,1,0,0.5885792476653671,0.2624355168698685,0.3466752567356541,1,0.7123644778649285,71.9490238245274,29.737929240915243,39.35803066191551,0.1391417956109353
software_repack_000075,software_repack,1,0,0.7266298164735723,0.5030703491878927,0.5541185334841624,2,0.6623242076859148,178.4720977070605,18.42492754025458,87.80964870215706,0.1789289941825784
software_repack_000076,software_repack,1,0,0.6565206333529003,0.1268330778441328,0.4007985692357448,6,0.7793537501605182,362.46467123348793,24.78304514642185,101.8300095652101,0.1296425446814472
software_repack_000077,software_repack,1,0,0.2786934215120403,0.4869180373578046,0.5309187518023145,6,0.0792627181296009,367.4786474833813,6.0,63.94059321871397,0.1512188760155988
software_repack_000078,software_repack,1,0,0.7804065453126585,0.7463971318553189,0.7696481509509043,2,0.5160647839758481,181.86909133098973,11.319713934806735,13.94149224575348,0.1737717395995036
software_repack_000079,software_repack,1,0,0.9830590353601136,0.2215445213268211,0.2215445213268211,0,0.3726173474625792,340.4347196990053,27.409956102710545,118.52728201893368,0.1372168814115384
software_repack_000080,software_repack,1,1,0.9392599236462448,0.5682169747045567,0.6647100996876311,3,0.5426002112271365,158.2410057889649,19.17323625333551,68.28856534069284,0.1714398971361879
software_repack_000081,software_repack,1,1,1.0,0.4613870121477323,0.4746289632932037,2,0.5430013000708831,200.622149849426,31.67658598334051,64.26159071394545,0.1490726931641245
software_repack_000082,software_repack,1,0,0.551353568314723,0.3846245078531873,0.3846245078531873,0,0.0094031036399482,235.21248565750096,9.038094172472984,163.2274900944671,0.1265560845614795
software_repack_000083,software_repack,1,1,0.8541208584526943,0.2221649038400883,0.6614192715839021,5,0.6161727391935581,69.41681031216338,19.78373846649147,16.414556948622504,0.169526443908399
software_repack_000084,software_repack,1,0,0.7199767273896757,-0.2118180191387384,-0.0483058291017274,-12,0.201720724687775,108.7558612342908,22.3007224211137,27.72199680850144,0.1180448957974086
software_repack_000085,software_repack,1,1,0.7812355511009461,0.1708450803895011,0.1880173614906111,1,0.6462116355023886,267.7689978014539,13.362018933286125,6.314990317923204,0.1165941420042591
software_repack_000086,software_repack,1,0,0.6735363499657178,-0.0268929397410027,0.2083613212126116,15,0.6509724186511026,149.99301450039883,22.18910919314488,118.04264352326425,0.1425079084409725
software_repack_000087,software_repack,1,0,0.6856928321599979,0.5222400294638002,0.6404953321510063,3,0.7083489596093017,165.34408621031466,22.80041724395648,111.67520819567716,0.1804727511148703
software_repack_000088,software_repack,1,0,0.7767234889325634,0.3423816813707879,0.5057949742732765,5,0.4485658478005487,229.49053697271145,24.57404085105592,83.41106162856389,0.1874742169133924
software_repack_000089,software_repack,1,0,0.6985060925816807,0.6712286973537738,0.6712286973537738,0,0.6615178943479999,106.93464372169689,23.600176160284065,67.33443621232027,0.1828954566382609
software_repack_000090,software_repack,1,0,0.4086359045999411,0.2149427073049875,0.2706113440100332,11,0.3583749775835362,289.02796510241245,20.837884959255494,86.43566289740761,0.1366877142394189
software_repack_000091,software_repack,1,1,0.8386026406593348,-0.0825447713281113,0.4064495096177597,14,0.1470817513764626,265.1756081035521,15.397290127256646,111.5120240888881,0.1441425681110124
software_repack_000092,software_repack,1,0,0.5747790871280567,0.0920214129486778,0.4741378705243921,7,0.3894397852761999,202.5296824018277,28.02632950152024,139.22140991409972,0.1366614990905209
software_repack_000093,software_repack,1,0,0.5815140740663357,-0.100182574033595,0.3091040258572829,14,0.3737538660928829,197.7598727325867,23.83106966750349,32.756828531520696,0.1430779951862905
software_repack_000094,software_repack,1,0,0.9319158874709051,0.3819772609673612,0.5643184831888067,3,0.3929435256454213,139.8831303595905,28.253537047427294,77.15763232277763,0.1326717636682453
software_repack_000095,software_repack,1,1,0.8338844978746858,0.0954901970091079,0.6738595739881447,4,0.45447620770508,255.30064188841533,14.749943577848498,123.8558090290734,0.1974928641580453
software_repack_000096,software_repack,1,0,0.4679193222748141,0.1333127344474825,0.3216354316835079,10,0.1787932111028681,124.2035582530439,19.811278021519108,134.24119360201175,0.1341714638453348
software_repack_000097,software_repack,1,0,0.4735577688078024,0.3330927791456732,0.4802975162307105,2,0.659288742867992,97.04454192645694,24.89923315377247,65.95079307951022,0.1740290272876257
software_repack_000098,software_repack,1,0,0.05,0.2918416300567379,0.6377662116339016,5,0.5191484584181528,243.6333628012773,22.61481317280586,173.71390024245147,0.1545118356146315
software_repack_000099,software_repack,1,0,0.449680999573727,0.1033211964846352,0.393887676216625,5,0.4889678668347919,109.52378865221232,23.730850036685705,175.8007091065852,0.1337087313590016
software_repack_000100,software_repack,1,0,0.5951604369424445,-0.105446543393739,0.5826366723173028,7,0.4539373602743172,226.944310930216,28.79104814068177,66.85826497776625,0.1850963525594066
software_repack_000101,software_repack,1,0,0.5595980295864654,0.5660739608578411,0.7094093483113705,2,0.4044038404339299,248.9559579791574,30.02864319945697,44.611576641999456,0.2014748022842314
software_repack_000102,software_repack,1,0,0.6999973587597177,0.0809825681898021,0.2880327485854063,-14,0.1904670532734042,197.5802477583466,19.53188150899371,88.96603755696955,0.1214017787762226
software_repack_000103,software_repack,1,1,1.0,0.1689333289579817,0.6833011930311617,7,0.7689474834811435,253.4093280082905,19.95674687564315,94.42207796584523,0.1578561579717804
software_repack_000104,software_repack,1,0,0.6432517277038816,0.52290427982354,0.6056064951179004,1,0.359282982608869,176.63469582979525,33.66414673253681,141.0515867151057,0.13852355321602
software_repack_000105,software_repack,1,0,0.6728981580539072,-0.2063064454359318,0.338080362394871,9,0.4457962658572086,158.04035505625012,28.281082980354267,40.36366236651831,0.1750941409266104
software_repack_000106,software_repack,1,0,0.8038354414856113,0.2896974426780541,0.2896974426780541,0,-0.0129875882981042,168.82003745729696,29.84543543899108,109.12092043415664,0.1519820240265638
software_repack_000107,software_repack,1,1,0.7871922173987369,-0.0950851089214105,0.0483253916327745,5,0.4141564361957803,115.50597772141218,33.39905984909795,94.7593510452332,0.1521829755589575
software_repack_000108,software_repack,1,0,0.7132239635689679,0.4052439989531174,0.6046794019326476,2,0.7716692257704366,183.48921827450013,19.908749226078168,62.56070506434782,0.1532119437404924
software_repack_000109,software_repack,1,0,0.6907429462738308,0.5400860799839129,0.6089386333516178,-2,0.7553453916994345,128.68122713703988,21.13999210448092,129.41871801041688,0.1638186528894934
software_repack_000110,software_repack,1,0,0.05,0.434113301893516,0.5570656180867468,1,0.5369812204830579,249.91307668914,33.249287225466354,77.60686301334111,0.1873726684745993
software_repack_000111,software_repack,1,1,1.0,0.4451593548927544,0.4476535754145481,1,0.2997403920380704,132.38529360950653,18.17857378326668,39.89609915396126,0.1412203708017085
software_repack_000112,software_repack,1,0,0.5812361585887362,-0.3628772497129749,0.1953196725185703,15,0.7375177707309367,198.5644474893792,23.42830380344155,71.60474783078378,0.1272536378812754
software_repack_000113,software_repack,1,0,0.841751869545197,0.371799461958278,0.6325811739507138,4,0.7838435310666181,124.56255958888258,19.830132610812964,112.96649178556504,0.1639145251142768
software_repack_000114,software_repack,1,0,1.0,0.3573896816996965,0.4578067311922191,-11,0.6584184248877364,308.6234594484369,28.542108783865377,9.124060225788128,0.1396383391400267
software_repack_000115,software_repack,1,1,1.0,0.3520208553651049,0.689978505728283,6,0.6108186516344588,270.7723753019366,19.57618626177715,83.75836652449641,0.1953781644295017
software_repack_000116,software_repack,1,0,0.9891852020671486,0.0413520646834028,0.1156567902214215,3,-0.1163110407623129,243.77358166902636,22.588245460803,59.804684755130616,0.1230404600408332
software_repack_000117,software_repack,1,0,0.6423703394258602,0.511727174319704,0.6667851640371429,4,0.0539645553038978,77.72746291909775,13.65630070315282,24.15282193388896,0.1678904200685202
software_repack_000118,software_repack,1,0,0.6966477312948024,0.243193449025742,0.7147465507461481,8,0.5655208373144168,70.75958419442043,27.097691814341054,85.75786671507771,0.198672260442769
software_repack_000119,software_repack,1,1,0.7874339362264562,-0.0166804781866647,0.1378229664275494,5,0.3993500271306174,173.8453663452652,18.28827956826502,30.919194635614097,0.123490046084567
software_repack_000120,software_repack,1,0,0.5789972104822158,0.2935004281314625,0.4646104572259703,2,0.4499122616613116,120.61301150051652,13.517817010245787,29.428967378497504,0.1804430454408521
software_repack_000121,software_repack,1,1,0.937652803611646,0.4594355126655042,0.7194549925089931,3,0.1299637358651244,162.41896969317827,17.349208438468366,126.60223469675948,0.1779539563109202
software_repack_000122,software_repack,1,0,0.7235904046412607,0.5351205026686601,0.5351205026686601,0,0.6266647372774993,125.02646888417875,35.0,32.41543235591819,0.154995850814998
software_repack_000123,software_repack,1,0,0.6330315090820908,0.313250787017978,0.3523523780673446,11,0.4894103809248878,134.86079128519546,24.060931750227184,75.91107097751951,0.1515202911074931
software_repack_000124,software_repack,1,0,0.932021821331717,0.5613440435171334,0.6431662464813294,4,0.651314898699861,70.26565846602122,29.28886984334876,138.87720071469735,0.1500021936216961
software_repack_000125,software_repack,1,0,0.7172845885655097,0.2320998678397773,0.2320998678397773,0,-0.0272248973335741,217.59873548278944,24.10223218156034,110.8213946973093,0.1597661633109678
software_repack_000126,software_repack,1,1,0.8089940529763083,0.1746150557514436,0.5420295290436964,7,0.5445778097711503,185.12296371435323,22.0093892949745,101.09777304003352,0.1579668364868135
software_repack_000127,software_repack,1,1,0.9066998107957782,0.5811350987813702,0.7376466347163206,3,0.7290505767423008,250.4135956838083,25.816692234086023,27.975011122785595,0.211236994672422
software_repack_000128,software_repack,1,0,0.38636832128457,-0.0818507346165866,0.2886591811402703,-13,0.5843235880965566,219.6583314587879,21.837932747329138,34.26763435255988,0.1594794387041551
software_repack_000129,software_repack,1,0,0.5572715049071444,0.2101524480087423,0.2751907853741129,2,0.1449161068836973,250.01726574071165,20.474604569915243,67.08801256551784,0.1279834734406639
software_repack_000130,software_repack,1,0,0.8911610729018464,-0.0695221736524866,0.175985505125184,-11,0.3471579188136761,83.43688294953155,19.804576421875147,27.05190356021601,0.1385313155739783
software_repack_000131,software_repack,1,0,0.4440949370571272,0.2290888838862439,0.437163746373892,4,0.823117919581559,179.43967109764048,28.251437226598988,104.7440406245996,0.1347228489445757
software_repack_000132,software_repack,1,0,0.6356593862769107,-0.1399032633001537,0.1514268501433549,6,0.5144528551440053,209.11517215820885,26.91469386143112,35.693901101670434,0.1405391552226166
software_repack_000133,software_repack,1,0,0.6221576519721728,0.182070077728194,0.2527420546355761,2,0.3869066182004673,178.17937438209356,23.20144162021761,49.23627169725799,0.1593650441961658
software_repack_000134,software_repack,1,0,0.5516737488544252,0.218822589802081,0.2309190071696091,-1,0.2701529079132804,254.3521244140658,31.34079653750162,21.394409833541992,0.1448710107864909
software_repack_000135,software_repack,1,0,0.5763968391186379,0.2986252798813212,0.4502157527748477,2,0.378379545386242,234.5225005298273,15.689131794223387,39.25459150251694,0.1392682552839978
software_repack_000136,software_repack,1,0,0.5775112386399509,0.6405661655197729,0.6405661655197729,0,0.6006920500116633,319.26071509815824,32.78335997703213,90.67579914113809,0.1383935268414778
software_repack_000137,software_repack,1,0,0.8247782821078679,0.2905681474531371,0.5702783632207296,3,0.507464740365846,217.4228750001045,25.10378686564645,82.16413649749974,0.1650409059790284
software_repack_000138,software_repack,1,0,0.2581367849415746,0.1945802826168486,0.6945081970617347,6,0.4439236618350776,223.36161164190864,20.14201534450951,66.21213512503476,0.1768057176214962
software_repack_000139,software_repack,1,0,0.3795418074192899,-0.1834123533853514,0.0157566791337786,5,0.0384353062395309,310.8392939472172,26.282452420768333,46.12142474932256,0.138692990358816
software_repack_000140,software_repack,1,0,0.6057992571809038,0.3642709939104228,0.4258097905252858,-2,0.5523851937774925,90.85506278844288,27.093329449335517,39.388408612892746,0.1375588471729733
software_repack_000141,software_repack,1,1,1.0,0.2260487745242086,0.3047832971695422,1,0.8096288566395275,212.84528664009773,29.21632617300935,145.8961068558234,0.1273030570707734
software_repack_000142,software_repack,1,0,0.6956598377562264,0.033156109554783,0.033156109554783,0,0.3753760201586505,163.0334168356191,18.057624386317904,10.38934158027928,0.1436025040540667
software_repack_000143,software_repack,1,1,0.8034409248594221,0.4003377745517704,0.7020419284698873,5,0.7069922575929068,241.6857871115637,27.46905877304135,75.76887184937463,0.1564536157140758
software_repack_000144,software_repack,1,0,0.5952079537069094,0.4946515579218515,0.6239070406385389,1,0.6327116985646677,271.6431225132978,18.94563063461761,44.44779143953236,0.1308435501955375
software_repack_000145,software_repack,1,0,0.4801885368381889,0.2364604368827449,0.3302147198289558,3,0.5738948167687073,183.96455611957973,22.720166903690806,51.94711807423016,0.1694111652979318
software_repack_000146,software_repack,1,0,0.7769899569319065,0.248814184917518,0.3815966494899143,2,0.7155655139915233,229.0914136803776,17.143235727013394,161.29720127026127,0.1527245576272494
software_repack_000147,software_repack,1,0,0.7402682663170679,0.4740068911522761,0.4751600988823309,5,0.4994126628827912,192.89242956665151,19.793976448329744,25.29166118914061,0.1533948587589918
software_repack_000148,software_repack,1,1,0.83576608448418,0.4472523401781757,0.6033053262685129,2,0.605434286519303,189.0636261887872,19.267633611886573,35.69074844326631,0.1620308403583727
software_repack_000149,software_repack,1,0,0.5288156954121455,0.2336152090922054,0.5563503033794927,6,0.4241829277333891,151.32137497121985,18.956619143111663,110.49393992312692,0.1572056185120297
software_repack_000150,software_repack,1,1,0.8242237801415675,0.5193760525242208,0.7012224435536475,3,0.4555567527703859,266.5536675150694,20.047242272767484,165.84077313004678,0.1788771607523031
software_repack_000151,software_repack,1,0,0.5243110222782843,0.5732485468132255,0.6278288041426731,1,0.8568377327613019,103.55503947475228,26.740551926943624,1.0827311983755976,0.1738808278365101
software_repack_000152,software_repack,1,0,0.5040824070892654,-0.0942198196113957,0.314239762779876,7,0.6806181980245717,318.2813470032312,27.04401812545457,34.5596496054768,0.1481960090723937
software_repack_000153,software_repack,1,0,0.098678399332112,0.3204580512478983,0.521837716594653,4,0.1277974463816466,142.84485164481836,30.89559272719021,1.021208870152492,0.169025634141133
software_repack_000154,software_repack,1,0,0.3519807317696332,0.2238087943121817,0.2846732859642863,2,0.6520978008338878,147.16474626029776,27.52670093511265,3.9816573027820814,0.1239686449513003
software_repack_000155,software_repack,1,0,0.7781455998921016,0.2355676659792406,0.3723872557551489,11,0.0775584100876093,249.9680262566361,26.24107495029188,109.93996126474605,0.1731695692379556
software_repack_000156,software_repack,1,0,0.3323977166423066,0.2709970713083426,0.5379583635255447,4,0.4885451702630024,310.4791244642093,20.293989610139093,12.416318117873985,0.1311509486368409
software_repack_000157,software_repack,1,0,0.507927838079225,0.1415656822957441,0.1887967763617437,2,0.6619126663373216,167.05547918628417,22.525090728070616,91.1593305559666,0.1147623167771907
software_repack_000158,software_repack,1,0,0.6236090282998928,0.0295557148638906,0.6239009383195898,7,0.8013023046934882,143.7088691937377,26.315867470024426,61.69642765653839,0.1572918471114376
software_repack_000159,software_repack,1,0,0.5581872574137813,0.2769347800462353,0.4189292870824747,6,0.0717507264065166,129.23494038113785,25.745759368714683,18.978482175511644,0.1237512263058435
software_repack_000160,software_repack,1,0,0.6326371129750445,0.268271421753035,0.2745775440317676,1,0.4056574042371009,206.92989502356173,12.996150108500954,97.42180364446972,0.1338065119523745
software_repack_000161,software_repack,1,0,0.5564250894242675,0.3923819595637401,0.4642672436978711,3,-0.1560433704729348,108.19467011576572,16.569703487596463,81.27768458425892,0.1710699723411079
software_repack_000162,software_repack,1,0,0.4462461924358323,0.3279230330721192,0.5327041961061083,9,0.5834215453147507,97.4931329824922,16.418464685637883,124.784254290333,0.154325095308535
software_repack_000163,software_repack,1,0,0.5973301457489709,0.3195076037046275,0.4769378706057531,2,0.4064057709693035,223.11795995257788,20.559834763449512,82.11614108286196,0.1410988930524958
software_repack_000164,software_repack,1,0,0.05,0.3288746212295853,0.4327980050178387,1,0.3442160416336284,60.0,24.178367958188492,44.38774579804347,0.1720789222628475
software_repack_000165,software_repack,1,0,0.6860051547317506,0.2351909825797249,0.5012849232760378,4,0.5852644175773069,319.15770870151255,27.06086791079394,178.2258059968495,0.1548105004114318
software_repack_000166,software_repack,1,1,0.7849315312820024,0.1042765346204359,0.2822708005956028,-9,0.349761919595739,189.67257915434445,20.238755292652808,134.58360077059228,0.1585773367134159
software_repack_000167,software_repack,1,1,0.8667200759830506,0.0540407070484625,0.1190547996717298,9,0.3147951832518276,174.10975132434586,30.751277112601016,18.88842680240832,0.1189234269720586
software_repack_000168,software_repack,1,0,0.7550711343570733,0.3528610936341679,0.3717101071353328,1,0.3716803548223714,204.56001470477432,30.97267083999771,96.40129934782183,0.1391164472603517
software_repack_000169,software_repack,1,0,0.5810500146089094,0.1075139835870443,0.3456811387128973,4,0.4707931453382127,233.7211567558689,16.714460637575826,51.99704084421393,0.1614826874245574
software_repack_000170,software_repack,1,0,0.9998764148799928,0.0111260343522749,0.1073261625929455,2,0.7519267702789886,201.9761283589158,16.48227835065444,179.61962129138908,0.1203002858725534
software_repack_000171,software_repack,1,0,0.8081112450318303,0.408287226234965,0.5687296885240027,4,0.6507424009872353,243.18807261296408,18.20672855970813,2.1414902028091447,0.1476184656244951
software_repack_000172,software_repack,1,0,0.5752732870491599,0.0832969270815734,0.3477726676758539,3,0.0895624604302745,236.5862835268107,23.01788930554711,33.600092430732914,0.1413989666155409
software_repack_000173,software_repack,1,0,0.8684429861361876,0.2078021914363617,0.5699585247518141,4,0.6576498089873872,132.48036741057948,25.217054760875165,38.37895848392026,0.1516765398395136
software_repack_000174,software_repack,1,0,0.3356820836215591,0.1984979362424641,0.4826181316166156,3,0.3986768508801287,191.28819948156595,28.00235734866736,60.7014247789579,0.1606878860121174
software_repack_000175,software_repack,1,0,0.2095852285937091,0.2937477135930844,0.2937477135930844,0,0.3057030967140246,60.0,14.483944457078971,47.2450882407469,0.1833396965319145
software_repack_000176,software_repack,1,0,0.6206005530734469,0.257011932664739,0.4799284580486547,7,0.4132708097179,77.47599865353159,25.44201144260779,134.3985479207417,0.1599503048845845
software_repack_000177,software_repack,1,1,0.9714697810898558,0.2677248643572391,0.3058165835273266,-1,0.3785331736753191,273.2393337674352,19.02532226181,147.41444029160127,0.1311451871103639
software_repack_000178,software_repack,1,0,0.6315869970264114,0.1622298937145909,0.2911228605045469,-3,0.3817887951981732,176.24582279967552,19.66638340162434,53.61658703310026,0.1327241878612869
software_repack_000179,software_repack,1,0,0.3951207834215668,0.393763828995281,0.4774902652478947,4,0.1076963227199471,107.63799837008536,27.52804780920706,153.50267733324154,0.1517884739002609
software_repack_000180,software_repack,1,0,0.7612164304170259,0.6223592145188519,0.6223592145188519,0,0.051729081459684,124.61169033168004,17.185370247549347,34.88958697725279,0.1478845629801994
software_repack_000181,software_repack,1,0,0.7084420451062358,0.1319753150366645,0.4012479155742001,4,0.6175551608106862,146.19074930819284,25.97916461740404,180.66116180631437,0.1320467975318958
software_repack_000182,software_repack,1,0,0.6116865321154277,0.3119693222709651,0.6236575190410689,6,0.4541700675877272,119.83899237491926,17.49982638390933,54.68947971513843,0.1788225475235154
software_repack_000183,software_repack,1,0,0.5068690540757631,0.2244992116328343,0.302229331541016,1,0.4974616433550633,172.59654738864185,20.99723116934345,6.206960929080296,0.1683624288296874
software_repack_000184,software_repack,1,1,0.9035673942524832,0.1776807236259638,0.2876230657660038,4,0.4422123587201171,298.2003267112888,24.012164989093563,101.74860184003174,0.1361664486518227
software_repack_000185,software_repack,1,0,0.6664963415679405,-0.1464555764699668,0.4415494695563891,7,0.5343203309179944,409.5375639368152,24.05190387395563,139.18964370994354,0.1459707641104466
software_repack_000186,software_repack,1,0,0.2938976825633114,0.6052823669387812,0.6618169520784227,1,0.6197930337967622,135.87702860336674,15.376863669019814,106.77309748681328,0.1745213842230496
software_repack_000187,software_repack,1,0,0.5052664357626757,0.5544660866749413,0.6113715763182753,13,0.466540041065024,115.54383231697544,16.082605909221755,126.18059779752892,0.165884370076965
software_repack_000188,software_repack,1,0,0.2776093623332207,0.507116696910674,0.7298310293235208,6,0.5933413343607181,153.1069791203029,28.09016440491878,72.82249405359856,0.2063304302096441
software_repack_000189,software_repack,1,1,0.8358451116964801,0.7092314340575038,0.782676334139874,1,0.8413053880627002,332.9961231544688,21.99904083334204,40.295376017870936,0.1907237613546188
software_repack_000190,software_repack,1,0,0.5479885652126217,0.1503395819386785,0.3071238094553927,2,-0.1045435819022171,163.28220105340586,23.0556329656779,30.59697642057053,0.1197676078316644
software_repack_000191,software_repack,1,0,0.7702495283000691,0.6362484002600433,0.8341168807023226,2,0.821743208735153,206.80458745105983,28.010818174067943,40.796492224552495,0.2780376808717103
software_repack_000192,software_repack,1,0,0.5079228791675667,0.5601176463085915,0.661400055825732,1,0.4111803486812893,141.51264775151776,23.853251341280284,57.84733280773661,0.1411379683143667
software_repack_000193,software_repack,1,0,0.6778708528149568,0.2656505960201851,0.4162780127281957,-5,0.3516982912690166,204.65907406117475,21.18631618203296,33.036834591483625,0.130698574734044
software_repack_000194,software_repack,1,0,0.3468436348256564,0.1191825431910896,0.4087340256838796,7,0.1002657235341652,263.9551664268177,24.198706467491007,132.39373646131904,0.1249952854619619
software_repack_000195,software_repack,1,0,0.4522402938395134,0.4404401264662168,0.685173027865746,5,0.3447324677870114,383.6478952055713,32.668688984438255,69.67228075530385,0.1490561224280181
software_repack_000196,software_repack,1,0,0.7177868324263564,0.3777290772195613,0.3777290772195613,0,0.4655705965773836,174.22411312994493,29.96909251036255,96.79425154456544,0.135693602865429
software_repack_000197,software_repack,1,0,0.5722626298597674,-0.134711938623272,0.3143431531688025,-15,0.8517368021477877,218.9104690919073,13.457086088707303,116.17715880061512,0.1374563945608823
software_repack_000198,software_repack,1,0,0.585886882219695,0.4611353098963824,0.56689433016403,3,0.3350838705028429,138.42896406460602,11.299952551080434,9.318620979761375,0.1459787289654658
software_repack_000199,software_repack,1,0,0.6125457995956775,-0.2979029122298817,-0.1932147495097305,-3,0.6078622713876092,222.6613927281161,19.852460881058523,107.52436964546403,0.1447185643274081
software_repack_000200,software_repack,1,0,1.0,0.1846434264074457,0.3378127379979214,2,0.5012492457190514,268.9063041476571,27.81134886624087,62.10588309314994,0.1419162506433814
software_repack_000201,software_repack,1,0,0.559500290680072,-0.0983831696399957,0.0330232080977837,-15,0.2685257266501232,71.24742697597488,24.474985690861207,133.8813195273425,0.144832580875796
software_repack_000202,software_repack,1,0,0.7146782476366029,0.0236686656745359,0.3046846263151754,5,0.8351147617188895,60.0,21.3275433234381,114.79749295809556,0.1374836535475285
software_repack_000203,software_repack,1,1,0.8370809079492487,0.0009679311748384,0.2941650295207862,7,0.165137706908952,150.34486756727517,18.09252766385471,118.9331530384427,0.1321757984414819
software_repack_000204,software_repack,1,0,1.0,0.5004191312593723,0.5194027405180573,1,0.8209495954741545,173.623199491222,14.805680412777294,178.91594926975776,0.1300647949456895
software_repack_000205,software_repack,1,0,1.0,0.2148373717222083,0.3853521046835816,5,0.3867368074216079,211.7406909706733,22.501455653344102,40.06544474750339,0.1593750118036506
software_repack_000206,software_repack,1,0,0.7780265383112447,0.3154057102465972,0.4008930255334685,-1,0.5844558442268608,150.27070542074057,21.585894771814,65.08383317567298,0.1610309434092435
software_repack_000207,software_repack,1,0,0.9213090391545892,0.4855658402012496,0.4895969876704827,-3,0.5228785261034062,118.26267649316466,27.21837663309472,41.23613268919242,0.126790382352349
software_repack_000208,software_repack,1,0,0.6783496102017396,-0.1906710430108546,-0.1389312873122454,-3,0.801800076548662,146.09255772002672,21.48466805658804,44.178600006548194,0.1414671322355824
software_repack_000209,software_repack,1,0,0.4491234910734315,-0.0031588634144628,0.0833869026103874,-13,0.3356300867249063,186.84146853230283,22.928297493851563,68.9961785440439,0.1151102680535936
software_repack_000210,software_repack,1,1,0.9076132942389756,0.0394045479949996,0.2975446517225029,-11,0.4430839954247699,175.59563994677012,25.92540515561516,67.01687655972844,0.1163453026209882
software_repack_000211,software_repack,1,1,0.9442400185438792,0.1743524002097663,0.2524042817020213,5,0.6601150876246888,198.9050838674608,27.55072089753044,56.07645950185968,0.1380866334104742
software_repack_000212,software_repack,1,0,0.5956281126853002,0.6983861380428278,0.7433347197851162,1,0.4038849413455582,113.34249660559368,24.341394208316053,177.38866317419962,0.1936106232051036
software_repack_000213,software_repack,1,0,0.7156955519680411,-0.194192821760059,0.2141989858264413,-11,0.7724728433321489,212.7281211874689,19.105943943494967,19.837676482577837,0.1154018472618389
software_repack_000214,software_repack,1,0,0.6448593077866309,0.28727437993897,0.360195133578203,5,0.5913674972406281,169.84930946429165,24.60849866121837,37.80807229791666,0.1597007788365764
software_repack_000215,software_repack,1,0,0.3947138823413378,0.1025320111279182,0.1971404531704861,6,0.2079787503543681,162.84088805595974,25.7582209087824,11.921622408755267,0.130364383325019
software_repack_000216,software_repack,1,0,0.693210569234856,0.3889579002964038,0.8177843493144974,5,0.5918361551306568,136.83510480371177,22.441554543764788,48.53852321184824,0.2035946959470523
software_repack_000217,software_repack,1,0,0.5077950780284306,-0.2220580327480044,0.3064289791454584,15,0.5591461687476295,172.3744874451799,23.554633832955787,49.173990698588,0.1627468813004009
software_repack_000218,software_repack,1,0,0.6895578315137512,0.2328831490878874,0.2384449275864807,-2,0.5775317201597767,60.0,31.737775323625648,133.839851083271,0.1179143395864358
software_repack_000219,software_repack,1,0,0.7652087062278439,0.4854500750217186,0.6625101669206348,5,0.6832731003362013,60.0,12.826196246134865,11.965633825143826,0.1625871438984557
software_repack_000220,software_repack,1,0,0.2936746610618895,0.6179109975352023,0.6179109975352023,0,0.6292339441285377,316.231117863265,19.644892929535597,26.517445490596124,0.1510030716713875
software_repack_000221,software_repack,1,0,0.4535074185291884,-0.0868979483864128,0.4627059346412124,12,0.4354325693849161,60.4772526944152,28.07053125804596,146.46078456613122,0.1616100076280491
software_repack_000222,software_repack,1,1,0.8039730140044745,0.3644277131749783,0.6605683813842407,3,0.6080544086407323,156.23615059079427,14.879336206184067,79.20522522055666,0.1911918928202907
software_repack_000223,software_repack,1,1,1.0,0.6381672686927835,0.6381672686927835,0,0.2173100880228501,190.8250876277085,34.09590679012132,182.55944674530247,0.1763133927709453
software_repack_000224,software_repack,1,0,0.7670435033791485,0.3959086381841864,0.6292889454479954,3,0.5425628353568158,112.6809575505592,25.739771339011,48.21850075705286,0.1976933423844417
software_repack_000225,software_repack,1,0,0.1662519554423895,0.1969387462930993,0.3398181980376128,4,0.6450628945664356,75.14714621229174,17.7621284273367,38.94169353734216,0.1522334532984116
software_repack_000226,software_repack,1,0,0.7271654851580046,-0.0432470685244776,0.0637988367326412,-7,0.3711832610337566,60.0,24.460415637982507,84.5840370616366,0.1164644642233717
software_repack_000227,software_repack,1,0,0.2504692128514624,-0.1085714927226082,0.340341201519555,-14,0.559864817409307,102.06831502377769,29.87540895098853,52.125643184225815,0.1455322497830306
software_repack_000228,software_repack,1,0,0.6975510207621596,0.4723955858687192,0.4807252669804204,-1,0.6136072173047141,148.36013876364265,12.34772972218438,92.65457677515396,0.1605492330234994
software_repack_000229,software_repack,1,0,0.7050566312652069,0.2897003221926271,0.4819374098686773,15,0.3559252689098519,60.0,17.853860267723284,50.642453545597256,0.1587079590832691
software_repack_000230,software_repack,1,1,0.9215722337932122,0.3664151309248834,0.4308125741996135,2,0.4399881297584406,194.95777930543144,21.203508321673034,109.82098934523134,0.1370386349391013
software_repack_000231,software_repack,1,0,0.8441861252981508,0.4228881871284906,0.590569799380371,6,0.5377959863922268,207.9354455397573,20.328223716722917,87.02010194244164,0.1613786245928887
software_repack_000232,software_repack,1,0,0.5012983815550377,0.2579113033927757,0.3040714922294411,13,0.5198345818864989,101.91865218655828,34.65991260583982,57.194421677745865,0.1346507249097391
software_repack_000233,software_repack,1,1,0.809430369357233,0.4991062259793344,0.4991062259793344,0,0.5741726943320615,158.93285791978732,22.890403166729527,54.96472499610355,0.1544102430637115
software_repack_000234,software_repack,1,0,0.6926266412214399,0.622709877476222,0.622709877476222,0,0.3123680137401341,243.6723380785589,22.641042809622675,128.67620466536007,0.1715202440880024
software_repack_000235,software_repack,1,0,0.580843065955406,0.5332845004909744,0.6118338967388282,3,0.3442279362828338,224.8684790063258,23.788794454647714,142.91570956801544,0.1555613904025588
software_repack_000236,software_repack,1,0,0.5510881786528152,0.3968689884341843,0.5141300356006396,5,0.8879999650713792,177.29643067149925,21.92671472616788,154.98163492504136,0.1575514077748199
software_repack_000237,software_repack,1,0,0.5200018797693615,0.0956761751805434,0.2332962163316203,6,0.5464413041925974,176.0206028097194,24.6266084449,70.60259400666364,0.1281683675186961
software_repack_000238,software_repack,1,0,0.6539612598857094,-0.2699956405561969,0.2019630814873302,-14,0.4848228433597709,60.0,20.56540875715202,26.810561056710306,0.1266221572190353
software_repack_000239,software_repack,1,0,0.5974309675397453,0.0920768233033754,0.2090249442321095,6,0.5556016122758696,177.4395094735607,32.89790325281813,150.46618413857584,0.1444730755818146
software_repack_000240,software_repack,1,0,0.6156243797127806,0.3501450129286208,0.4022555962549392,1,0.6923495144688692,275.1689401621605,28.222555495702807,98.48980598695113,0.1575712650940263
software_repack_000241,software_repack,1,1,0.7908561223858377,0.5460162060830733,0.5572899528405024,1,0.757183123334992,299.67755710510085,23.7226681807773,0.2401326050368339,0.1597065089295934
software_repack_000242,software_repack,1,0,0.7252472957652639,0.5607546515337906,0.6843253354279335,1,0.4579390357423998,123.90871859442,14.612630815138832,94.18229614162232,0.1423092388701987
software_repack_000243,software_repack,1,1,0.9967924020211664,0.0954934474395106,0.3428350606342309,7,0.6387405535933633,330.8088162286099,27.396402274009223,162.4492316120116,0.1424363264785928
software_repack_000244,software_repack,1,0,0.658948366410846,0.0964099679959995,0.1990443154904926,4,0.7634804030987832,179.31079902157157,21.056964642173497,70.34845928516978,0.1410280241620095
software_repack_000245,software_repack,1,0,0.8170941321111024,0.2481568783968997,0.8167500274587435,7,0.7734658639889922,313.49523745461806,20.37314967711164,96.75751977373956,0.207799208751692
software_repack_000246,software_repack,1,1,0.8882304770728844,0.1846941668520622,0.3203280659012323,2,0.3679010144781203,167.123183431666,16.73169035199045,93.4241640282582,0.1227563383581583
software_repack_000247,software_repack,1,0,0.4657518253068758,0.0095746316613264,0.2288422361700012,8,0.462965748400187,104.42777550235496,35.0,65.97399237153414,0.1349404059372954
software_repack_000248,software_repack,1,0,0.1610187724331688,0.2070830970818483,0.4911504951019599,6,0.3717210523899198,60.0,35.0,29.909611777005168,0.13324510911204
software_repack_000249,software_repack,1,0,0.5134151350406092,0.1095919852666129,0.3273917737129145,3,0.2958405430682396,209.81794790422776,16.579628570576592,30.659398377382963,0.1280156151372744
software_repack_000250,software_repack,1,0,0.6201396747787905,0.2034317208324119,0.4326024613038098,7,0.3689892367373787,185.3525603110528,20.689898626174177,96.40975502725034,0.1359134449127925
software_repack_000251,software_repack,1,0,0.05,0.1928423265937678,0.5301332766789276,5,0.5737426862225699,60.0,9.957446679154186,13.463428177956594,0.136968250481381
software_repack_000252,software_repack,1,0,0.290052751915949,0.1725175890028888,0.2606387001963639,4,0.6481552457491657,79.93664170923458,18.484119849252565,70.04580647244738,0.1390729039925719
software_repack_000253,software_repack,1,0,0.6777775669493891,0.7629128566600998,0.7783194150433246,-1,0.328859916807897,297.2184254391327,27.485598989172157,69.71320309419895,0.2021096437414218
software_repack_000254,software_repack,1,0,0.8792833603177442,0.6994869755494155,0.7188018489333816,1,0.8670510974914512,64.76019943444098,31.41069920340985,37.28597230752514,0.1784855486548849
software_repack_000255,software_repack,1,0,0.5775941278900327,0.0744183366703269,0.0849344651899215,-1,0.2966894305783412,149.84703677230237,22.23303148119604,43.37621873788818,0.1157239444347211
software_repack_000256,software_repack,1,1,0.8301066029992994,0.2828372023006191,0.6127230441704279,5,-0.066022178679853,244.235958884515,29.885749842538424,103.91776309150892,0.1483494823866124
software_repack_000257,software_repack,1,1,1.0,0.155383470631967,0.1897194510979852,2,0.2954924558641234,60.0,22.767145411362243,160.30630077570137,0.1342869848044522
software_repack_000258,software_repack,1,0,0.4192923826873591,0.0345920290445499,0.3078371063630352,4,0.700813082358983,60.0,25.55049971590089,145.51002417802596,0.1129371744209968
software_repack_000259,software_repack,1,0,0.3092349582333993,0.4144751762415505,0.4869772946994147,2,0.372058586150932,139.47724528453327,16.018960794549095,146.6608590589437,0.1678337363407338
software_repack_000260,software_repack,1,0,0.3502322245130505,-0.1877925959551003,0.1256067151571484,15,0.6952702848807298,175.01407472866816,31.7608757055756,81.70887340966732,0.1473746840048838
software_repack_000261,software_repack,1,0,0.4406602607745805,-0.2058773517288289,0.2141608484900207,-14,0.521722327797052,77.7279296885768,19.671480958001705,82.77822776088311,0.1010825291302279
software_repack_000262,software_repack,1,0,0.1759970361195032,0.6288553770005267,0.6288553770005267,0,0.8005356760282898,365.9582929954133,28.869384626461,10.484013073832188,0.1676669535255911
software_repack_000263,software_repack,1,0,0.6768674148237389,-0.3149273020690677,0.4621079710831562,13,-0.2056917014193013,253.9194313520293,17.327916425949187,59.63005323261528,0.1394142002045486
software_repack_000264,software_repack,1,0,0.2701698788889743,0.3382477628277934,0.6558973524802442,7,0.5449150073710315,139.23504331240127,19.853146995261035,49.86470144521904,0.1808476985993053
software_repack_000265,software_repack,1,0,0.6742233304491949,0.3335668296959632,0.4386390839161452,4,0.4610033978042839,202.0122844836423,9.9802815512647,80.40302735608257,0.1550576229563035
software_repack_000266,software_repack,1,0,0.4795271933788727,0.3325919563688468,0.3407190819585816,1,0.6590938909157815,267.7925302194429,20.81590705635178,35.09587417400566,0.1374826782571223
software_repack_000267,software_repack,1,1,0.8641952794554578,0.3753496735915947,0.3753496735915947,0,0.3301820165427558,149.16332874239308,24.29714801481835,3.159268987268149,0.1486744479897503
software_repack_000268,software_repack,1,0,0.7287595657689286,0.6468642310659332,0.6468642310659332,0,0.4845502286908956,73.53369955448746,28.52908751814745,85.75924685072168,0.1716440788497349
software_repack_000269,software_repack,1,0,0.7450844255626097,0.2606821228714597,0.3701871358875823,5,0.8647499018765447,153.2695554268139,28.962682890979583,189.06840956077,0.1471368873218682
software_repack_000270,software_repack,1,0,0.2840063311435969,0.1467730035552976,0.3066767164200776,6,0.2094138750361094,213.26165493843592,14.447708952932311,66.32462598410609,0.1465921595203204
software_repack_000271,software_repack,1,0,0.1759365313933993,0.0419561796814073,0.3550302753338045,4,0.4138032830665963,190.81658920313305,35.0,123.40478774753942,0.1631730473988154
software_repack_000272,software_repack,1,0,0.5320943069916263,-0.0240603281226374,-0.0240603281226374,0,0.4186913209249782,120.48658602848842,23.16701534928865,69.42702338698524,0.1408870870911233
software_repack_000273,software_repack,1,0,0.4277479232114244,0.5813657750785829,0.5813657750785829,0,0.8475742920396602,67.99253079707591,33.893093747456305,92.41272350747724,0.1421545528621073
software_repack_000274,software_repack,1,0,0.4976088500039626,0.1525880116034157,0.225073762842737,1,0.1857164691258762,258.73167578133047,18.259742038724777,39.939469988770135,0.1389732094896558
software_repack_000275,software_repack,1,1,0.8869041387679777,0.3640362716167085,0.3831197818963145,3,0.5888841947908546,213.72802070992208,22.498774584723485,81.2366418186473,0.1578050434965065
software_repack_000276,software_repack,1,0,0.5591864670070642,0.5243901361597699,0.6558068240962172,6,0.5142250546070475,110.47288887615832,21.41275844252521,91.08783196778778,0.167282065957865
software_repack_000277,software_repack,1,1,1.0,-0.0037975171419492,0.1494883452362781,-15,0.7495439640314161,382.2806974090182,19.120816012176903,2.79102051879282,0.1427584662383194
software_repack_000278,software_repack,1,0,0.4112785234974919,0.2642465479044972,0.5034485615713662,7,0.3012600984902557,85.62380750351365,33.98120844805024,50.988293452073634,0.1135611109553128
software_repack_000279,software_repack,1,0,0.6830459315632219,0.1808638036336496,0.3321721490252796,5,0.444110398410296,60.0,25.05301622100607,85.394130503575,0.1262639539925791
software_repack_000280,software_repack,1,0,0.4490740435435749,0.3220761340961712,0.3958358164518644,-4,0.1581011947064885,204.58669895790385,35.0,138.12292878676934,0.1361127276922162
software_repack_000281,software_repack,1,0,0.2515846787855475,0.12045767561974,0.1689290374329148,-1,0.6670758007362214,149.20304653281912,20.35336478383184,105.65327673886762,0.1315963411233993
software_repack_000282,software_repack,1,0,0.2936034617167452,0.3239125686487135,0.3586724781720007,1,0.4989248520829132,71.4935639525776,25.35013540940141,97.5585361948526,0.1464734862506853
software_repack_000283,software_repack,1,0,0.5796756928545936,0.6134179725075861,0.6570307823814254,1,0.1776742743327848,329.7692881304811,16.999801586850456,59.10234250924887,0.1695786691512046
software_repack_000284,software_repack,1,0,0.2516570687261816,-0.0398240364234008,0.3847797876207169,-10,0.3501880751324318,165.36991552126997,21.04111839761413,138.0115742992598,0.1406948658227733
software_repack_000285,software_repack,1,0,0.6973371065409646,0.2354789571571548,0.2744096267494137,-2,0.5177811352557883,273.88505761214054,16.807652304357905,16.802720817343378,0.1324286456599793
software_repack_000286,software_repack,1,0,0.7857745964560132,0.4200752877947136,0.4200752877947136,0,0.4801915093773006,476.2457323147006,22.11008703791279,53.9473919092359,0.1550167044176424
software_repack_000287,software_repack,1,1,0.8029661245263957,0.2954658716442466,0.3179625526251478,-2,0.4797514793109313,93.83527538597808,25.29093252934773,4.624977838357872,0.1376745451103239
software_repack_000288,software_repack,1,1,0.8789620737028139,0.2630982476936313,0.3097872104437958,-15,0.7164908185819029,182.79670672219373,23.97433996381352,70.85040906745104,0.1282429724211891
software_repack_000289,software_repack,1,0,0.6445588825821955,0.3307633520271794,0.5011899939882709,2,0.666348889318219,249.2998262442471,14.138167835726506,3.949746113687184,0.1372550640723372
software_repack_000290,software_repack,1,0,0.4650531672384729,0.651625244898878,0.651625244898878,0,0.5956335581118503,60.0,26.642587581908856,99.67186704888285,0.2038667510126804
software_repack_000291,software_repack,1,1,0.9621112321938056,0.0746186185466207,0.3137018592608014,6,0.1473933985747185,186.65574655466108,12.661065611092308,67.68116542551205,0.1566914121703434
software_repack_000292,software_repack,1,0,0.678832041202442,0.0642863010748304,0.3976478213887044,6,0.6625635569022383,173.74442576455394,17.702342062760913,2.54326300320826,0.139598400045236
software_repack_000293,software_repack,1,0,0.2268274276366193,0.541630091122273,0.7479055861275933,3,0.1556661444085656,270.8603375906216,25.091866878300564,96.8725298543698,0.1822138293279508
software_repack_000294,software_repack,1,0,0.940976649559166,-0.046644079518583,0.6001775492988113,-15,0.6487548943874313,360.94605616108856,15.032926180219643,65.73127440852129,0.1398113176128866
software_repack_000295,software_repack,1,1,1.0,0.4004489397318369,0.4004489397318369,0,0.4564964745417223,170.798772695382,19.148934247700915,19.608974930361757,0.1412339325826146
software_repack_000296,software_repack,1,0,0.7663218911598401,0.2184144825616266,0.3423508511910467,2,0.7049820136697658,141.76706892263672,25.329673929794733,96.17809318254936,0.1272802634354639
software_repack_000297,software_repack,1,1,1.0,-0.0993849782301129,0.0525853210643556,-12,-0.299856878054646,263.0327131926624,15.783055947995605,88.19451104050805,0.123310972139685
software_repack_000298,software_repack,1,0,0.7387527063575658,0.3714383913821201,0.6509357497389076,2,0.6193818086346552,209.0145382767562,25.992264790057487,64.2820086293557,0.1656220789392486
software_repack_000299,software_repack,1,0,0.6511895902339468,0.3195197296877448,0.55640708556338,5,0.2604769823566907,287.0100121708398,23.235770378691896,71.44750855881951,0.1922850169922648
software_repack_000300,software_repack,1,1,0.7864913898497707,0.1869554331337452,0.2896736060394844,3,-0.1160922502070781,195.9602770628708,24.34544292687134,27.16410114594425,0.12416886140876
software_repack_000301,software_repack,1,1,0.9514016531252472,0.5666779179965532,0.7456439672253229,1,0.1334957249305211,216.57119315370437,26.87417667496853,14.15635491200372,0.1920016365917804
software_repack_000302,software_repack,1,0,0.6371233975656551,0.4380169282412128,0.6887661657024065,6,0.5788592868299576,208.0394566977894,26.45033238592442,31.93569869919142,0.1882206317409815
software_repack_000303,software_repack,1,0,0.4884420609787038,0.4010734880408611,0.4843393131465008,2,0.6852985591851045,323.78296436624504,22.64658436097645,29.32158333426031,0.1194299592983323
software_repack_000304,software_repack,1,0,0.2956804663992938,0.4797477988341109,0.6443605363969165,2,0.3021982106802937,76.80280811330512,24.899106629229557,44.15818337837143,0.1412739956450743
software_repack_000305,software_repack,1,0,0.3438382440111486,0.5377566757405357,0.7093830366417719,2,0.3795477321838194,113.67624931091152,23.478919407995352,52.97876703404575,0.1722027015241836
software_repack_000306,software_repack,1,0,0.3650620346675186,0.0822327486818544,0.4245951887740641,8,0.8268479295105441,66.80282219964926,23.549931062896416,49.8571772847022,0.1402877007440948
software_repack_000307,software_repack,1,1,0.9061311432979072,0.1738794682355285,0.230992085931319,2,0.5851598345327834,203.2578512901657,13.59152095113085,112.31670796149558,0.1559358545294046
software_repack_000308,software_repack,1,0,0.4968864207561649,0.036939556619781,0.2912642727238263,8,0.822216442426289,60.0,22.212489392876613,23.433396091777038,0.1442694523976101
software_repack_000309,software_repack,1,1,0.9719431963151176,-0.0906971855460319,-0.001209038715184,-3,0.6711020941473252,122.7471755458549,18.191468492817226,109.43257609055196,0.1227245492873881
software_repack_000310,software_repack,1,0,0.4857642555645283,0.1417823574074916,0.3636627632761319,-15,0.6607207580128465,298.12175312895977,14.111424282436309,165.8671179411985,0.1512019267611791
software_repack_000311,software_repack,1,0,0.2311377305984798,-0.162637486777822,0.2517116135202392,-15,0.3776091661861174,73.02825558559539,34.18005825955215,186.16600455204969,0.1407833230102744
software_repack_000312,software_repack,1,0,0.5425103262844884,-0.2306320576806601,0.2259133181623536,-14,0.3763312561716093,182.7401543189408,35.0,153.63544934001908,0.129284873628399
software_repack_000313,software_repack,1,1,0.8622600436590135,0.0344672116891327,0.1423538092005359,6,0.5076909733289986,233.85973696150157,22.33945874091902,27.274254666581925,0.1107419450252315
software_repack_000314,software_repack,1,0,0.2931020859180269,0.1670476294967367,0.4662066014299896,6,0.4966231688835704,60.0,32.02410506060576,24.992786536483663,0.1455825741373297
software_repack_000315,software_repack,1,1,1.0,0.398409755801698,0.5471935255152353,4,0.3080929281555736,220.03920036134625,9.509742453268633,26.102604858542165,0.1542411002386452
software_repack_000316,software_repack,1,0,0.4988933614204235,0.3463891857720119,0.4985667445215175,5,0.5622248445889407,185.7696697371018,30.33398262092292,37.95591110414945,0.1634452621261322
software_repack_000317,software_repack,1,0,0.615034259157766,0.1718424708723088,0.2103126463994079,1,0.7790168058295132,163.41979660088083,15.974702230367068,64.40731294067861,0.151990544887472
software_repack_000318,software_repack,1,1,0.8534622093652601,0.3726410451455474,0.4362201403805623,3,0.7714265224759597,254.0274928020704,16.57524102288161,4.42128766503069,0.1289871788817467
software_repack_000319,software_repack,1,0,0.3564204658345527,-0.1984186030096942,0.0794438518345106,13,0.411690187532106,76.21683958597772,31.14595401199419,43.92291049633798,0.1134748545575286
software_repack_000320,software_repack,1,0,0.3466971167238801,0.2875389117995278,0.3244082762140904,-2,0.014062099457312,213.46673870439332,19.36744267300697,124.00991022721698,0.1422481880822705
software_repack_000321,software_repack,1,0,0.7783405695624811,0.5287444785496467,0.5351355256034572,1,-0.0756909089073906,92.83698708165178,16.995753412020697,46.81977507835784,0.172141836451724
software_repack_000322,software_repack,1,0,0.4139992097803978,-0.1373541689046244,0.2868787339944076,7,0.55104003714188,191.3949758381492,29.11984882149069,93.78401707156002,0.1277790268664088
software_repack_000323,software_repack,1,0,0.5610902699351555,0.3026248800373268,0.4392854167487491,1,0.3578217335350702,287.3928456231829,11.843419034438234,60.92420429147857,0.1475514011126258
software_repack_000324,software_repack,1,0,0.5114734788558638,0.5806246198788237,0.6291786194569422,4,0.2654657200150689,186.7700209580921,19.310044701299752,5.562627746204754,0.1709475908606447
software_repack_000325,software_repack,1,0,0.811495838193412,0.032855777878176,0.2996096401638882,-9,-0.0449901562710821,150.9025453486567,32.247761010985705,107.06859714119716,0.136232904985961
software_repack_000326,software_repack,1,0,0.5612901174539903,0.704089559968996,0.704089559968996,0,0.1741433307640393,108.58015677886604,32.043986056847906,15.369853627073084,0.1776264760129237
software_repack_000327,software_repack,1,0,0.7528834801087402,0.259066778132515,0.5167087040978464,4,0.6001238959120179,92.92072917254006,27.006605634831462,39.32019261067967,0.137009846301842
software_repack_000328,software_repack,1,0,0.6221833324730935,0.1545331535065205,0.1545331535065205,0,0.6140271517131868,170.7693466647866,19.360286636974102,94.38727558339738,0.1395271010254879
software_repack_000329,software_repack,1,0,0.6207403946327201,0.1837991411530827,0.3518355048919627,7,0.4685792720346637,211.59347974063695,26.477660459180942,33.54565892019359,0.1373292971733203
software_repack_000330,software_repack,1,0,0.05,0.5373552078828293,0.5373552078828293,0,0.648340019834519,201.845998231741,27.529691423420537,5.728717932608049,0.145058370464786
software_repack_000331,software_repack,1,1,1.0,0.542578195188732,0.542578195188732,0,0.6541459537756228,284.3075932594773,11.72296345435478,30.04235248302321,0.1819084385675664
software_repack_000332,software_repack,1,1,1.0,-0.1081065659507029,0.2233593106764166,-15,0.2479331933395145,140.60263563803565,27.18945724712067,92.13237885550438,0.1381025777966115
software_repack_000333,software_repack,1,0,0.3576442957371288,-0.2191663958297466,0.071533657101267,15,0.52637174212522,60.0,11.008200158048064,99.90213171560646,0.1416819372029382
software_repack_000334,software_repack,1,0,0.3192351238377628,0.6601407928154225,0.6946041597946927,1,-0.0391991631287173,169.3977639484579,16.46770961655611,76.95614847287382,0.1828090678366613
software_repack_000335,software_repack,1,0,0.1152680106251277,0.1068053697085091,0.2451590682726077,6,-0.1196664702100746,182.3586959114572,26.082429233978,68.3951956236047,0.1397882692049392
software_repack_000336,software_repack,1,1,1.0,-0.103343192751263,0.0312490980357561,4,0.8119848495058007,123.94739465772882,24.37126901856288,53.67348752389644,0.1378310891318853
software_repack_000337,software_repack,1,0,0.3938371669609426,0.152239541452538,0.3502309251890229,3,0.4613682483959309,284.0536307999445,16.827672108041355,6.35736139633017,0.1177601459421428
software_repack_000338,software_repack,1,0,0.5533537419378279,0.5315009934408687,0.5694358568785248,1,0.0028086110617572,172.23997078059068,26.646605045942096,63.10599652724033,0.1792780912271928
software_repack_000339,software_repack,1,0,0.7158902179937546,-0.0608062420311215,0.4262686142180144,7,0.5010509841229905,227.8515019374837,31.521176405770635,127.84538707156835,0.1245449069708272
software_repack_000340,software_repack,1,0,0.7414045833250242,0.4794605018016336,0.5405730057063787,1,-0.027722826311194,165.9798844919894,19.007691903589688,144.552953486273,0.1419500847904498
software_repack_000341,software_repack,1,1,0.9464158889316951,0.3876856940526239,0.5159835759509601,4,0.2359126643305412,298.12621311098405,18.6571061388199,20.06495770636857,0.1443454876117328
software_repack_000342,software_repack,1,0,0.5992048212088955,0.2897580835094526,0.3139534746728951,-1,0.2004155831246657,257.10817572903704,26.793744312933512,12.933588642585292,0.1343808887047503
software_repack_000343,software_repack,1,0,0.714946673831696,0.3929790020603284,0.4327316618478712,2,0.5939905999130758,218.47022720170816,25.220442465406176,47.57340263718507,0.1375890345732833
software_repack_000344,software_repack,1,0,0.8902362833319899,0.0976411608342716,0.3458964502655644,-13,0.6640258306058493,128.23797333130764,13.215059473335106,151.23847550289238,0.1386940958250122
software_repack_000345,software_repack,1,0,0.5104002900787573,0.3699440262009819,0.7040272177747032,4,0.6284292119212883,60.0,9.083936950179613,86.07114271680955,0.1519574035677134
software_repack_000346,software_repack,1,0,0.5428574005026099,0.648414170021715,0.6913746632417385,4,0.406249703310798,143.2594843746822,27.96694789061536,120.0187029741972,0.190756192025027
software_repack_000347,software_repack,1,1,1.0,0.3801975055527379,0.555965192725626,6,0.7577251749763936,141.5008279151068,27.60489726209209,71.36561179261867,0.1565766222750988
software_repack_000348,software_repack,1,0,1.0,0.1387941427419654,0.1557760765359441,-15,0.4878904613081964,151.54239140094234,11.66423355944973,30.4290036802452,0.1181250495181429
software_repack_000349,software_repack,1,0,0.5531255636994528,-0.1089949608748051,0.3962443338485021,-11,0.4322728723725889,104.31278389945592,19.230268469753725,17.249015198980025,0.1538614860981985
software_repack_000350,software_repack,1,0,0.6792579448481408,0.0120020240374501,0.2133556382323565,6,0.0752735149162992,60.0,23.36721155801305,93.10915516347576,0.1400100538546167
software_repack_000351,software_repack,1,0,0.7885311108462392,0.2371546478115803,0.5511636919244268,11,0.4916339055671305,148.9531443161726,19.492955944998734,64.29031060766614,0.1654439278535216
software_repack_000352,software_repack,1,0,0.2948539476090714,0.1183032493934989,0.5864222875332082,7,0.8450728156133887,195.24571509794148,29.094136604668694,29.7874544678308,0.1331891089873533
software_repack_000353,software_repack,1,0,0.4217937143012397,0.228172388673547,0.2725556518116129,1,0.6863574854861488,310.98917557460163,23.40210184812812,101.48299854341172,0.1246391720724085
software_repack_000354,software_repack,1,0,0.7033889604168819,0.335630775732652,0.6253360018721933,5,0.7051042968647343,76.48653542974989,25.025548636723173,7.744914153102101,0.1455409423042521
software_repack_000355,software_repack,1,1,0.903086051744233,0.5008075067888784,0.5008075067888784,0,0.7356393695574736,203.3727567035451,32.07824368893456,134.56486830022735,0.1526650242886259
software_repack_000356,software_repack,1,0,0.6567965087579366,0.1651624582188077,0.1651624582188077,0,0.5703699617198661,313.8491586232204,24.2183451099918,77.96462995512944,0.1264034161379252
software_repack_000357,software_repack,1,0,0.8305734754056375,-0.1639604893060743,0.254748014508992,12,0.3553142854947166,278.5156728633957,21.55703383631278,101.0529420260328,0.1048962161092518
software_repack_000358,software_repack,1,0,0.780222949785434,0.1322948354647094,0.2247857725028545,15,0.5250480104149798,199.54074332197035,16.40849435273452,68.01964846964043,0.1609450806651664
software_repack_000359,software_repack,1,0,0.4831526237657371,0.1366767678070068,0.3352773801152737,6,0.7581119561088133,201.60175767203276,31.350965128670605,153.0421220522732,0.1183868141757731
software_repack_000360,software_repack,1,0,0.4462930416665314,0.2860944300569919,0.5985767173506963,3,0.473362614691269,141.2864559970934,27.422085537253825,35.71764437665179,0.1448777487309969
software_repack_000361,software_repack,1,0,0.2668490872570837,0.3736592680264083,0.523297475493825,2,0.6165504289722227,128.67749637578635,28.540107550812937,49.52437914552033,0.1659001418106208
software_repack_000362,software_repack,1,1,0.879343387090421,0.227546274848788,0.3757640906929284,-9,0.5758636869105468,106.23441045715025,24.4493897299234,95.53276465708072,0.1514642103499067
software_repack_000363,software_repack,1,0,0.4477504994198755,0.1398983519617736,0.2037518764105737,3,0.6658693662951534,99.4675144385196,18.19531274311093,105.67049165488234,0.107346691548448
software_repack_000364,software_repack,1,0,0.5189383270448662,-0.0689697654925577,0.2777528964160108,-14,-0.0088954549050276,120.04045734560142,14.869421034832142,41.96463320057805,0.1252511065509579
software_repack_000365,software_repack,1,0,0.6853621925089355,0.6002847742506286,0.6002847742506286,0,0.4968853267921969,60.0,27.392717366362856,45.40211556324397,0.1545839764981311
software_repack_000366,software_repack,1,0,0.7313508702121613,0.1261799619003888,0.3276547111930887,-15,0.0387376209105199,140.40647021143351,29.37602472434468,36.509103934082646,0.1252032205015785
software_repack_000367,software_repack,1,0,0.5186288194086007,0.4292233085491785,0.6343957500348476,4,0.8384171159433599,137.2632884328227,14.021304269267493,54.83566667151187,0.1549747344604573
software_repack_000368,software_repack,1,0,0.3709072832782295,0.0480342376979407,0.2131561013697594,7,0.7576221551263528,270.1522978389598,20.316711978167163,72.40161910133946,0.1183838115586636
software_repack_000369,software_repack,1,0,0.7274999258858503,0.4218206297674505,0.464748592881911,2,0.3956821508743538,160.68497693371387,27.22709041014607,149.3796213881073,0.1385821751476795
software_repack_000370,software_repack,1,0,0.2466886644274599,0.5877864067058177,0.6889646387008875,1,0.7476958093459363,172.03889462465912,21.999802081019,93.44663061420312,0.1908207903832755
software_repack_000371,software_repack,1,0,0.2883968799870464,0.3786558954612315,0.5146688115142803,8,0.7337221174088281,102.86461903465116,24.24162391752488,61.725563931856165,0.161783472966286
software_repack_000372,software_repack,1,1,0.8559493393587919,0.341876768954319,0.4478494595843383,3,0.8739408623429764,102.5188013054486,20.4937891987813,21.49044088026224,0.1194294174344252
software_repack_000373,software_repack,1,0,0.7822121801911073,0.5567039163051252,0.5567039163051252,0,0.1504537104872446,234.59806132238893,26.319691811872826,93.3041220575496,0.1759048517174818
software_repack_000374,software_repack,1,0,0.6758213806848976,0.5311983590411714,0.600692178664751,1,0.6999872482777278,152.0461980939994,24.108117564389,2.088767734162765,0.1897482329015132
software_repack_000375,software_repack,1,0,0.4707343427407212,-0.0068285083475888,0.304826569349666,15,0.1676656067019595,199.15179207708576,26.09574705096088,54.162580359095685,0.1350613236125445
software_repack_000376,software_repack,1,0,0.7873270099349373,0.3790733688875345,0.4581624783527357,1,0.4174727790085969,114.99895923524328,19.64586951737881,25.5962328639121,0.1594266927375616
software_repack_000377,software_repack,1,0,0.6572117813112879,0.3019317483278437,0.3019317483278437,0,0.5189866573259625,166.404771948475,23.61753790164292,10.565183410077664,0.1118506339834886
software_repack_000378,software_repack,1,0,0.5294429179017657,0.4936747719803092,0.5921502304304908,4,0.4001275874602146,270.79465045647964,24.48527819590553,90.99872883320138,0.152060355499171
software_repack_000379,software_repack,1,0,0.1827717022467616,0.2487374698786917,0.6382926641191871,3,0.7042721591139232,123.76939505377788,15.120312739008806,21.52188384818202,0.1960446904177972
software_repack_000380,software_repack,1,0,0.5749937210532933,0.1843632309989566,0.2587745962654489,2,0.2234749977698309,157.8536011102898,20.62144613444178,6.5444922128095655,0.1543863629207463
software_repack_000381,software_repack,1,1,1.0,-0.1771871661076695,0.2732333857407126,-15,0.4614531834223504,136.52015194965932,19.76430870604527,45.67269629536664,0.1334841419299636
software_repack_000382,software_repack,1,1,1.0,0.3305407620790951,0.5541375996181311,6,0.6017594626660969,432.3418765964227,15.959253612765412,18.147058239103288,0.1446738106571406
software_repack_000383,software_repack,1,0,0.3798774544560755,0.2729300094635536,0.3604145246507287,4,0.4453885843368768,202.0743641683028,20.63233777227651,91.73357576202122,0.1337506486367972
software_repack_000384,software_repack,1,0,0.5653887110815565,0.2946022238616119,0.2946022238616119,0,0.4553342244443956,60.0,10.39879757169065,5.932417520565835,0.1165514091281902
software_repack_000385,software_repack,1,0,0.4830962397880335,0.4883362418128142,0.7063869061534667,5,0.6304859768813237,124.50387352456946,17.08810699139177,20.69123775022061,0.1720788213571553
software_repack_000386,software_repack,1,1,1.0,0.5022976337750722,0.6213145780922797,2,0.2997309743349717,345.871660559974,21.32684591263266,119.86160751168453,0.1681412367824038
software_repack_000387,software_repack,1,0,0.503308022537873,0.2468835409702047,0.6540026441509352,4,0.5188796601587158,203.69843953111024,20.68995575546201,62.00582687427074,0.1879759072606806
software_repack_000388,software_repack,1,0,0.3666036465311766,0.1659605805894881,0.3366566606949394,4,0.2374240761581194,298.5693591739693,35.0,108.52514192170293,0.1653116631585204
software_repack_000389,software_repack,1,0,0.4230988126175469,0.2049417350573368,0.3859982255995318,-3,-0.2281702404904368,337.3716098185799,15.951224253705796,96.10242616550352,0.1364859235141959
software_repack_000390,software_repack,1,0,0.7086124638418638,0.2182353755717069,0.3330719514205852,6,0.5639659193389585,426.9291440191468,19.33928652836156,20.646622671849517,0.1215925899844608
software_repack_000391,software_repack,1,0,0.2877697642552397,0.1247053502503995,0.3499355140693692,6,0.3599678734429541,168.4010011883425,32.47951601609124,6.959031177284558,0.141001274375575
software_repack_000392,software_repack,1,0,0.9032469000126768,0.3724053460533107,0.6574880542546339,4,0.4833527721189469,325.142085492432,30.320217408253484,177.34528290460122,0.1537298871694944
software_repack_000393,software_repack,1,0,0.7305502482916425,0.5557432392584113,0.5557432392584113,0,0.4227680422178422,253.80315308012783,35.0,8.446524361997291,0.1682488769183273
software_repack_000394,software_repack,1,0,0.592153408276264,0.2852958506951822,0.339311688944021,-1,0.4697091291865393,208.2752955307436,21.82876100169681,100.0666133049188,0.1496781703215808
software_repack_000395,software_repack,1,0,0.5501362989608614,-0.0404688120470107,0.2795115958294583,7,0.3603688137879697,159.2825133220762,23.80012119808493,85.4604784450526,0.1125813941093964
software_repack_000396,software_repack,1,1,0.8881823729832239,0.1908135676515214,0.2527723684874959,1,0.4928176458320918,60.0,15.056138865678454,131.90745470895368,0.1404754973576186
software_repack_000397,software_repack,1,0,0.5759083393196732,0.1149285900769334,0.1807798162991096,4,0.8920479214886411,338.4857604391193,26.36211944524199,63.13408218937111,0.1315874480010114
software_repack_000398,software_repack,1,0,0.6292999564606735,0.3901868952736642,0.4579644681996697,2,0.8065851350503631,132.66737458028427,26.57192462719931,157.75062297696638,0.1373787615387892
software_repack_000399,software_repack,1,0,1.0,0.3741270320408958,0.7330717466814238,3,0.3882320036858771,187.97322259415876,24.24687738313861,124.92334141431684,0.2356860338313472
software_repack_000400,software_repack,1,0,0.684566427179572,0.010013432183954,0.1338104839321849,-9,0.6299951624041823,204.2602726021485,28.05483978105955,37.422683546100366,0.158318044748257
software_repack_000401,software_repack,1,0,0.7972736157049035,0.066543108884992,0.1210887236628689,-5,0.3368635809692742,112.97127385097788,15.43809385499234,60.72301725287563,0.1334225305732785
software_repack_000402,software_repack,1,0,0.3212908559449315,0.5652454895517242,0.5900422444055241,1,0.5375417753050199,70.0206046280027,18.985618789159687,150.1182461424808,0.1444904537204284
software_repack_000403,software_repack,1,0,0.6235577749499471,0.4027190975831572,0.4610920198749323,-2,0.7588142373569037,109.98873447322556,16.60862500316005,68.96754486018796,0.1086029839634451
software_repack_000404,software_repack,1,0,0.5079507511812631,0.3756317862579167,0.416689692983303,-1,0.3695263664078783,155.09316069243695,33.79580988325685,86.05805209472554,0.126631352556001
software_repack_000405,software_repack,1,0,0.4863285437672049,-0.0028512990040309,0.1913196648238455,-6,0.5191076834248176,325.2439941784236,11.46206141158337,6.509032066178541,0.154038938203264
software_repack_000406,software_repack,1,1,0.954614070717791,0.2545920660326565,0.5851190189962373,4,0.5194192944729324,203.4503796270452,26.572152399082704,19.883956293747158,0.1618949110939362
software_repack_000407,software_repack,1,0,0.7778315505729918,0.3719820164484599,0.4378510452327214,2,0.4527696025980358,178.59126186489092,20.74785372432528,41.25882796339709,0.159965593967803
software_repack_000408,software_repack,1,0,0.6632128190423183,0.5820246009992173,0.593097833618046,-1,0.6584504518864273,245.5284740437279,14.583027161929731,44.13824320606941,0.174256411194445
software_repack_000409,software_repack,1,0,0.5498486238588296,-0.0415274843172049,0.7192373134605231,7,0.621661127530575,60.0,12.875149013532328,208.73272840918236,0.1551679833865168
software_repack_000410,software_repack,1,0,0.7210416896633806,0.1968904603822233,0.7866842822437279,7,0.630013393790157,385.82229912262926,23.666834235185068,36.702173362492914,0.1972449001039621
software_repack_000411,software_repack,1,0,0.5115488300779284,0.3485920310771778,0.3497684398126224,-1,0.7165857042467922,195.96974885848087,19.613957679358045,19.97735134302127,0.1313897948511964
software_repack_000412,software_repack,1,0,0.4984913309013844,0.3906927182101466,0.4393938464965431,1,0.7792033141218168,161.919100637682,28.170960946634143,39.61283879873735,0.1323296334154869
software_repack_000413,software_repack,1,0,0.4678155471762266,0.6445361587943553,0.6610196279418526,1,0.4086391711617015,84.37839591314214,35.0,64.27696311819913,0.186356642249111
software_repack_000414,software_repack,1,0,0.3062272957061929,0.1387872588605744,0.1450038357714038,8,0.4421267243444929,255.74061167016825,34.86576524818378,128.30798502194503,0.1216215749633718
software_repack_000415,software_repack,1,0,0.7346221908688154,0.3940876695860459,0.6565532962381191,7,0.5824278589528292,110.5842674155288,19.300541961879432,24.64806108323604,0.1451521015408952
software_repack_000416,software_repack,1,1,1.0,0.7855341710262567,0.7855341710262567,0,0.4808566778475134,140.18832562968626,25.49892912056972,120.34447475114358,0.2008897796384431
software_repack_000417,software_repack,1,0,0.7405480668948423,-0.1215183387398582,0.2504377979239461,9,0.6932669504884282,279.86763886614096,19.867962024795588,40.87029374001528,0.1252164777477674
software_repack_000418,software_repack,1,0,0.6998583681986046,0.018935528339647,0.1657992548241083,-6,0.4020708799286979,88.34997660087421,32.35365000305694,142.62181745091857,0.1184977924041054
software_repack_000419,software_repack,1,0,0.4571242100896389,-0.0720006164620882,0.5844985057722693,6,0.2092896500692908,150.86301494922267,23.216030947860435,134.8499615058708,0.1434147915111123
software_repack_000420,software_repack,1,0,0.4304437101002625,0.2551203185583474,0.5912392715492357,7,0.3403416075555106,79.08244721407429,28.840057696801424,96.81409759976007,0.1506336561148308
software_repack_000421,software_repack,1,0,0.7183247250093,0.4701366785421765,0.5841596561912037,1,0.6161349580042418,160.97621179177497,23.569193623423327,49.87090620816043,0.185496449814672
software_repack_000422,software_repack,1,0,0.7388967064894667,0.2169789722767025,0.2862089520105041,-15,0.3945404546214886,113.30986664800533,20.90433769079995,150.9978868966968,0.1477174836374946
software_repack_000423,software_repack,1,0,0.919817743034238,-0.1627254605210549,-0.0811008964169553,10,0.6064886537299221,238.4420845973016,27.38368297448654,41.80375304977257,0.1091377729156739
software_repack_000424,software_repack,1,0,0.2602620721087717,0.130953158793719,0.3939305628493552,5,0.4817617736089568,214.29213099754347,25.61555455403101,61.40083216241892,0.1267184512828906
software_repack_000425,software_repack,1,0,0.6988967753081639,0.0771530283768389,0.3991730331257509,7,0.5743357771650134,236.94885828607136,25.81883917971697,54.67594183548806,0.162277425004864
software_repack_000426,software_repack,1,0,0.4473666198905514,0.6888021631626021,0.6888021631626021,0,0.6887294279369657,178.51824655902752,23.730688556859658,94.27091996956176,0.1588313770444148
software_repack_000427,software_repack,1,0,0.7158003640045166,0.0610744469637709,0.4782630417079462,7,0.6853088281082274,273.0301577428707,20.624712219667305,16.897104795637745,0.1663601870257892
software_repack_000428,software_repack,1,0,0.436381041971893,0.5572980008791141,0.7613867573236325,2,0.1280405855618097,144.47746830753022,23.441726265263565,115.53865004837624,0.1812379844425569
software_repack_000429,software_repack,1,0,0.7350572888386824,0.2421186259518373,0.2813226241998424,1,-0.2597092891995807,318.00777497837305,32.25099530825784,18.12031939892677,0.1509477368015441
software_repack_000430,software_repack,1,0,0.5456868016450829,0.4173676178373663,0.4881452024979661,4,0.4776769031689833,137.625540016606,23.672533978120715,91.1260439132846,0.1266758142897741
software_repack_000431,software_repack,1,0,0.5041944979500905,0.3313039620363119,0.3471656747785686,1,0.4022261185958068,233.77664260635152,28.364825513428983,67.4814818570303,0.1314482193257495
software_repack_000432,software_repack,1,0,0.6983514032262468,0.404428568881387,0.5625477897014233,3,0.319816498429772,87.24654932121005,34.848229373603296,91.9041169462604,0.1534064824322829
software_repack_000433,software_repack,1,0,0.6864758283249938,-0.0198261494243853,0.2994796846473873,3,0.5497600615751972,278.44818638496474,29.12317887927581,92.43395918712945,0.1466751139244812
software_repack_000434,software_repack,1,0,0.8011367676311009,0.0834764616452142,0.15635945953903,3,0.7930669498488154,296.2065493900898,8.13178918547482,185.11405046181105,0.1501524738839988
software_repack_000435,software_repack,1,0,0.5110761208624127,0.3328869297561884,0.4068922047782947,1,0.3942198603017914,68.34983145569059,27.453038252414867,32.73922384730049,0.1553940456684649
software_repack_000436,software_repack,1,0,0.5817884190154479,0.2417598785474008,0.3120520404171502,1,0.0392044857429551,107.180690559302,27.56305705430728,49.78577233825487,0.1508681466883175
software_repack_000437,software_repack,1,0,0.8085987077282537,0.4319558748122498,0.4324863011842257,1,0.7197534515344907,93.7000387109132,22.093675189289417,105.90453701818149,0.1536642758706319
software_repack_000438,software_repack,1,0,0.7080565613985812,0.2088618911877081,0.6505798337614264,6,0.8038623998512627,176.95005582970413,27.18498557531359,8.544874995523955,0.2018937840637959
software_repack_000439,software_repack,1,0,0.2226197074011635,0.1621501803701124,0.2542765394126298,4,-0.3365555606089842,371.3125894263975,24.71449956983208,114.70382078757,0.176326425324058
software_repack_000440,software_repack,1,0,0.7619409615567024,-0.0457130258587203,-0.003079676927128,-4,0.4258480457395405,131.84371579505725,27.069765148525946,148.24889612124738,0.141171254859652
software_repack_000441,software_repack,1,0,0.7256716963312091,0.600085564168368,0.7283669959861785,1,-0.0724960127892616,130.78934603739043,22.81388362300551,84.94263401141158,0.1971009331586011
software_repack_000442,software_repack,1,0,0.6484391574773841,0.2940182708827119,0.4020468471605475,1,0.6427660311634706,287.3852006558673,20.88074026103485,53.1148257230514,0.1639618006454083
software_repack_000443,software_repack,1,0,1.0,0.4677966098215056,0.5801908964872854,1,0.53191048724548,201.73853453011137,25.117356277868712,80.05079267614876,0.1604873503239274
software_repack_000444,software_repack,1,0,0.6137828491743609,0.3697972726236204,0.3697972726236204,0,0.0729952663222886,244.238927218476,26.590853042684262,3.0454078857581663,0.1613195953706377
software_repack_000445,software_repack,1,0,0.4981692644113876,-0.1156800590385899,0.3987019694828377,7,0.6292945040325276,279.2966235820699,35.0,61.67190009600907,0.1351167941152093
software_repack_000446,software_repack,1,0,0.9525513053135168,0.1082596756975981,0.2273655482332671,-3,0.6773422036306402,118.25714698682428,23.01965491607273,118.57701845663354,0.1317318834817921
software_repack_000447,software_repack,1,0,0.5615737414658284,0.4118401911065643,0.7455858390096741,3,0.2304774209469245,85.16157164364213,28.82879393991201,37.39708196878274,0.1663354497069573
software_repack_000448,software_repack,1,0,0.437252955534148,0.3719107995030201,0.4247156263161466,15,0.5850210378262737,178.80767946198137,20.91205681630583,53.97546299348134,0.1554199680869802
software_repack_000449,software_repack,1,0,0.8270038828030148,0.3743842558939558,0.5829027665457539,3,0.4909651666327643,183.2147468063132,29.512483949777504,110.47908309891136,0.1635704147780211
software_repack_000450,software_repack,1,0,0.3577564867574964,0.30692838275302,0.3101924174224589,4,0.675272913964834,66.19259998838679,27.43722506836189,54.49264050509052,0.1454985398198766
software_repack_000451,software_repack,1,0,0.7569021944293398,0.351960426655776,0.4411080181436824,2,0.1945626555049188,168.43613006186823,27.693533421773783,140.91284478318926,0.1469654192767262
software_repack_000452,software_repack,1,0,0.3610748272723379,0.3885316487826978,0.5474345858343214,5,0.4862741117717019,120.55965326817196,24.581434024662386,92.62092443728812,0.118454946315439
software_repack_000453,software_repack,1,0,0.422619701950654,-0.1736312437108232,0.1047646000915303,14,0.6294422741896325,146.46156506262162,31.436061301053435,32.440418795653216,0.1422056194936965
software_repack_000454,software_repack,1,0,0.2069162975635082,-0.0433863924125617,0.3645412508940686,6,0.8268181520009296,240.33432802733893,22.862552944281937,26.38335240292536,0.1590628303694868
software_repack_000455,software_repack,1,0,0.6536965768439073,0.1175226880579365,0.2229759681318796,-13,0.7241070954950761,264.43897191426004,26.08660996675645,30.68928375355408,0.1663705103880871
software_repack_000456,software_repack,1,0,0.203843551527626,0.5127386631815372,0.5378289574348,3,0.4626274491695261,331.4858650280403,31.890333142107792,155.92997635612028,0.1575262629385499
software_repack_000457,software_repack,1,0,0.2739986519063909,-0.0062268103526758,0.3463056398002623,4,0.3533096885235584,219.39721223859735,23.297468615087567,15.486067148291234,0.1283608059233781
software_repack_000458,software_repack,1,0,0.5646367657381117,0.3024858295915792,0.4728563258805565,2,0.5919023892759122,108.15219006719984,22.354462540054257,3.747061162381769,0.1351558585976526
software_repack_000459,software_repack,1,0,0.2132734475401549,0.4015504855488511,0.6216509074677874,6,0.7214582125995295,83.79508245773386,24.202970973337298,62.857037350413705,0.148425737824787
software_repack_000460,software_repack,1,0,0.6515682229425191,0.5653315515802075,0.6945014677563025,3,0.5808923952299729,71.25350645767857,32.1296556520061,163.08546484793868,0.1903973242268257
software_repack_000461,software_repack,1,0,0.5007325721639666,0.3458242118687548,0.5336892759719695,11,0.5193147278793361,194.2098137001217,19.31573153449076,13.435876711259212,0.1644863563619434
software_repack_000462,software_repack,1,0,0.0581119550556701,0.3648766163515272,0.5345235694372533,2,0.178617202799702,167.4474118951664,26.400191024956023,138.4394328522622,0.1538972993783982
software_repack_000463,software_repack,1,0,0.4691128189963544,0.6093233766033138,0.6427996911671351,1,0.5815805084977611,304.4948050647282,27.443215539864077,103.39060812578222,0.1648524542151651
software_repack_000464,software_repack,1,0,1.0,-0.0922977282986303,0.429809696315751,7,-0.2650199759538765,93.10881137840596,22.11120873603717,14.188339887594388,0.1428817839787838
software_repack_000465,software_repack,1,0,0.114730224228109,0.1598591583273562,0.4483687866711854,-13,0.7738979127640608,187.27994422285832,18.230630761275712,25.953257409790357,0.1349564461190951
software_repack_000466,software_repack,1,0,0.7046986769436755,0.175204803724532,0.6209955622814204,7,0.7943106226877447,232.48332444939828,25.076561370933607,166.91898523406195,0.1503559821962317
software_repack_000467,software_repack,1,0,0.7114063277009988,0.3177021496455278,0.767114028234305,5,0.7468327699759305,290.82939373457464,22.02781649184763,83.17902965549465,0.1866018592386502
software_repack_000468,software_repack,1,0,0.7114029274792198,0.1461722487943371,0.2195017465241733,4,0.544534094864455,90.615333732161,14.962839609444062,10.088528432809513,0.128069946685568
software_repack_000469,software_repack,1,0,0.8092019548604238,0.2498216755844918,0.3378636494563681,-1,0.486131675776445,288.77143074277006,20.991002440155796,38.54693955682718,0.129930995916177
software_repack_000470,software_repack,1,0,0.3212898099578239,0.3276399315727771,0.6773140354580756,3,0.6401264387361616,120.24279897478736,22.231067919637937,72.0205544994424,0.2065836344491211
software_repack_000471,software_repack,1,0,0.731293354135192,0.3573860685211771,0.5986398779877458,6,0.713992336673231,210.1539924935276,30.75932285904836,105.95226654945738,0.1554677343529839
software_repack_000472,software_repack,1,0,0.6500015604595947,0.3642676568193195,0.3878195550064217,1,0.4773048568445791,142.80328981464822,21.522641622284123,19.540787838131628,0.1707145535715473
software_repack_000473,software_repack,1,1,0.7886343274293489,-0.1628894497856866,-0.0467224167377222,12,0.1321131053134767,60.0,30.1734393895012,60.91380690729106,0.1570246424086596
software_repack_000474,software_repack,1,0,0.5378220252554771,0.1370572609541186,0.6102323517176693,6,0.615081622725143,161.89994654164272,19.35140075859184,185.3334051741473,0.1815387367367018
software_repack_000475,software_repack,1,0,0.6758075677252187,-0.1737851820960585,0.0731592999146056,-8,0.5697810618642083,103.76113688642916,22.455980252166466,63.86777158289957,0.1317959694831238
software_repack_000476,software_repack,1,1,0.8590553683668117,0.3813603029009202,0.5556243645885159,2,-0.0419043545593825,286.0908813675174,25.145792931347152,38.90005450032221,0.1607028652776891
software_repack_000477,software_repack,1,0,0.8603296347406311,0.2013405919491418,0.5155148984975337,4,0.2271425870901043,79.54596088314867,22.288277196563183,14.368115132910724,0.1730570170082898
software_repack_000478,software_repack,1,0,0.2459624507921574,0.2649710773937718,0.4162104545253957,4,0.6030131299729911,197.76879043473457,25.640159995342064,110.2260605015301,0.149803893706087
software_repack_000479,software_repack,1,1,0.9208468393001812,0.3883911656910364,0.7289240188992999,8,0.2763306354375186,203.8820669146008,34.92403005926123,13.804431447615066,0.168724661587603
software_repack_000480,software_repack,1,1,1.0,-0.018635248831659,0.159786752712433,-8,0.3775040574774012,293.2571158625147,27.12062393581804,116.98847972229228,0.1199950840519472
software_repack_000481,software_repack,1,0,0.7828726035638764,0.1066074611978629,0.2526736264307705,-8,0.5521086229947002,236.96845183085435,19.163837480650454,159.55969074243865,0.1281238488277868
software_repack_000482,software_repack,1,0,0.3861308960856964,0.4592988978425287,0.562980724089949,-2,0.7014748201813199,161.52155255610631,26.07734605562527,122.41576793177644,0.1602422261251715
software_repack_000483,software_repack,1,1,0.8543360052482776,0.002576502527627,0.1839116744141229,-4,0.5591259327477732,334.9563480631293,21.274413085626925,156.7230529623414,0.107465872166594
software_repack_000484,software_repack,1,0,0.649750264670123,0.2824910349402152,0.6043189580170798,3,0.4985627727703456,302.93165462183924,25.683818418967995,151.24117732590412,0.1616864012172783
software_repack_000485,software_repack,1,0,0.3235061869270716,0.0014876245340129,0.4098162102031499,5,0.3386231407358977,234.7440216693724,17.503721205783894,24.86122785850564,0.1473622720784992
software_repack_000486,software_repack,1,1,0.7991128217397251,0.3669641645178749,0.4989122298620533,4,0.5764894737521858,206.65012079847628,35.0,161.30192869283957,0.1403545243661445
software_repack_000487,software_repack,1,0,0.4842473988637019,0.2407376162629549,0.3689069625569974,6,-0.0288637671850886,191.82048528317569,25.98777568341316,80.61705716629989,0.1334344825697051
software_repack_000488,software_repack,1,0,0.3491776027210633,0.5658714841490264,0.611683454675953,2,0.2371439357076255,231.1760107789862,29.177909517037158,75.6647349356738,0.1707719718833929
software_repack_000489,software_repack,1,0,0.4896454595117665,-0.1852538397226497,0.0755529645623721,11,0.5441691784818681,99.13098359232076,34.379592833988404,97.8323820947393,0.1358966505176636
software_repack_000490,software_repack,1,0,0.2742274786596326,-0.1276576606768958,0.1215692809608535,5,-0.0672854759886896,166.74457492326155,23.47901377976744,188.4070915066153,0.1460135811082233
software_repack_000491,software_repack,1,0,0.3463436221264157,0.0683655209508255,0.4746452307269916,7,0.7198902474603879,94.65428775169282,22.23057562729681,82.21774857188893,0.1450479488547378
software_repack_000492,software_repack,1,0,0.5141497336402506,0.4172416201678149,0.5502988343999514,-7,0.7659006355574225,256.9041108832345,22.23451878854777,131.07422938911793,0.1349564878381373
software_repack_000493,software_repack,1,0,0.5442759316979185,-0.1996926736920877,0.4649883241513636,15,0.3184902459150698,60.0,15.001134361848148,39.53951770314265,0.1605691632992988
software_repack_000494,software_repack,1,0,0.4737945337522888,0.208756216413024,0.3893314710713678,4,0.4565117500899935,201.43366490186216,11.143034042019334,50.10030448645398,0.1103682780888601
software_repack_000495,software_repack,1,1,0.7871175590747695,0.2156423493169794,0.4510676750439025,4,0.6111648912642181,130.61584272246307,13.795285954846522,65.42089893272414,0.1581446057544778
software_repack_000496,software_repack,1,0,0.4143122591490685,0.0548143314111417,0.4017929032864119,6,0.4905663687977998,172.41517383479143,30.784552040257037,92.93047580051235,0.1574664725093122
software_repack_000497,software_repack,1,0,0.7229237659649068,0.0434852505693814,0.1913516542375249,-11,0.6723526383858969,243.1949549409642,24.86989694123917,53.567765560774816,0.1330280174087719
software_repack_000498,software_repack,1,1,0.976846228285152,-0.0365760193592188,0.3521824014085216,-13,0.5802698799568388,186.46520025383447,22.05936357819709,156.2237224786845,0.1440756736140578
software_repack_000499,software_repack,1,1,0.8034934940355292,0.6468110720214796,0.8024735134562014,2,0.3542796112278191,244.3253563726192,30.219489409401,49.42538507691,0.1865719817865394
software_repack_000500,software_repack,1,0,0.7546397517503587,0.461810509681496,0.5172194517657408,1,0.8480571051841082,222.76565242458395,15.694974536663503,29.259408203291763,0.1530281411120255
software_repack_000501,software_repack,1,0,0.4527239596070036,0.2176442335782347,0.3453784092095716,5,0.3681916046176979,149.2971936345244,21.651150115670983,171.26621713608557,0.1511915442822609
software_repack_000502,software_repack,1,0,0.6943547022367554,0.3605540313135759,0.7736303948223375,5,0.1654578678155931,186.4927509098333,17.049824148657077,88.3740714359275,0.1942825784898857
software_repack_000503,software_repack,1,1,1.0,0.2660913787873734,0.4426092973229124,4,0.2588679842375869,126.25710761016916,19.097458341088217,106.8079425288486,0.1531744179467334
software_repack_000504,software_repack,1,0,0.2209965055993239,0.5988902361074889,0.6177017766944648,2,0.424527354679274,185.06372805327348,33.30075811911087,105.95442996306434,0.1964239357121953
software_repack_000505,software_repack,1,0,0.7079370193112078,0.2170071151498714,0.5241013770486277,7,0.7471868963773151,102.9333602893048,23.350943964225625,144.24344688054595,0.1442630783588523
software_repack_000506,software_repack,1,0,0.05,0.1229401827707386,0.4312322016300725,5,0.5955937688596202,129.91575987641983,29.15060625562688,84.09944258581504,0.1786017585557153
software_repack_000507,software_repack,1,1,1.0,-0.1064009145386954,0.2043790002043995,-15,0.5046033168555176,79.95414304438407,26.542700883424608,40.66362500228278,0.1353882373862988
software_repack_000508,software_repack,1,0,0.6033584080537505,-0.0177404142474783,0.6464246768327442,6,0.6325292113898804,84.7408274028796,25.452057990521983,77.62763878078236,0.149600684778631
software_repack_000509,software_repack,1,0,0.6252057891282711,0.2006008624163972,0.4091390247067195,4,0.6826955584488128,177.4819378174478,22.064701346816666,10.072207031455209,0.1299738635395343
software_repack_000510,software_repack,1,0,0.6515801700803451,0.2832259250531418,0.386198822283092,2,0.4496686151475509,250.81045171763836,35.0,33.67476531647955,0.1325924727058448
software_repack_000511,software_repack,1,0,0.6001226524586528,0.1501387912376746,0.2695903938448005,1,0.3308159523621263,220.0276405295598,17.826866888336756,31.94313926701858,0.1487793368394264
software_repack_000512,software_repack,1,0,0.4725033498180273,-0.2042082726372194,0.0644582119681181,15,0.6655052812676255,110.91961081806728,22.527173664028705,183.21172040905083,0.1304503181943653
software_repack_000513,software_repack,1,1,1.0,0.5061133492156942,0.7175461505899915,4,0.6219095039492646,237.2654962909749,20.34558844248791,25.55967809380093,0.2004031399450319
software_repack_000514,software_repack,1,0,0.0504726181896094,0.4904384820499256,0.5073972926454554,-2,0.3545484860447533,69.88301159506521,21.81802744979284,109.09895857486909,0.1718230858271442
software_repack_000515,software_repack,1,0,0.6495981078452493,0.4195279908755077,0.5318403194249816,5,0.3748763826461586,60.0,23.75158735775805,46.21629234019895,0.1770335159134815
software_repack_000516,software_repack,1,0,0.642300655662079,0.3254567041511457,0.4206177220821016,4,0.5576897609532326,156.8556904721227,21.881023310562405,88.99815723390861,0.1555794647848936
software_repack_000517,software_repack,1,0,0.5545092842163885,0.0382054462668682,0.195367053827902,3,0.2964406464780644,218.36820060819903,30.514864837000083,11.517831920123328,0.1436209307248913
software_repack_000518,software_repack,1,0,0.6059262498000971,0.2048898365337584,0.3224881653364878,3,0.2496033681161895,250.23074894750863,30.718790761119305,9.162803999048023,0.1761257447041414
software_repack_000519,software_repack,1,0,0.5649766692046277,0.3261927733590403,0.7272682330177651,4,0.2233614874040173,103.85187419827832,26.381822414055137,195.41380638193849,0.1771827947151576
software_repack_000520,software_repack,1,0,0.7288445990825461,-0.2099093945842819,0.238851172069231,-15,0.4114454903457359,111.78935459929822,23.30810795520392,97.27377184498292,0.1364111458139651
software_repack_000521,software_repack,1,0,0.7434092398256594,0.1467816918580536,0.6018360399286672,7,0.5243083903745139,168.94536428482422,24.360527222149805,217.9887669239565,0.1691128894899469
software_repack_000522,software_repack,1,1,0.8709154789804017,0.0513746481356948,0.0908591515157619,-1,0.2153504438362711,287.0127755451848,28.888408276767624,150.42557226081635,0.1244482738895378
software_repack_000523,software_repack,1,0,0.5739818359411467,0.4121364459748879,0.4121364459748879,0,-0.3285568611725731,60.0,29.537099648813214,16.77133215973212,0.1330770748623718
software_repack_000524,software_repack,1,0,0.5303518871849596,0.3450298032912321,0.3568891295403145,1,0.6963648362783628,137.43862637736234,17.37514096226457,97.34885642813322,0.1461686150768977
software_repack_000525,software_repack,1,0,0.7082222958360026,-0.0702521356407507,0.5169092984646535,8,0.2408821886598584,60.0,18.347774548399894,74.80663124408159,0.1454641283218263
software_repack_000526,software_repack,1,0,0.5731281956775613,0.2747846241281809,0.3363631038477372,1,0.4467401693750278,195.7704109839305,23.55198001540957,5.0657954391358615,0.1555077037677963
software_repack_000527,software_repack,1,0,0.5898996934513411,0.3716165814275334,0.4099750579050276,-1,0.4316466945674461,216.2681410200993,26.05382712191475,86.29867832534626,0.134491649213324
software_repack_000528,software_repack,1,0,0.8127540533740709,0.3989142408248599,0.5184659339224635,2,0.7123435487255373,145.48277783263322,14.03075954175594,118.2468359236248,0.1511567710943998
software_repack_000529,software_repack,1,0,0.328170349207481,0.3706533792674827,0.5015840802766431,4,0.5625060629595546,63.030348114637576,25.54375816497769,50.64046142803281,0.1808230048318851
software_repack_000530,software_repack,1,0,0.7586783163942901,0.2005869281646161,0.50431879107289,3,0.6826518949300227,172.31336986754957,11.652349064150998,29.00684768001145,0.1366070413518447
software_repack_000531,software_repack,1,0,0.7131864700868715,0.1804344694239278,0.4166664196292747,8,0.6189504048592328,227.80852293430644,31.307253592380512,3.4778588664330954,0.1394105376552249
software_repack_000532,software_repack,1,0,0.4657560939808614,-0.0205436230570789,0.5455021078744892,7,0.5727157736846931,213.5741599851696,14.8152104963926,62.77036489934278,0.1474968774181019
software_repack_000533,software_repack,1,0,0.7272835800105661,0.4004555983101154,0.4705184820321455,3,0.6225963814652774,285.3101185098966,29.014284613298223,68.07194172386886,0.1551716436984583
software_repack_000534,software_repack,1,1,0.969171680163174,0.0568754795456754,0.2431628355270833,2,0.7677037888330369,76.67516426340039,26.41150808940209,95.03883669211356,0.1563176978982095
software_repack_000535,software_repack,1,0,0.5922946462003037,0.0465745904850722,0.2745545983001803,3,-0.1875133005108357,97.2707433859038,20.202271053402104,86.02848513309175,0.1550621299069046
software_repack_000536,software_repack,1,0,0.4901173133510715,0.5027726436124809,0.5027726436124809,0,0.7010628506225217,102.33549642370252,16.53476623743997,135.7370473581294,0.1536449262508506
software_repack_000537,software_repack,1,0,0.4729447902829745,0.023075646034908,0.2824959770098215,5,0.6257249617552647,352.62779401054263,24.404838011659663,134.41996256561674,0.1381584101856315
software_repack_000538,software_repack,1,0,0.3159844224925616,0.1325750747431514,0.507922664994367,6,0.58972405989984,118.66263893659745,21.665266218715,13.520932871894871,0.1423588589500391
software_repack_000539,software_repack,1,0,0.6163927004514416,0.0526946583951047,0.1041118922120059,-1,0.4652458647801015,108.50708253299824,24.984133878027635,38.44050301459232,0.1612671942061744
software_repack_000540,software_repack,1,1,0.8915999289542353,0.1013877415960983,0.1291433316509587,1,0.4066685119805051,145.11633231527372,26.85265403004664,21.98329871374241,0.1355379547579996
software_repack_000541,software_repack,1,0,0.6115093389062392,0.153069104806824,0.4532329551263321,5,0.7066594819274942,397.929900816334,35.0,28.32131087370867,0.1290480967725836
software_repack_000542,software_repack,1,0,0.6086540028032145,0.3109276641519656,0.3340856101024135,3,0.7894382283737504,131.9294099320091,17.82783395356813,22.15082231186271,0.1124529847721884
software_repack_000543,software_repack,1,0,0.7178526564126152,0.8158308616451608,0.8158308616451608,0,0.5696616746157187,137.50747014525413,35.0,1.4770103307431697,0.2017380946079168
software_repack_000544,software_repack,1,0,0.7108375725317663,0.0774629306744232,0.2468240086768797,-4,0.7814822139549917,227.62853350677523,21.87146022512713,86.08571633705286,0.1439069524778691
software_repack_000545,software_repack,1,0,0.7305882618499108,0.0160105580812252,0.0720630306177563,5,0.4820220863760364,60.0,35.0,20.376187485589583,0.1473039168218688
software_repack_000546,software_repack,1,1,1.0,0.2056011844231663,0.5866625408901854,7,0.6186145783765207,278.790442357776,22.843577069586196,0.1468948446715927,0.1466671019339385
software_repack_000547,software_repack,1,0,0.5457426810550831,0.2429191183847981,0.4701021408766254,11,0.1164564827796269,334.2584487718376,29.628084041982312,25.550619033075947,0.152353764771297
software_repack_000548,software_repack,1,0,0.4956137938522262,0.4139205111943553,0.5332953133146621,5,0.6128614502503057,192.4747913160541,21.880437164316664,12.06568527030661,0.1428768555205835
software_repack_000549,software_repack,1,0,0.8520135043811572,-0.0571742892462564,0.2645757742239834,-15,0.341156283124384,207.9413341946077,24.514864244782142,20.235670795918537,0.1148039635133405
software_repack_000550,software_repack,1,1,0.9249710199344509,0.0981565870577443,0.5223232021960633,6,0.6057855485618769,156.26845820673543,24.21703420793421,56.59344574557013,0.1401838681292508
software_repack_000551,software_repack,1,1,0.9319159927108964,0.264936659177419,0.4916119434300984,2,0.4007002457780166,128.53062950489448,15.791979983533576,6.776258046742527,0.1698823939793665
software_repack_000552,software_repack,1,0,0.4813035042129004,-0.1529747763282548,0.0357377845947665,-13,0.3030975628901201,83.72383421779074,24.973568466392475,5.556236995155999,0.1318283696862566
software_repack_000553,software_repack,1,0,0.4292554940915725,0.6332506532430127,0.6332506532430127,0,0.5154409887204615,238.4820427346732,32.18859342868844,139.7101740071531,0.1484492471050367
software_repack_000554,software_repack,1,0,0.6692613954781921,0.2389943133471808,0.3713985150412953,7,0.340603954478558,277.2109001178659,13.78167479384523,26.0873451037888,0.131757283286768
software_repack_000555,software_repack,1,0,0.4058387921201469,0.3037392178630798,0.3073585688333941,6,0.334688105493246,175.70068611413623,27.518087801570523,97.9186849709936,0.1626138318380209
software_repack_000556,software_repack,1,0,0.6510087764331769,0.1376823515521783,0.2181113779952705,2,0.4802948329607581,263.7177934736404,24.058114538333182,77.21776154569662,0.1245155043943789
software_repack_000557,software_repack,1,0,0.6729257005960174,0.0165396162271222,0.1820185776628661,5,0.6196222163871948,196.98621131893293,24.716636249935924,168.7515179984528,0.1484884057941383
software_repack_000558,software_repack,1,0,0.4519368888020404,-0.3659336807642283,-0.1096672078281855,15,0.7291954524315054,172.9210733249067,7.756634932971245,34.59142975961694,0.1382181154372049
software_repack_000559,software_repack,1,0,0.7776492499302425,0.2759947631238985,0.7615549179989133,4,0.3922407665951639,204.29995457839416,17.58616984014985,8.614800286210112,0.2132205682147818
software_repack_000560,software_repack,1,0,0.4897863591163454,0.4276423014604907,0.5177318372236458,2,0.658065600436276,60.0,27.245147098920448,98.75136837860792,0.1707924152322094
software_repack_000561,software_repack,1,0,1.0,-0.1100977891374647,0.1975839235086883,5,0.6114244744040691,133.62704909678752,22.770430669835203,19.72611812286975,0.1478708343987777
software_repack_000562,software_repack,1,1,1.0,0.3291284223742727,0.3291284223742727,0,0.7433983423416989,156.13832089057829,32.05636714229121,101.09475159102568,0.1530120237870412
software_repack_000563,software_repack,1,0,0.321491026783695,0.2641029775531904,0.2812370038048146,3,0.7260180862604614,201.118417689098,25.661890672985184,118.08427790913834,0.113587073308312
software_repack_000564,software_repack,1,0,0.7721167390777919,0.2975233605296328,0.4564095452582112,3,0.1687830564164178,334.29781311274155,19.221240294806105,134.53942312866252,0.1624188317090093
software_repack_000565,software_repack,1,1,0.803859883831167,0.2345687968458191,0.5224619870905335,7,0.3115400178878705,140.43878498903052,23.35418813947128,143.49041400917594,0.1723766780394596
software_repack_000566,software_repack,1,0,0.4999604174374743,0.66686008914974,0.8180012079453343,2,0.7652807361842707,174.25342220079065,29.241850729892924,105.62038781501302,0.2126891488339057
software_repack_000567,software_repack,1,0,0.2621087935019635,0.1504756220728792,0.4484948662684463,5,0.8422397975146811,223.43876850751573,19.269076208582607,30.985915874169663,0.1531934009083122
software_repack_000568,software_repack,1,0,0.5965122558166077,0.0564390517804126,0.4788962231266407,-13,0.3094633491367127,68.376115476022,22.39579969343476,117.25201763537204,0.1541472809270428
software_repack_000569,software_repack,1,0,0.6549556616995853,0.4136413081629583,0.7238842721000589,4,0.5782457814132893,193.37911760053737,34.32542617382923,65.28522109986373,0.1588860302715053
software_repack_000570,software_repack,1,0,0.2389296422337185,0.3137312940987846,0.4228190550569715,7,0.4200233754723185,271.6517810453771,21.198551912501035,40.650585466089865,0.1365458686158215
software_repack_000571,software_repack,1,0,0.7324031761678371,0.0361943413681988,0.1694265164645458,7,0.4340639789461373,294.6419870406358,23.033114256297544,99.538692367663,0.1202122201590626
software_repack_000572,software_repack,1,0,0.5934338479275245,0.0919727858310326,0.1453112052181302,2,0.3389164259539546,60.0,27.129780609962506,125.54387741395892,0.1524468290086999
software_repack_000573,software_repack,1,1,0.8111854579278837,0.2925991534979741,0.2925991534979741,0,0.2367357881968262,124.26670261124444,28.72300200479917,58.747243369086014,0.1194431781445505
software_repack_000574,software_repack,1,0,0.3534922004765897,0.3045438444345831,0.4452379185710571,4,0.5781126897880311,305.381664691816,21.924587283019925,73.06155187076331,0.1378690244192354
software_repack_000575,software_repack,1,0,0.6199170990883449,0.0907903629401304,0.3118136980250643,-14,0.6128723518041634,249.7913962413712,23.23122323597252,1.9154779422723465,0.1308473904357422
software_repack_000576,software_repack,1,0,0.6550661288334678,-0.2577721102884423,-0.0160217540996733,-15,0.4117013465628244,290.4065013981554,21.802668082019505,55.09750882533731,0.1429569915873673
software_repack_000577,software_repack,1,0,0.5061429223332822,0.6405380857107922,0.6405380857107922,0,0.5961097486099913,159.02033793612682,20.200914849972,7.944210497052126,0.1832684067543901
software_repack_000578,software_repack,1,1,0.8603041114911759,-0.2142405212731795,0.0665956421708663,12,0.8228428898934605,179.31022390522256,19.244267443218785,20.52613043033676,0.1357103416722211
software_repack_000579,software_repack,1,0,0.05,0.3870890406412157,0.5036613278930328,4,0.4503183837195061,60.0,27.01594785086391,76.35010618245923,0.1731501680536982
software_repack_000580,software_repack,1,1,1.0,0.7606330383404263,0.7606330383404263,0,0.5285024763228241,60.0,24.897086668616502,23.309055555100823,0.2225891489717466
software_repack_000581,software_repack,1,0,0.5545273796474568,0.1089409605136725,0.6479304419256174,6,0.2744562816802421,286.8357677216724,26.034050109865824,71.93072631503895,0.2116172730760513
software_repack_000582,software_repack,1,0,0.7231162542041801,0.4696370030917985,0.6460992773789489,5,0.4515488070433508,190.1440995236096,24.486928124925964,125.47506649969569,0.1802303998749345
software_repack_000583,software_repack,1,0,0.3930832899228788,0.2509649693995163,0.3406476941355038,1,0.504621339033884,137.26773464400506,19.56175459530282,76.89225872647378,0.1483245850300174
software_repack_000584,software_repack,1,0,0.7883483633371398,-0.2577389418832122,0.2051053559794023,8,0.3645870776564314,171.2990452013532,29.50014873233209,6.739477336490957,0.1607327908852932
software_repack_000585,software_repack,1,0,0.5088340714320377,0.1016986352491531,0.3274800233242577,5,0.4150152286207385,191.04845867407207,18.638992454774947,2.8069860298756453,0.1269382447265444
software_repack_000586,software_repack,1,0,0.4842380708974025,0.3077029424887695,0.4647317487635288,5,0.6323313534488421,215.868476435646,19.37447261085945,102.37764303200322,0.1326379104286663
software_repack_000587,software_repack,1,1,0.7866508752942658,-0.0269841962806293,-0.0130206606761324,1,0.577961085796427,107.62807338120196,23.59553209967985,102.9898689369278,0.1415267912713981
software_repack_000588,software_repack,1,0,0.4266846201040427,-0.3295362952614948,0.5698038517832399,7,0.3380106370590084,370.8254605909455,32.7897456528786,156.5960290909686,0.1382649089439296
software_repack_000589,software_repack,1,0,0.448834458295031,0.2104527833891467,0.3773959438015349,12,0.0963703300247065,244.9223891779668,14.67661032590138,79.89571789276894,0.1249500756495755
software_repack_000590,software_repack,1,0,0.4214094160325248,0.4046091184544135,0.7002318965660967,11,0.8154281192187469,60.0,9.827228718634704,44.53618790646435,0.1831261507133849
software_repack_000591,software_repack,1,0,0.4173645730490087,0.0514705873414497,0.1265990662346616,2,0.3344163590070202,277.43966422738094,26.473838615683025,14.07160398916173,0.1465117144923698
software_repack_000592,software_repack,1,0,0.420824979996913,0.3939101037896459,0.4437388821270561,2,0.2983244658064211,67.16369043928955,35.0,20.744671349745573,0.1498788145475278
software_repack_000593,software_repack,1,1,0.8900059334546564,-0.0370044061529487,0.1161287024225103,15,0.470383427133205,245.88920999680292,16.73621433832762,129.8458046387338,0.1257876568523386
software_repack_000594,software_repack,1,0,0.6876514636926824,0.3187749971803638,0.382792761095206,3,0.7976913849070906,158.74188128909287,24.971652167155806,42.73842138883563,0.1516800713113338
software_repack_000595,software_repack,1,0,0.4009451388001198,0.3933510413639918,0.4252068625847738,3,-0.0129277254056316,192.8751554085524,14.295177970862149,123.03777082910383,0.1401203283015692
software_repack_000596,software_repack,1,0,0.4985168518561382,0.3246395183481203,0.6140697339489571,5,0.3650065563504864,110.46193217209331,20.961587070492207,58.79641866972988,0.1393924794033609
software_repack_000597,software_repack,1,0,0.4076008963539337,0.4596390210459022,0.5014758729867328,1,0.123981216169029,198.83860672096145,19.9956584823982,142.77822917293307,0.1554648189513396
software_repack_000598,software_repack,1,0,0.4702816185655086,-0.1571617295265786,-0.1192982541932305,2,0.6348616333642808,217.2997122876219,27.270345265812303,129.2247234406039,0.1298547556126682
software_repack_000599,software_repack,1,1,0.8759477024554078,0.3392115812060331,0.3850330512928183,1,0.6174484797000143,125.48071364567392,25.70890254760341,79.22487796731522,0.1586734358400446
software_repack_000600,software_repack,1,0,0.520236950778833,0.1490999011676923,0.4460234461190167,5,0.6469401538378754,107.5638969184743,24.649662319461704,84.06478474165586,0.1687747250737879
software_repack_000601,software_repack,1,0,0.1560757553120055,-0.0451642587389881,0.4106391524797256,6,0.8011496973696272,230.42661725020423,18.97166819350342,46.1960071577902,0.1477585305785689
software_repack_000602,software_repack,1,0,0.5768909240403768,0.6751987384168285,0.6751987384168285,0,0.6771808302104013,103.89793613663102,22.42833984240184,13.452668375320414,0.1660150362245801
software_repack_000603,software_repack,1,0,0.5092522009833411,0.3051907377692107,0.7615192375757347,5,0.5813134299774246,235.9874465238597,26.499109938503477,117.65823131098144,0.2121435847697093
software_repack_000604,software_repack,1,0,0.4201580596583034,0.4243367155848202,0.4791521513235739,5,0.6148478959454086,186.72931398465283,20.69590284515092,47.13877800862564,0.129291879688032
software_repack_000605,software_repack,1,0,0.6531311625812417,0.4503711960071559,0.4503711960071559,0,0.5090766225362828,150.90193441755997,13.986650759105716,92.628192558761,0.1242378992567292
software_repack_000606,software_repack,1,0,0.6890773911920277,0.1443376539823364,0.3837191418590207,5,0.2392976120043244,282.1932091138535,15.4988247198334,32.80694970798541,0.1548011529155389
software_repack_000607,software_repack,1,0,0.6799143578198444,0.1282452205994846,0.5369600738357136,7,0.4086438969171821,179.4423673929285,26.80871995184645,129.625581148298,0.1648623449836233
software_repack_000608,software_repack,1,1,0.8214934412568105,-0.0107710896870713,0.1597432121761766,5,0.5804239231491533,273.88223014953326,22.237509407651523,43.686157247816894,0.123081563273385
software_repack_000609,software_repack,1,1,1.0,0.3151611627646407,0.4383715005505586,2,0.1542989931903212,126.33138756542677,21.959652290238022,111.80019439668426,0.1441706320529019
software_repack_000610,software_repack,1,0,0.6403314531523768,0.0403855729820344,0.1914993144146124,3,0.5379547777417416,163.70593125085367,19.66190926454368,92.54879755972482,0.1493907044069877
software_repack_000611,software_repack,1,0,0.7654133826605225,-0.0645633557301793,0.1017825008659203,10,-0.0221309029858135,125.53205173421271,32.397559372633324,251.51413938657677,0.1459003950639894
software_repack_000612,software_repack,1,0,0.7110859500310426,0.3548430339214222,0.5909881727995188,4,-0.4892795587894173,136.24051599261293,26.348373745424716,64.79562689514592,0.1422520840887352
software_repack_000613,software_repack,1,0,0.6307185647343,0.6060560054357258,0.6259691670939971,14,0.5498844018294917,280.93358163253174,29.115479271141183,8.074796175937031,0.1735912701731044
software_repack_000614,software_repack,1,0,0.4657392465721564,0.6495584927258929,0.6495584927258929,0,0.622986807277023,309.5553218040609,16.067235034026545,22.37304069611117,0.1754889149209172
software_repack_000615,software_repack,1,0,0.6594281149355429,0.0762645519953591,0.1053843309147526,-5,0.4848210863971999,336.8720110212246,33.368906733659024,97.40974350778072,0.1115995536887908
software_repack_000616,software_repack,1,0,0.7801240501827796,0.4544460608761284,0.5079058082053285,4,0.6770766359270955,127.99672482436026,21.418062604383124,6.243718591156409,0.1327423025386022
software_repack_000617,software_repack,1,0,0.5029045792744874,0.5215042616140936,0.6318623881583011,1,0.4351959115585064,168.55190240270852,14.51276941491268,55.99456692756954,0.16653530890437
software_repack_000618,software_repack,1,0,0.7665569204559511,0.3388916550419485,0.573766470139011,2,0.3848939896544777,187.6734699369597,17.854508817890697,39.46911765001926,0.1732712462023126
software_repack_000619,software_repack,1,0,0.2145057543502118,0.3973841142248595,0.3973841142248595,0,0.2913760107287519,125.15356136036657,16.350060022297434,95.30284632321974,0.1575747087670986
software_repack_000620,software_repack,1,1,0.9837287997881669,0.1504280848409257,0.4645810570340046,15,0.6352720513583309,115.73048465212504,17.137303656792117,36.02942826369177,0.1567482609646499
software_repack_000621,software_repack,1,0,0.7129305536581514,0.2781606731965678,0.3071035352240519,2,0.377002611949832,341.912160419339,24.85856596446316,23.04437562053333,0.134915821584871
software_repack_000622,software_repack,1,0,0.7181240936094463,0.2477209460656695,0.4950149170071828,-9,0.204234741169982,73.01045918125106,21.24528000193903,33.81121373336127,0.1401423866615891
software_repack_000623,software_repack,1,0,0.6890434981347376,0.0731158263038065,0.1521435840636802,9,0.8382063046602992,60.0,17.857268434631703,86.85423839623117,0.1628343159580779
software_repack_000624,software_repack,1,0,0.763728414266014,0.0091951712253671,0.6114814110558046,7,0.6297542130378638,138.13144356206743,27.56585937699227,77.91467938437,0.1544651636632672
software_repack_000625,software_repack,1,0,0.3683675412768254,0.395793325117571,0.5720628956785393,3,0.1565224771965269,60.0,26.257236714165685,2.379243015248875,0.1487325698355899
software_repack_000626,software_repack,1,0,0.3340031959395935,0.2742739730785926,0.5030888954152516,2,0.4033396410577767,68.36320286626074,33.138983792227,131.92983334259546,0.1592641220221524
software_repack_000627,software_repack,1,0,0.6170332954272519,0.1698544566539976,0.2851327213180282,4,0.5435923251030677,217.4367793879292,27.267392158736047,10.636536635259844,0.1490668446811733
software_repack_000628,software_repack,1,0,0.5100764255400267,0.2056152994034836,0.545820861226579,5,0.5055615379193042,60.0,26.289359833205378,27.15046175589404,0.1410433759757185
software_repack_000629,software_repack,1,0,0.4255119287316449,0.1130413410142585,0.6603554507975452,5,0.0551837936672046,213.37388139658225,17.927525499256557,167.78376282588505,0.1637788575691716
software_repack_000630,software_repack,1,0,0.6303701136837662,0.1068641103235508,0.2787684624605246,4,0.6023116448894209,60.0,17.34228903857101,53.60067642080154,0.135799210585067
software_repack_000631,software_repack,1,0,0.4769274200640143,-0.0892072451220944,0.5069266015827871,12,0.6539627295833119,120.04172616471874,9.528834233514374,21.960606747020638,0.1392490457401884
software_repack_000632,software_repack,1,0,0.479955886904968,0.1534578307362733,0.1786700645081809,-6,0.5554640320316302,60.0,18.696278338600443,130.60431090287406,0.1412819931627032
software_repack_000633,software_repack,1,0,0.6086918866883123,0.6139074280420639,0.6289288173431852,1,0.2725602180173458,226.13681834301207,32.89446935581442,71.61299301599134,0.1454230955203876
software_repack_000634,software_repack,1,0,0.8484274127990634,0.4864907012537084,0.5502012709018929,1,0.5244662896514493,60.0,34.88861940013539,111.70018487782984,0.1462284207485444
software_repack_000635,software_repack,1,0,0.8729825478998364,0.3707927785802491,0.4690235141994646,2,0.408783981717488,174.62882112938746,17.810479891070173,92.46970830358018,0.160051613302491
software_repack_000636,software_repack,1,0,0.3335738868028883,0.2075286111511221,0.6468223798614345,6,0.3502980563585137,153.78837992893392,16.05809453405151,22.899531676672765,0.14693343855565
software_repack_000637,software_repack,1,0,0.6303942014355104,0.3810329698056759,0.6027813777747284,11,0.0147589790854062,163.0127427899911,16.342787009694746,3.867132476313529,0.1645776440971963
software_repack_000638,software_repack,1,0,0.599538381696098,-0.0574022362384819,0.2964685035422076,-13,0.2866551260376529,80.89128726827323,12.76113259334585,36.18370182792316,0.1492953652569934
software_repack_000639,software_repack,1,0,0.8798086737121891,0.3425169531034879,0.6026938528079495,5,0.4412312758413914,308.46092230463665,23.539903717436506,48.29284016757681,0.1658310555163376
software_repack_000640,software_repack,1,0,0.6951986857376635,0.3906257729361618,0.4523634202007944,1,-0.3530323245389669,203.91185462695705,24.35509299782516,37.043434965801495,0.1846757172204444
software_repack_000641,software_repack,1,0,0.3895362976307398,0.1985310607784818,0.3977356937428215,6,0.3940550872878446,168.6582314456526,26.75615375988689,21.6110416540415,0.1614379366814378
software_repack_000642,software_repack,1,0,0.5133258876737665,0.0042142470009845,0.2518293492343965,5,0.7242272405950354,331.5567741196349,28.990337535616643,88.97478457451163,0.1307148680747552
software_repack_000643,software_repack,1,0,0.7693478728785039,0.2587943433061418,0.2587943433061418,0,0.4455480361035129,277.8173003172603,25.23683206866639,66.00756864827301,0.1129202865226557
software_repack_000644,software_repack,1,0,0.7380055391649272,0.4674144577951641,0.5642961382753137,1,0.3469039509214026,90.09212554565342,24.800355594544083,63.11280923732301,0.1650570094520769
software_repack_000645,software_repack,1,1,0.8742927139927396,0.3968918026832972,0.7193205871136955,7,0.2809505630816026,215.8409681595991,25.670075959660664,134.5292507859649,0.1911314387353316
software_repack_000646,software_repack,1,0,0.7575953994750424,0.5522890741436912,0.5530215108871338,-1,0.4474980401143326,91.89672405791067,19.83873149410647,114.04013622540772,0.1300424485399426
software_repack_000647,software_repack,1,0,0.3608698559158616,0.3807642466873105,0.3835092699575934,2,0.078286848597525,129.89029232905636,24.864760457523783,74.77165027534127,0.1376165764708928
software_repack_000648,software_repack,1,0,0.681158326552482,0.4394465497009053,0.4931538510817846,-4,0.4093051509330399,60.0,24.577289602669943,177.56503673749603,0.1556075792485589
software_repack_000649,software_repack,1,1,0.7882155100902842,-0.2864291965875801,0.2347159504706099,-15,0.8858526835487966,195.1540887810501,29.1521238124079,183.1435862293725,0.137168826996106
software_repack_000650,software_repack,1,0,0.9700984943756616,0.4479900860941661,0.6804385577214325,4,0.4425021195466996,201.58489174207372,32.220164275776085,69.20873345981475,0.1518046549104472
software_repack_000651,software_repack,1,0,0.7017651338951276,0.3822966599651649,0.6084952064098622,3,0.7603065134205681,154.9224820101332,13.91391322196086,94.87311099068468,0.1504635957136952
software_repack_000652,software_repack,1,0,0.4417559083899195,0.1412600569190681,0.4407523327496602,-12,0.659047505663556,154.9611217721923,23.530826590261395,166.2305019726902,0.1475433445202957
software_repack_000653,software_repack,1,0,0.7795911397050143,0.3600591206807184,0.4430955860978043,3,0.5864601744828548,330.94802647741227,22.885324159226357,46.47655950153403,0.1579610160190831
software_repack_000654,software_repack,1,1,1.0,0.0827889590381801,0.4413307848774554,6,0.2450956344678162,88.32658980851386,26.57176026540889,28.35466530697481,0.1222819944825702
software_repack_000655,software_repack,1,1,0.9149851044372798,0.2932969709184576,0.6770958521547515,6,-0.045092357134246,253.11302386379447,28.368681292117827,109.35459376423748,0.1890463137849291
software_repack_000656,software_repack,1,0,0.7726799272173966,0.2600671045035823,0.5399809511536874,2,0.1951228033265631,198.01787107793024,26.350267663225985,169.92974255022472,0.1681746116455208
software_repack_000657,software_repack,1,0,0.7752500642195881,0.2776536015794726,0.4110901884857257,2,0.000520277674629,167.2412683258748,27.09436308344359,132.2657488562802,0.1520761054157702
software_repack_000658,software_repack,1,0,0.5338068605253401,0.0409390801692206,0.2014020162587962,6,0.6332283442480098,232.2301400522431,25.82769274833329,147.14823016125507,0.1329128854986153
software_repack_000659,software_repack,1,1,0.9101183952344644,0.3714522336604756,0.4007856049134475,1,0.4843539316196033,60.0,16.624310959657247,46.02888303488616,0.1419817139607995
software_repack_000660,software_repack,1,0,0.5106266684384713,-0.1054951775546537,0.1384317659807404,12,0.3862441230336134,219.3231642794647,15.08223383089381,138.3612358857428,0.116906891376212
software_repack_000661,software_repack,1,0,0.5781387688275781,0.4610432982976351,0.6852498213032626,5,0.1033222295489746,243.94974431679248,22.91699028016351,111.55307992816944,0.187866094063277
software_repack_000662,software_repack,1,0,0.4770195210200915,0.3546794796141317,0.6452270545115862,5,0.5454691141298978,369.33619350366416,27.070060828017247,107.64786912792864,0.1571537275341558
software_repack_000663,software_repack,1,0,0.689121469738583,0.5729294044152996,0.5847492100924131,1,0.0345460131804327,246.84849483127195,30.64637932747356,113.1884337663051,0.1575741603469407
software_repack_000664,software_repack,1,0,0.6856477599362929,0.7286987625778116,0.7286987625778116,0,0.6493802632284927,60.0,27.33302939846769,95.1838452200644,0.1727221715845911
software_repack_000665,software_repack,1,0,0.4129854540996851,0.3969008581171099,0.4658807992819018,3,0.3087503112195614,102.11990374289434,22.92772186722853,16.163775877412718,0.1423680443591087
software_repack_000666,software_repack,1,1,0.8982781704978127,-0.2188902389071026,0.1314076602964985,7,0.6624170602926099,60.0,26.680925457264763,153.91295932466397,0.1348662878982245
software_repack_000667,software_repack,1,0,0.7499509015116612,0.2471101183239707,0.6678539888291722,5,0.5975698622800639,148.23802845052734,22.242548087203215,38.108773407919045,0.1930085933618514
software_repack_000668,software_repack,1,0,0.4023296215130689,0.4454787199093872,0.4897197382713875,2,0.7887195547143091,86.07049991293633,19.924294566262645,73.67594294984534,0.1593453842132103
software_repack_000669,software_repack,1,0,0.4420432084230842,0.4550553567597939,0.5230204890024134,1,0.4531579392050026,345.3939170060702,27.69541118739793,92.83331592154047,0.1697979660941183
software_repack_000670,software_repack,1,1,0.9680583778073132,0.1168031436804499,0.3225200139056827,8,0.6625597707417479,76.7077214555786,20.108293936697603,122.99625379608356,0.1076336569004052
software_repack_000671,software_repack,1,0,0.640604663507581,0.2052492806727208,0.4623354499906629,3,0.4314044394750279,181.42695237481468,17.315328259844854,74.80735561815261,0.1561665283467899
software_repack_000672,software_repack,1,0,0.3247371773030321,-0.1942499712867048,0.4960326974087967,12,0.4583126902245562,159.89179785329708,22.45576335802273,59.763686215292346,0.1670759123420045
software_repack_000673,software_repack,1,0,0.4632942218792698,0.0492931417453394,0.4035766584315396,8,0.2495946350993395,275.8704514006119,23.59602554041178,95.41982556164652,0.1278995398016091
software_repack_000674,software_repack,1,0,0.5981566563159731,0.3408912123510033,0.4949282813057042,4,0.4429454825662233,306.0030597975282,21.24134923502649,106.73998541784596,0.1456527756223229
software_repack_000675,software_repack,1,0,0.5241753935181022,0.199069848481728,0.3990647633140188,8,0.4425091795240029,156.59012621161432,24.07121981818004,26.761987455926985,0.1333915639320235
software_repack_000676,software_repack,1,0,0.1875219482998478,0.0112813645042653,0.2235049652307685,8,0.5489732953472146,150.16852818852027,24.505757519906908,19.38491973203492,0.1167511108287174
software_repack_000677,software_repack,1,0,0.1966763134607061,0.2402271017832693,0.5435309613125126,11,0.7443972643064141,183.7451157323548,18.18953842414241,50.33340372027695,0.1632521660680659
software_repack_000678,software_repack,1,0,0.4049890811186864,0.6162915604900421,0.657702051433974,1,0.7021561342522603,152.54167342945254,31.16267275870745,70.69930523451649,0.1947148095287593
software_repack_000679,software_repack,1,0,0.4771300473740023,0.69250017774264,0.6948239118241057,1,-0.0532047701016586,159.43873717605666,22.33896605435124,133.55127343773142,0.1576518272609293
software_repack_000680,software_repack,1,0,0.7249124024935408,0.523467283648294,0.523467283648294,0,0.6231162083074543,108.8237340645644,24.564239946496144,24.349398451998866,0.1569100104222001
software_repack_000681,software_repack,1,0,0.6702141870290198,0.5031018426367463,0.5829708538210939,1,0.6123240309305156,256.6625708420845,17.032317679707642,47.38432735842902,0.1603686245113621
software_repack_000682,software_repack,1,0,0.5182682332002206,0.1999439475285582,0.5356911155970514,6,0.5716376682605608,92.32343105369844,16.951193098237248,24.93160362307132,0.1543167504710442
software_repack_000683,software_repack,1,0,0.4854340150229163,0.1621433364248719,0.2487596645367564,-6,0.6190285522765768,192.8829446057264,17.704105569889446,96.02421213842813,0.1384311374394075
software_repack_000684,software_repack,1,0,0.5112752135152164,0.0634650265053136,0.672010461226732,7,0.4697022738485347,282.3623858035553,35.0,15.63152919391534,0.1846949315700694
software_repack_000685,software_repack,1,0,0.7220306325696856,0.253400922365154,0.4745714820570507,4,0.3984243629974794,251.08838188631069,18.61295495380328,39.46671163600203,0.1441616656109657
software_repack_000686,software_repack,1,0,0.669723187837263,-0.0002473987060724,0.6293596490591773,5,0.4705655044521692,112.0429565078529,25.29481643619749,190.2813819039089,0.159292799768462
software_repack_000687,software_repack,1,0,0.6545711979754586,-0.0784159142686344,0.0947781093805696,5,0.4676433846545079,148.53484411543116,26.25401134549845,69.46159066854831,0.1104551889535941
software_repack_000688,software_repack,1,0,0.4945790717714087,0.1182770515656538,0.6032347200195162,14,0.6229872738153877,158.84491095134842,34.11120194119003,26.07904608895716,0.1429761196978767
software_repack_000689,software_repack,1,1,0.8231990500444322,0.2085742408707238,0.473968964994791,6,0.5098691468950197,197.72351619769316,14.69260379910146,39.18033876085207,0.1422461829556316
software_repack_000690,software_repack,1,0,0.5491865320018154,0.0961637593461974,0.4432107507739271,5,0.4802622269862367,110.10153383219978,31.401575028097383,95.78291139127072,0.1375806635603953
software_repack_000691,software_repack,1,0,0.4503238778809189,0.1112924515671366,0.1695754240217018,2,0.4905441347921999,243.9223559775075,26.671697909897667,54.47460397302159,0.1477330303032514
software_repack_000692,software_repack,1,0,0.2780782664368856,0.1810690408350958,0.562040266074642,4,0.8087400668539529,72.86719901994941,30.17297744663184,54.95685713300796,0.1784779788418637
software_repack_000693,software_repack,1,0,0.7597130008086717,0.1329389601523737,0.6021924981283794,7,-0.5725954962658246,292.10835815095845,19.63564145017133,55.32599348756768,0.1693520490034746
software_repack_000694,software_repack,1,0,0.0782264467472804,-0.1138323464954164,0.1142091139313572,5,0.1116639220566619,349.1281952070883,27.82956774892368,72.44993631785012,0.1408513143041623
software_repack_000695,software_repack,1,0,0.7348563337236445,-0.0986367950509451,0.3817336860543264,10,-0.2213364837622893,60.0,12.621040105550971,64.57039380938892,0.1680359504136654
software_repack_000696,software_repack,1,1,0.8999103230373057,0.3902716821370612,0.5284590147833041,3,0.1930643830838596,144.2309780589377,29.3355404756581,49.23939012214717,0.1613354090867646
software_repack_000697,software_repack,1,0,0.2215125993458486,0.1936809861838322,0.2015257448364755,1,0.3494301992749054,254.96866488358876,24.10777137135912,11.160856054558325,0.1718691779455092
software_repack_000698,software_repack,1,0,0.2251322619074127,-0.1549097716567213,0.1224405529160261,14,0.7410128087796815,159.54691302996582,29.44615344216902,125.0894207380978,0.122702713551797
software_repack_000699,software_repack,1,0,0.7205240458308269,0.0067331634944745,0.4865048365319132,4,0.2458261291954678,60.0,35.0,15.120348297898287,0.1373971721068866
software_repack_000700,software_repack,1,0,0.5148074244404284,0.4361280451049544,0.778497299696873,6,0.4160583908932327,128.8714322708791,28.115222863179746,43.48161428634494,0.1941486312469537
software_repack_000701,software_repack,1,0,0.4431253375442135,0.5475914013299991,0.5475914013299991,0,0.547390772241383,60.0,24.478077643743497,80.35647529548608,0.1733148427601193
software_repack_000702,software_repack,1,0,0.3845334892243788,0.3461844696484384,0.4815867651819788,5,0.4309204958817614,60.0,19.59522627201494,67.60884773677472,0.1419657778185709
software_repack_000703,software_repack,1,0,0.6015036749360554,0.2232408458942537,0.4306863883254792,4,0.199852844560558,324.9009160879946,28.86422417002131,12.456918031132773,0.1276680749341096
software_repack_000704,software_repack,1,0,0.494159313972096,-0.1533275236034485,0.346992383658603,7,-0.0172744245570602,256.53411929032467,22.763770892886587,7.412337451581124,0.127836941371775
software_repack_000705,software_repack,1,1,1.0,-0.2205886856873571,0.004511242330855,-15,0.5426417903844485,263.507768226626,12.71393878515046,20.410249718874823,0.1253993339662913
software_repack_000706,software_repack,1,0,0.8587466222402012,0.1677011454540115,0.7509625526741985,7,0.7147334221759704,104.39664754842802,28.28109606421531,12.93016809904099,0.1801477649192561
software_repack_000707,software_repack,1,0,0.7877810537553805,0.103594154962487,0.149900230598735,-4,0.7119572745208379,180.7444424383623,17.437485785297582,61.28078525162593,0.1391574696849335
software_repack_000708,software_repack,1,0,0.8758772686368046,0.434472076447861,0.506827581617628,3,0.3891524394266871,189.42889106654624,27.168469180638247,27.990099131723333,0.1632214313598036
software_repack_000709,software_repack,1,1,0.8741596715453372,0.3092457092799726,0.3092457092799726,0,0.7354719504388557,292.26727840701744,18.69078676227386,140.23144177912872,0.1629681125801143
software_repack_000710,software_repack,1,0,0.8150725023445442,0.5701801713023678,0.6619756082833945,6,0.4668152123923628,91.95488933621525,26.563016227606425,72.88903166438143,0.1551386607493605
software_repack_000711,software_repack,1,1,1.0,0.5231758611488151,0.6221663685691404,1,0.239367363233654,226.0334787078072,18.47331877590404,171.2173909539913,0.1848806879418013
software_repack_000712,software_repack,1,1,0.8330507691098793,-0.0064932442453066,0.081418707942187,-3,0.4490183064694945,277.8568144371398,31.60156727050357,124.18814127232504,0.1260843139533181
software_repack_000713,software_repack,1,0,0.3972493802289704,0.2245408691802712,0.6959537664434957,5,0.1009118824432361,149.986468644789,28.23246963198325,132.09415572418135,0.1659227135145738
software_repack_000714,software_repack,1,0,0.6481070809568443,0.4462690524451626,0.659322902184224,5,0.3025808718473791,287.019398734378,22.59748964157211,77.07397163339343,0.177017161566397
software_repack_000715,software_repack,1,0,1.0,0.0200624039160808,0.2616547968158932,-13,0.5638119087688537,60.0,18.722592270716127,127.85971515643988,0.1352550785095798
software_repack_000716,software_repack,1,0,0.3435900132810988,0.4598770266690036,0.622368628205891,5,0.487836033900888,245.3643971862229,27.26262540360302,56.633477228796224,0.1401698642140053
software_repack_000717,software_repack,1,0,0.7471479976720609,0.5107429274207917,0.551819440837934,1,0.4832410901513218,84.21359064904418,15.712540143582382,90.44297706536436,0.1293032075580693
software_repack_000718,software_repack,1,0,0.4417395918112578,0.0724177899375327,0.1366136302188029,1,0.6606839770363151,149.38661049237552,21.31428734083675,23.289040263905196,0.1391447752026941
software_repack_000719,software_repack,1,0,0.6648943913078614,-0.0579411330651332,0.0857829879556512,4,0.475436375492646,161.24145366948045,24.10183367262808,5.50596247641014,0.1366284480639536
software_repack_000720,software_repack,1,0,0.4683321660296706,0.4497478676365097,0.478384438511321,2,0.7091832009288072,225.57892439522303,23.109931744135945,37.36653188594661,0.1365376034002074
software_repack_000721,software_repack,1,0,0.639453944560915,0.1165799302379381,0.2591661236739664,2,0.6139073878024841,215.24009721706776,19.274584393737392,119.586264941836,0.174394238456793
software_repack_000722,software_repack,1,0,0.502939159987508,0.4782949422202204,0.6409299761169851,5,0.1611881523388853,183.37934808373052,27.238112995487533,107.35562853922848,0.1859043619821759
software_repack_000723,software_repack,1,1,1.0,0.2420691717329017,0.5960765612860195,4,0.5675353871883752,219.41490801807532,26.70033213969768,97.06223316197963,0.1590366431376304
software_repack_000724,software_repack,1,0,1.0,0.197356767969372,0.4294275564220193,4,0.6494612377685839,60.0,22.72133977081354,148.7559298708983,0.154752321221196
software_repack_000725,software_repack,1,0,0.4380123715030076,0.3054741757639083,0.4343599809465143,3,0.6467055113200304,107.98038232085251,24.232325037976917,36.418391156043086,0.1515377102272827
software_repack_000726,software_repack,1,0,0.5396245551424478,0.4126895564509395,0.568002314915759,2,0.6272945847909606,161.7262770698169,23.879338874632367,185.73490614477407,0.1736281001453737
software_repack_000727,software_repack,1,0,0.5132530226681433,0.1997360606261834,0.5918239208658409,6,0.7240553279722405,60.0,22.432981228633192,66.1470444585348,0.1885057606130108
software_repack_000728,software_repack,1,0,0.8667397808359877,0.1580461390300274,0.2778680909482227,8,0.3689176421426156,164.3502622170147,17.78729951188893,168.91261927276923,0.1641777890861893
software_repack_000729,software_repack,1,0,0.543156377608353,0.3220314326031937,0.6642459135035526,5,0.2450948079871344,151.63538434857085,25.1460716974868,148.70948680428677,0.1735072308328923
software_repack_000730,software_repack,1,0,0.7712402516998385,0.3331836250775837,0.556460552482747,6,0.460508149707202,67.24979207278604,23.62806036130462,105.19564692644352,0.1408413367872537
software_repack_000731,software_repack,1,0,0.5509134250537077,0.1611006702744467,0.4124716015084543,5,0.5900020683524564,365.1018298541407,15.009737614857428,75.43245010230262,0.1390435837768502
software_repack_000732,software_repack,1,0,0.8733620754810767,-0.2591016767826597,0.0822504040359273,13,0.1723519038090022,126.04080494380472,15.882727564038657,82.80526795658797,0.1410910471012982
software_repack_000733,software_repack,1,0,0.7594720283704385,-0.0397496357105579,0.428306966170845,6,0.2596702872543934,321.7628737796149,30.792861649319374,28.273665308048702,0.1534771615552861
software_repack_000734,software_repack,1,1,1.0,0.0791609108723177,0.471962459112691,6,0.6874578571356975,60.0,11.932359959665929,60.99164558682679,0.1393647507520285
software_repack_000735,software_repack,1,1,1.0,0.2816534490498226,0.6612530790202715,3,0.5466300566555095,311.2472503652841,31.14422383605355,30.659406960675035,0.1848252777860937
software_repack_000736,software_repack,1,0,0.8279082587823351,-0.0486959133797991,0.2006754978297382,7,0.0260240446189135,135.9809875111254,16.906703515097043,47.912975015527,0.1490502828178935
software_repack_000737,software_repack,1,0,0.7088806911756506,0.3695212793679463,0.5340164039203517,5,0.5099441952862925,131.65378169909306,20.338133841511013,88.18117315342836,0.1736733424017977
software_repack_000738,software_repack,1,0,0.6455618099669923,0.4560448619051071,0.5331071560016406,1,0.3724438819742833,185.94076869540865,24.24260340047348,108.72837931704768,0.1480206089703092
software_repack_000739,software_repack,1,1,0.8947081887153001,0.3735069631809594,0.6014733692512789,5,0.4409658671073255,313.81387735814104,27.652242909465794,85.40965133777655,0.1890378019239598
software_repack_000740,software_repack,1,0,0.775661377716856,0.4069472388295141,0.4069472388295141,0,0.5056089323976987,337.250830259756,20.27764097621451,63.95441449631838,0.1602753250213224
software_repack_000741,software_repack,1,0,0.6137815351471336,0.2517876879911828,0.3932395327401604,2,0.3884193609977693,205.70105394760725,18.02198179201609,17.3704845527268,0.1446367368638908
software_repack_000742,software_repack,1,0,0.5708881524737265,0.5182718528451618,0.6019066073478988,2,0.4046563513110027,177.66706471307012,21.459219568072086,57.505804650426654,0.1786821157242561
software_repack_000743,software_repack,1,0,0.7956484741637266,0.1303240784450869,0.6009901152431076,7,0.4544265293616077,280.8620866803568,25.36943079893405,1.752503973192404,0.1478244644931055
software_repack_000744,software_repack,1,1,0.9961200506725718,0.2809043978298073,0.35919632683686,3,0.5914872874386907,172.9886348637698,17.981015866574243,42.8500413717631,0.1387954749462561
software_repack_000745,software_repack,1,0,0.862285706965166,0.2137151233798075,0.3608433517433535,2,0.8154377426239402,104.19373824691266,27.667272534217403,63.0538883986064,0.1447725430720508
software_repack_000746,software_repack,1,0,0.9090089053065062,0.35282570714331,0.4670241754632981,2,0.4803272383132417,60.0,23.862043444526478,32.48468795858146,0.1724224074112511
software_repack_000747,software_repack,1,0,0.3828405855763725,0.1218993123252443,0.2437936101190708,5,-0.0063814885387856,89.32056237923584,29.648246204831867,97.27221008745386,0.12433580419004
software_repack_000748,software_repack,1,0,0.6306057737376317,0.4109461744594953,0.480332990189429,1,0.4220189521391149,344.9659428027945,22.12779213830531,117.01742997550308,0.1572232505398925
software_repack_000749,software_repack,1,0,0.2690415286554081,0.3002136309531257,0.4096907515175678,-5,0.227758421244696,60.0,19.058891477254843,2.4152321887346773,0.1557885676248349
software_repack_000750,software_repack,1,0,0.2039721180158356,0.3906549963284738,0.5427865609680806,5,0.6233389164326799,93.52011633638408,30.277998712376952,15.902256661315384,0.1405219909150148
software_repack_000751,software_repack,1,0,0.9593358671361942,0.3328886133831573,0.5484365424487369,6,0.199379383354646,343.50873968593294,20.58865261294816,141.1638240936423,0.1749668886525114
software_repack_000752,software_repack,1,0,0.7203873492135391,0.3889715223077085,0.7883370606543422,6,0.2019342415005799,254.89358570298543,26.070389316280263,136.22906561795514,0.1933960843967126
software_repack_000753,software_repack,1,0,0.5297542885358594,0.0334775669193905,0.3007425402137827,3,-0.3114419126615716,143.2309569199901,14.17945417394725,45.885299283956186,0.1465246329452541
software_repack_000754,software_repack,1,0,0.5807979139035534,0.029846393128584,0.1270131507755162,4,0.5750704975202766,285.2308345488847,26.830469969753125,182.9831859797113,0.1342413697972361
software_repack_000755,software_repack,1,0,0.3338976514210762,0.4796794235595665,0.658116804778379,2,0.5476994846639932,192.52298913257655,25.732903554465352,119.26381214920244,0.1780145457216294
software_repack_000756,software_repack,1,0,0.2798736566271977,-0.038685315093003,0.0756021604048456,-12,0.3279685765695553,61.46609217839213,20.73437941610384,16.887343767943804,0.1216559146751662
software_repack_000757,software_repack,1,0,0.1975060682150787,0.0984696306052903,0.2354558880630685,2,0.6266012285955875,167.6616850010722,27.00327588763104,106.85592130038891,0.1481693476289305
software_repack_000758,software_repack,1,0,0.5485308594326495,0.4370303319877031,0.5946688729827472,4,-0.0459652795772542,176.7826305798573,31.44752852029456,34.99752502525198,0.1720006749808961
software_repack_000759,software_repack,1,0,0.5232869368307489,0.1421018878393619,0.2864807563504887,3,0.7444824272010692,140.89377545408735,12.935722229914798,67.77121454005399,0.1330283838880939
software_repack_000760,software_repack,1,1,0.8698457545832459,0.0975004544274631,0.5267560413076934,7,0.451259438767712,60.0,11.476203551066003,108.32538127765184,0.148331601043438
software_repack_000761,software_repack,1,0,0.5100615945182181,0.0298414935392754,0.1665289685261793,5,0.3772608381818772,120.61810423190556,19.62971458965907,78.50972954296634,0.1016591505972254
software_repack_000762,software_repack,1,0,0.877509005167964,0.1461256766113799,0.4070227407999973,4,0.8674345220949623,331.84414145205767,27.72844346153417,144.79455769994598,0.1257033412981946
software_repack_000763,software_repack,1,0,0.74601934611204,0.2291559374922477,0.5047283899180042,6,0.4581063278769037,371.0072561758528,22.834497502596705,95.58452112155668,0.1280407483650642
software_repack_000764,software_repack,1,0,0.9579793571204028,0.3473679259476996,0.4833804157126669,2,0.6046674877988982,264.6972980359444,24.258365959734466,67.42017386274199,0.1401974765114249
software_repack_000765,software_repack,1,0,0.4940914260274815,0.2297800053206274,0.4651058730202337,6,0.2848424501989128,217.62874572828784,19.38572561523638,143.03963928367858,0.122661995338772
software_repack_000766,software_repack,1,0,0.686448540878934,0.2795081708072169,0.2795081708072169,0,0.6773327836122213,211.92216304929667,26.870146484938505,46.70476004272605,0.126741610366963
software_repack_000767,software_repack,1,1,0.8298427435109943,0.3578922422935167,0.3829702704557636,1,0.4552497512749544,74.91653867576322,24.54400065770892,6.029518918821736,0.1666206228154394
software_repack_000768,software_repack,1,1,0.979985654282336,0.4465840660255905,0.6913471317661559,6,0.7370346792021858,97.34544899684498,16.85385816835329,32.37167716647227,0.1639210345025686
software_repack_000769,software_repack,1,0,0.3434489874553043,-0.119660325282005,0.3058751645144622,5,0.4590960647315445,261.6199232727008,11.261624018287586,97.90852795346689,0.1304811939724061
software_repack_000770,software_repack,1,1,0.9387559780433584,-0.0652299195585742,0.4120001176500161,9,0.1970528977130403,198.38248000828585,23.1628217456804,9.159657831131298,0.1303600093640254
software_repack_000771,software_repack,1,0,0.6024778154654147,0.4559771840899874,0.4559771840899874,0,0.7617424142029627,115.4794997088555,25.88745036014818,8.082285446745956,0.1615790656704529
software_repack_000772,software_repack,1,0,0.7955076536591896,-0.1089924208822043,0.1507318094998549,5,0.2141250841827658,333.9501450084348,25.11759367570757,124.12001059380913,0.1198036237630941
software_repack_000773,software_repack,1,0,0.249262290396468,0.6587995961762947,0.6588350082991309,1,0.56487157771819,224.53179637577944,24.21501607449856,164.4569381562169,0.2092411687029318
software_repack_000774,software_repack,1,0,0.4720979717822923,0.2293221656879853,0.6953801099703768,7,0.3042729199928973,149.37127977153298,22.75630804861172,23.04558343589933,0.1562125191183041
software_repack_000775,software_repack,1,0,0.6632819741708718,-0.0589034954761984,0.4850721479952084,7,0.1832756058604396,159.92200706905956,16.2551045352973,122.48623007274472,0.1554658424713999
software_repack_000776,software_repack,1,1,0.941112148294596,0.0729601918326683,0.0977927155040395,12,0.8275574272182988,119.99242189247305,26.9807073362508,110.4002137779082,0.1420556240143977
software_repack_000777,software_repack,1,0,0.0719393005778017,0.372355579043706,0.4763654165577967,7,0.619740158667698,248.39553976762343,19.9405224320646,151.52140855325837,0.1377506896548295
software_repack_000778,software_repack,1,1,0.7921546050924508,0.0926547091302053,0.7276630471350585,7,0.5592336988103764,194.1937486260888,31.6887588536392,88.12614050208688,0.1758127658475363
software_repack_000779,software_repack,1,0,0.5248771263327223,-0.0890443183117842,0.322215800915497,6,0.1473619528053941,164.89547972287804,27.284107766470104,54.703683360328135,0.1310784662709126
software_repack_000780,software_repack,1,0,0.3242956461000807,-0.0219709762220291,0.224582120816709,5,0.4843842961740048,259.144797355159,9.883465726749767,107.10062480852667,0.1841212850359115
software_repack_000781,software_repack,1,0,0.4984019441170021,0.4070694447883222,0.4070694447883222,0,0.0964755885492722,139.22152027462383,20.734672999386408,97.03686272132532,0.1348928646696549
software_repack_000782,software_repack,1,0,0.7462064088045552,0.0583870428285268,0.3022965310453444,13,0.6758641681588637,184.957478418143,22.714327777770755,93.52791100562524,0.1303358099530197
software_repack_000783,software_repack,1,0,0.5670372036104268,0.0067033064558808,0.3855422855927722,12,0.7855028514803564,296.84756720582163,14.344870279723336,51.3199353600215,0.1655880649862965
software_repack_000784,software_repack,1,0,0.6604270674119264,0.4536525825576555,0.6294792489401976,5,0.6262223565227232,312.7782744359668,30.04109913463777,59.01852524667381,0.158651477653554
software_repack_000785,software_repack,1,0,0.7975317317665622,0.2484920700002346,0.4154057321938508,7,0.5048663258141016,60.29396211594397,20.120418601821893,19.198374440310864,0.1663370433289774
software_repack_000786,software_repack,1,0,0.6938392443885151,0.0602909005825639,0.2490256867773458,3,0.6846793831113366,125.86272782611312,19.83320093132096,66.86133705435913,0.1468071951983086
software_repack_000787,software_repack,1,0,0.7402827773280665,0.3874041704369896,0.4510868339911006,1,0.3038566723218407,276.6710339444264,25.17947147592616,146.3609622981447,0.1113987024173635
software_repack_000788,software_repack,1,0,0.8588495786661078,0.3572879249577833,0.5804001992399361,5,0.8130042644581219,343.51033115037364,20.675927252755244,28.484528750065472,0.1716155457733788
software_repack_000789,software_repack,1,0,0.1469025994520276,0.3541905824864904,0.3541905824864904,0,0.3520035831958672,331.7041915933053,18.382431732668245,80.3528065621322,0.1197577965084731
software_repack_000790,software_repack,1,0,0.4933752300290051,0.4104462517778277,0.5281683875985073,2,0.5438372090869904,191.4832005567972,19.533393417911935,53.66206816769764,0.1578398789356976
software_repack_000791,software_repack,1,0,1.0,0.5961537824631177,0.6637114707124531,1,0.5615045438133132,216.4536030448353,20.395576259209477,97.30208106214846,0.1586500885363053
software_repack_000792,software_repack,1,0,0.5715092782586614,0.1335235569966215,0.2758971141651856,13,0.4618504446371366,168.82514383663175,26.209746875198796,54.67021495422628,0.1434572304067204
software_repack_000793,software_repack,1,0,0.6552320803442554,0.0484988483248767,0.1498258580073275,2,0.5219659563636934,76.72102481131628,18.053339985412222,3.6869228467712816,0.1656062866889099
software_repack_000794,software_repack,1,1,0.9848528850628802,0.2256812428364156,0.7726834280381981,6,0.7201821183094731,175.81125117447087,19.05098016651919,160.33802293422093,0.179923367345803
software_repack_000795,software_repack,1,0,0.9424217834054184,0.1623468952801651,0.7443451155984689,6,0.3680664992122044,144.68628642726264,24.332068508794848,27.08654397330444,0.1889401396896551
software_repack_000796,software_repack,1,0,1.0,0.3318824942281684,0.3318824942281684,0,0.5802123108330046,250.19291540677145,19.72494924968857,26.35062364349709,0.1521887035501481
software_repack_000797,software_repack,1,1,0.9498166533351668,0.6256251601878043,0.7133744188427341,4,0.7370641761758804,328.3355231212013,18.965480278959063,102.94037521930434,0.1786846004883374
software_repack_000798,software_repack,1,0,0.8622793454972422,0.146848154352265,0.295508882591788,3,0.637927987030086,244.6266660518909,28.20168782726912,89.88302319088751,0.126539191572358
software_repack_000799,software_repack,1,1,0.9883741364659114,0.1870474437826468,0.1970857716867198,1,0.5042843558299571,201.7806718149365,17.512446709367666,89.02092644432494,0.1599580517646093
software_repack_000800,software_repack,1,0,0.672613792666832,0.3130875910423292,0.3591609345869976,1,0.5952819596415675,221.1105265428521,15.822601561339912,101.64441915132517,0.1408498129993158
software_repack_000801,software_repack,1,0,0.6875920455825042,-0.1193102420939335,0.3144550646254659,-14,0.2411582906435759,133.73448071156594,26.181432893300038,29.042323735441684,0.1280374913978439
software_repack_000802,software_repack,1,0,0.6511019983901123,0.6056157102406021,0.7473260583623318,11,0.5472286438948972,60.0,22.67197819733243,45.15923896461803,0.1533716066328412
software_repack_000803,software_repack,1,0,0.5025166123608569,0.261581287251964,0.6295829909378311,4,0.5027812420661976,60.0,27.492990970639788,7.728539177055723,0.1688082074148447
software_repack_000804,software_repack,1,0,0.6584979932853225,0.2793359836973661,0.355274958621697,-13,0.4230303947627529,109.47603035397692,15.703650406894882,71.80214403279042,0.1405179403269812
software_repack_000805,software_repack,1,0,0.6377441737232479,0.1456617354407702,0.1715083144931534,14,0.5427281160718237,255.731343896196,15.631228614160111,7.298406387433083,0.1178010994610621
software_repack_000806,software_repack,1,0,0.3471701811074879,0.5159456379343731,0.5159456379343731,0,0.6426506192240634,155.23219873312038,28.4188862843217,78.53596726403964,0.1278631012280906
software_repack_000807,software_repack,1,1,0.8857575689464421,0.2415068714182911,0.4563267712242975,15,0.625268068493314,246.26868281038168,20.85015680422452,5.499972217638941,0.1637059975928107
software_repack_000808,software_repack,1,0,0.972905302455508,0.1105486142813091,0.335650097451993,6,0.0267960866843255,199.74616689930804,17.964710741975324,93.4289926047164,0.1380293159711108
software_repack_000809,software_repack,1,0,0.7732600899735697,-0.1912820349849189,0.076408148631085,13,0.3056153367478756,318.20706954176376,32.949267955598835,21.450866847425075,0.1224539055942948
software_repack_000810,software_repack,1,0,0.5806530222269095,-0.0768594248614679,0.5874773115822043,7,0.7415272725888642,233.93084936542405,28.16189960617927,11.83367818371913,0.1403365745009382
software_repack_000811,software_repack,1,0,0.7461256735663803,0.1878931766948449,0.3657224302258546,2,0.4805737158494463,116.23649095365752,16.133003098764426,22.285807088130586,0.143008788015057
software_repack_000812,software_repack,1,0,0.5550468494249278,-0.084509589919019,0.3821707168660323,6,0.3162729379691156,103.92324947190023,19.77391875104771,93.48094982878914,0.1411953857868123
software_repack_000813,software_repack,1,0,0.4890633284187383,0.0057325589019901,0.5626305234825459,-15,0.5172028371224993,290.3668665374707,28.999356479293372,18.32110361226528,0.1500830692761523
software_repack_000814,software_repack,1,0,0.2600069636379598,0.3576576242479024,0.5227195215474556,4,0.3751381779883538,60.0,15.515791289945229,71.07714919948545,0.1320833475620434
software_repack_000815,software_repack,1,0,0.424998500164253,0.4325299927614401,0.4713566970057158,1,0.456555019305259,203.4297045395193,21.89494482769333,164.6943064136827,0.1739715183502796
software_repack_000816,software_repack,1,1,0.9011052943866998,0.4449507399588208,0.676625028905834,4,0.6865626335138021,238.12526701577116,26.002326795117387,80.1511141895513,0.1851337611969907
software_repack_000817,software_repack,1,1,0.8627419090568422,0.1934887827449682,0.7097679177723832,6,0.4090597165779649,203.49184525925625,17.898490033215303,33.907652162548274,0.1962274257967756
software_repack_000818,software_repack,1,0,0.4353267275723971,0.4103329083948558,0.4103329083948558,0,0.7628039610017949,262.19665463228654,28.574929892666898,5.875491161672969,0.1611540402304309
software_repack_000819,software_repack,1,0,0.3650095540543728,0.2184546354028973,0.3962311904994457,7,0.6504007085085183,229.12851626321628,6.0,76.52138809737498,0.1629837378049078
software_repack_000820,software_repack,1,0,0.7515482232643487,0.4813037322215227,0.4953605418873965,2,0.7478360950358098,127.42572577287996,23.389902035677032,59.41960780094121,0.1414697614537149
software_repack_000821,software_repack,1,0,0.2547147517076252,0.4558427607284308,0.4558427607284308,0,0.7288307744093294,243.47133018383263,15.10434988108613,149.74021228046172,0.1478035072816098
software_repack_000822,software_repack,1,0,0.5820908532090497,0.3870276590469488,0.5157365819398149,4,0.4630639260272786,204.6949923542507,22.14004681520416,103.98492166061727,0.1572017128621712
software_repack_000823,software_repack,1,0,0.5326117298961422,0.2095478116091431,0.2366179706353894,1,0.2770383964149248,190.82706820085377,22.950193077214184,24.80913756001168,0.153789075289566
software_repack_000824,software_repack,1,0,0.3537519687299494,0.2925221410156326,0.4245059861944447,5,0.6939737621131234,239.307412253114,30.00298523457859,7.225110443514538,0.1264360521776689
software_repack_000825,software_repack,1,0,0.7335896608829912,-0.1210888874837194,0.1038203406601954,-10,0.6995218201056076,255.4595026273699,30.249749338642523,76.695766523493,0.1092229623159455
software_repack_000826,software_repack,1,0,0.1973797494605489,0.0325257427049348,0.6592524321713188,7,0.6936199643211489,216.68188749864103,29.677152168278425,93.5279667521661,0.1593697583303602
software_repack_000827,software_repack,1,1,0.900808242933942,0.2814971542668978,0.3550289377057669,2,0.4222885213015152,118.99560666051818,21.193332998374583,126.07900386453072,0.1458981732328234
software_repack_000828,software_repack,1,0,0.2996927393440058,0.0003517410744734,0.3867218855467161,7,0.6270250449843168,294.9478871419433,12.77836191341004,28.20366807194972,0.1418479118106541
software_repack_000829,software_repack,1,0,0.6848809080796034,0.0951252926634502,0.4068473198790797,7,0.4722519500105635,210.4672701809564,27.519709600306733,26.917335372249585,0.1266245688608058
software_repack_000830,software_repack,1,0,0.7320852694737466,0.495511365591366,0.495511365591366,0,-0.3325705843671387,237.53016761136485,33.85982806705357,142.19647848914323,0.1371803006459213
software_repack_000831,software_repack,1,0,0.4699774503652264,-0.1927259952414209,0.1521969597583088,-15,0.1441648512992639,284.93417616218414,27.64877128754091,59.79118385329959,0.1375887016691316
software_repack_000832,software_repack,1,0,0.6482554551636603,0.1808803891672944,0.30143948354646,-15,0.5732311485442707,103.30972848260684,25.70812777957325,133.23858921718244,0.1400539478450785
software_repack_000833,software_repack,1,1,0.8495025816685196,0.7424576068729718,0.7424576068729718,0,-0.0309993184772846,257.9244187978454,21.521632299891404,100.35289589704972,0.1875403337916909
software_repack_000834,software_repack,1,0,0.05,0.5974867767550491,0.5974867767550491,0,0.4689645854114639,64.91606480207949,16.641667963127684,115.00864823816696,0.1778174017342572
software_repack_000835,software_repack,1,0,0.7967896342700773,0.4504124257868652,0.5967365272542287,7,0.3884803170758242,159.96413823482064,27.03697093109709,104.00148602415004,0.158445972112813
software_repack_000836,software_repack,1,0,0.4225143158542849,-0.0731102637164921,0.2308948343676633,-15,0.3819402092830415,183.24500839659044,32.58840138807345,94.10114044445008,0.1166866414255657
software_repack_000837,software_repack,1,0,0.3243886795026918,0.0581526711422385,0.625013306676102,6,0.72024929459549,238.40348781551847,25.131908354387104,201.13800723798843,0.1431396650060184
software_repack_000838,software_repack,1,0,0.7276658826167762,0.0649774871186553,0.1686714602383654,-10,0.5041507848576028,123.29405648726382,28.651079129114503,104.73965539640832,0.1280042680792605
software_repack_000839,software_repack,1,0,0.4615952538866775,-0.2188799011804985,0.1556718276838796,5,0.218911114663285,141.42756356644207,22.46843313046031,57.31804294281655,0.1289755686819785
software_repack_000840,software_repack,1,1,0.976019275387284,0.1838291309883,0.3291328297280953,13,0.5572352761624212,391.3645697604918,22.10444091867144,159.44255800995012,0.1296880042457037
software_repack_000841,software_repack,1,0,0.4153146792630915,0.4340017453555562,0.4340017453555562,0,0.5499502534589169,225.3563698993859,17.72311708590506,138.11505775907878,0.1721723440349961
software_repack_000842,software_repack,1,0,0.317846489921096,0.5056087199679803,0.5238783619470866,1,0.7846402927475885,115.05934886771978,26.74789583626685,70.9257891075129,0.1555107741396058
software_repack_000843,software_repack,1,0,0.6217854326216905,0.1901468651331139,0.4380759089575352,3,0.7238145442728747,313.1330883596802,27.6905520799286,177.10714206312463,0.1541561477848797
software_repack_000844,software_repack,1,1,1.0,0.0711714948924733,0.5930884367743089,5,0.6153606802401643,264.41525396352495,24.103803413456674,106.8486291052527,0.1568594547259794
software_repack_000845,software_repack,1,0,0.6285694249643432,0.571844320132176,0.6868579697355361,3,0.3479703282070145,194.6811594816887,13.479539116024872,143.16938756188847,0.1535562703005663
software_repack_000846,software_repack,1,0,0.1799605357444397,-0.0241692384962048,0.3169228379395736,7,0.4978664325055235,60.0,22.825668752153703,33.13504379460655,0.1330016100298761
software_repack_000847,software_repack,1,1,0.907501224437808,0.3182647598768918,0.3565079346173571,4,0.2428708701313583,211.68748629016704,25.639091391772464,17.20428704310956,0.1223259812657296
software_repack_000848,software_repack,1,0,0.4012358626207961,0.1516510136405794,0.2718443950276125,7,0.5321839169744692,60.0,19.66377976541198,118.90268867000285,0.1144894414202451
software_repack_000849,software_repack,1,0,0.4106902731279231,0.1844162600376037,0.4774430187144451,5,0.3146528779744896,230.6361089687335,13.061974706229115,114.5763555826319,0.1226519221577295
software_repack_000850,software_repack,1,0,0.8877671867720112,0.4243685160659512,0.5212153433766361,1,0.5715044399889393,163.58030663164772,23.16741063002457,22.71217788898811,0.1491663912619022
software_repack_000851,software_repack,1,0,0.7642705629884096,0.0411997509329601,0.6406550964292876,5,0.3662295853645635,105.54082837574693,17.157042575735453,91.49425966969056,0.1865215545751857
software_repack_000852,software_repack,1,0,0.9417576708204396,-0.1319702573592404,0.0323542184838682,-8,0.4682534305937269,180.50556445182775,14.96671593380444,23.73954691404132,0.1347090748482318
software_repack_000853,software_repack,1,0,0.7760774987071648,0.1200986757887906,0.2603162026531443,8,0.401897123035247,172.85965533378973,24.36535387313237,79.67931947167071,0.1110437027021078
software_repack_000854,software_repack,1,0,0.6093531155176394,0.2950700334192189,0.6552861161242796,5,-0.0670045007027613,204.63465619772705,29.672831445570797,57.73396547296855,0.1583776958536339
software_repack_000855,software_repack,1,0,0.6517403601962084,0.5109855060050501,0.6228577853176338,3,0.1591618673260505,118.12702140190666,35.0,131.65818206067968,0.167602135771664
software_repack_000856,software_repack,1,0,0.7317203320113936,-0.0006788863452867,0.268559927650503,6,0.6895210987228426,133.5434874626099,25.997773064058503,77.50804803442061,0.1225611460786834
software_repack_000857,software_repack,1,0,0.8123414294252451,0.1424673398589374,0.2881456144501742,3,0.5868429347945338,61.27783384191834,26.386531898299644,84.06366864035053,0.1714147664233798
software_repack_000858,software_repack,1,0,0.7761504071498729,-0.0174867400804478,0.295849629126339,-11,0.0050768335569273,203.55147949829964,11.086253184344232,182.60729338141212,0.1059118675428728
software_repack_000859,software_repack,1,0,0.3882073151682762,0.223603666011399,0.2655271700563989,-2,0.0937420953896504,218.83102213592625,24.549103142961627,92.84976295249078,0.1167058954784025
software_repack_000860,software_repack,1,0,0.491402181999283,-0.0358712061213572,0.7905420049836694,7,0.5980210423945956,142.79926306919407,27.17770919546026,75.81409125444529,0.1985793475271662
software_repack_000861,software_repack,1,0,0.5315177443644722,0.4614209964170067,0.6472413366117951,3,0.7915164660804141,173.27477050715157,22.346772959247964,110.92680714751845,0.2049053578209502
software_repack_000862,software_repack,1,1,0.8948377597192966,0.1515492536419094,0.2280676178038077,-15,0.3449654261234421,108.3214763924394,21.730382063425203,42.5829597642871,0.1471526502112368
software_repack_000863,software_repack,1,0,0.4680502240516699,0.4448141195435504,0.6998167991031763,3,0.0932723537187621,223.02518208525316,25.9876886059777,82.9336711956419,0.193218378432334
software_repack_000864,software_repack,1,0,0.6461020751404729,0.0009433468841238,0.4923546622372625,5,0.5699722341468141,102.23545917218244,27.064430421324797,116.09112958713496,0.1652083190523403
software_repack_000865,software_repack,1,0,0.5662550421810127,0.5680840628277267,0.6791045435466829,2,0.4790124047964494,82.46354044164703,20.991487324586934,202.9777505439318,0.215794867624684
software_repack_000866,software_repack,1,0,0.7890177754221466,0.632145688030195,0.6555508956243143,1,0.6672176589444988,169.4669005485133,22.39905240462377,63.23214721778896,0.1940151747013648
software_repack_000867,software_repack,1,1,0.7879836851946181,0.4066557321353901,0.5329259879359938,2,0.5287066690162077,194.58693321182125,21.12824729805486,89.57574873918115,0.1356469706565718
software_repack_000868,software_repack,1,0,0.561955760901058,0.1697773549522173,0.2646180100483943,4,0.5016527204593135,198.07686132025333,27.85734073694873,8.971829739665196,0.1241920646197392
software_repack_000869,software_repack,1,0,0.4348603273865365,0.183558188206389,0.2513645290415667,-7,0.6343693385720144,60.0,27.11464231857129,3.378075861677388,0.1104621001540687
software_repack_000870,software_repack,1,0,0.7848109857382906,0.0932737498695825,0.6634759159865694,6,0.5369721901136973,292.55141064979364,19.930387330562,111.35058597115216,0.218791388817266
software_repack_000871,software_repack,1,0,0.2587665174744398,0.1685040139546003,0.4408149746083779,5,0.5365006375252889,243.37763766704984,18.198636839711074,159.3907455271744,0.1659993479469424
software_repack_000872,software_repack,1,0,0.1297263418561492,0.3876431905517905,0.3876431905517905,0,0.5392767529595923,276.4240244703967,16.82529539531635,29.516495465159608,0.1402826696708598
software_repack_000873,software_repack,1,1,0.8247252237023006,0.1728158504705734,0.1919353259499941,-1,0.4142465049033779,163.16960962160792,23.61738000211068,120.63600263845292,0.1404357428094728
software_repack_000874,software_repack,1,0,0.5416697064150762,0.5348783400219558,0.592112776600771,1,0.4605489313974778,89.11521636589332,14.687172194895076,4.53030695103476,0.1560440283145374
software_repack_000875,software_repack,1,0,0.5621531996128475,0.155798092509225,0.3526696201438595,6,0.1835010841129379,302.1148245555029,22.73973028630307,120.89521528288464,0.1185603145792534
software_repack_000876,software_repack,1,0,0.4453872132017797,0.1889363483850864,0.3539110895778711,3,0.4748712978380977,168.36625600805098,19.92347722522497,97.63173772508608,0.1374438465126758
software_repack_000877,software_repack,1,0,0.5688683940255036,0.4833197081445055,0.5129339452573637,1,0.5446270904328095,282.05189403997923,20.129065030067903,76.38422630621322,0.1616614723490969
software_repack_000878,software_repack,1,1,0.918798012884286,-0.1789454282146772,-0.0853040289156711,4,0.4352818865842193,207.827388805675,23.9429133118668,108.39821464474032,0.1365953673495595
software_repack_000879,software_repack,1,0,0.8618265406186819,0.5928181511472678,0.66029217119253,-5,0.4641174949255207,265.1912869600817,15.848877745070382,25.310427936619504,0.1710931236765166
software_repack_000880,software_repack,1,0,0.3850463000641878,0.1319402379379199,0.296187142794916,2,0.6923460487905484,104.80457157672552,35.0,59.42798772236483,0.1145027037985597
software_repack_000881,software_repack,1,0,1.0,-0.0144654314427779,0.1815765045633645,5,0.6230777380550081,143.75795166087826,27.13178667014253,62.82944054570483,0.1294036732030904
software_repack_000882,software_repack,1,0,0.5230854709361993,0.2614857888235768,0.6039842621082132,5,-0.0861832363823746,178.59307465267014,35.0,14.863207193006424,0.1598587958430134
software_repack_000883,software_repack,1,0,0.762679801006242,-0.0449343178652377,0.4115692699315285,6,0.4660453737994924,163.90584010183076,20.973431871832304,116.87238914537568,0.1407200227113929
software_repack_000884,software_repack,1,0,0.4664660315738879,0.2781021782126721,0.4226553339390145,4,0.5763637577520859,288.00936187973497,25.64884396140356,49.17695310106363,0.1570009689450429
software_repack_000885,software_repack,1,0,0.6906523285352322,0.3572562430494742,0.4885832699787588,2,0.6398056183229929,345.2884615592732,30.968418199009605,58.67657399577198,0.1279677995725598
software_repack_000886,software_repack,1,0,0.5199198590726669,0.2674925933990503,0.3443787451785934,14,0.6765010807911348,254.48259211343264,22.764105572503706,103.760551280875,0.127917613725644
software_repack_000887,software_repack,1,0,0.462383967342624,0.4159444402295474,0.4159444402295474,0,0.5822527447213883,162.80530571612093,21.89494108255006,92.40082577345304,0.1175906174248087
software_repack_000888,software_repack,1,0,0.4579599692746462,-0.1205548996434454,0.3865177655070977,14,0.7014650771446779,195.4756528582613,15.668980669943224,85.47344911901594,0.1592106842958093
software_repack_000889,software_repack,1,0,0.2951147435583701,-0.1393779434105174,0.3947870842316587,6,0.1290997268776801,264.4690713329801,20.662228796116,108.06020777321062,0.1216568170358338
software_repack_000890,software_repack,1,0,0.5725357669962646,-0.2143859476005946,0.2140496101723784,6,0.5145908475192682,264.847830636538,24.692680620492272,94.05581487191036,0.1372280833982078
software_repack_000891,software_repack,1,1,0.8891132280987799,0.6539396198577214,0.6761644977538416,1,0.6267442768378565,305.21828465794954,24.33519519075185,144.18324639946573,0.1712366221845809
software_repack_000892,software_repack,1,0,0.5653401898457246,0.1633405152145343,0.2155185707552526,1,0.3289853562255601,213.90727384048608,12.81258905164659,12.497227908392318,0.1190008750716642
software_repack_000893,software_repack,1,0,0.7185525648509336,0.4067665990771701,0.4992813913804595,1,0.6258821285867439,60.0,30.638762006098357,29.46161996117779,0.1378085277343156
software_repack_000894,software_repack,1,0,0.319533455018964,0.4085288395095311,0.516065795331503,1,0.4399952667991209,354.17934662052414,20.86981702857972,22.608966695798976,0.154921111951534
software_repack_000895,software_repack,1,0,0.5847699771876146,0.1775851960863629,0.4141830440460266,4,0.2756889115073177,281.83347976296324,24.842141317115757,57.05370421674598,0.1357165317238589
software_repack_000896,software_repack,1,0,0.3077394180536836,0.0105074685661188,0.3511558548450235,5,0.8251021874426028,256.6797808676635,21.68889887840097,192.89602713348188,0.1408103512203465
software_repack_000897,software_repack,1,1,0.8995647362175487,0.0136957508039295,0.2756591700626931,6,0.3559251451077159,203.71403997198675,26.520439169491564,32.21129606945844,0.1261452783997212
software_repack_000898,software_repack,1,0,0.4397817626749584,0.3050492821386988,0.3050492821386988,0,0.3964261511484873,124.9983216649214,32.56440096167856,53.59281320304847,0.1315563513723467
software_repack_000899,software_repack,1,0,0.3475865330443337,0.3252407668357689,0.4419886065293298,1,0.5540770987963811,266.3032625340247,15.670539584070625,140.06512107980933,0.1347887794124904
software_repack_000900,software_repack,1,1,0.7875104120699725,0.4511732375261912,0.7348860214247867,3,0.871855980880525,226.2161683797282,22.023008063008103,63.044867729482974,0.1956818608577624
software_repack_000901,software_repack,1,0,0.5900383569865506,0.1178503677479113,0.5879716944989788,7,0.7906364700025774,354.647367441998,30.94639696080386,30.89594985408406,0.1668530697398341
software_repack_000902,software_repack,1,0,0.7180323801433681,0.1049754403096985,0.3044701320543028,-8,0.1438610276644389,66.36779909450102,22.83890089511609,50.9659672586375,0.1528265515768355
software_repack_000903,software_repack,1,0,0.7770468632755432,0.0529050213050514,0.3569832847092585,5,0.5354034530212921,99.53419874709098,18.99023592461847,60.81726714293115,0.138055096536306
software_repack_000904,software_repack,1,1,1.0,0.1568011056237326,0.2408754676511617,-3,0.4635877029132085,60.0,19.620454080131573,128.0678870077545,0.1287683695804317
software_repack_000905,software_repack,1,0,0.6346517004241413,0.3597635146619991,0.5764200545741399,2,0.4106526912281574,170.32353113844596,20.078865238053464,208.61185561383604,0.1560921772185582
software_repack_000906,software_repack,1,0,0.7109982111568149,0.3713942976825829,0.3713942976825829,0,0.4300888653753186,218.97313938918325,26.13371450403887,17.508257677881254,0.1650111290163634
software_repack_000907,software_repack,1,0,1.0,0.2644208334119673,0.4346306342568179,-15,0.4650234772586415,283.7424629912595,28.19960984963449,137.05594650374712,0.1566413644312748
software_repack_000908,software_repack,1,0,0.9873508724181675,0.2153656842408096,0.2153656842408096,0,0.7564961847508899,94.08327001339104,29.94590373147517,106.35244960713936,0.1153278754834545
software_repack_000909,software_repack,1,0,0.5810784311307013,0.1695729720746115,0.28117923748296,4,0.5744804788624501,151.17680940678804,35.0,104.0140294968646,0.1389382399757487
software_repack_000910,software_repack,1,0,0.425680919698799,0.0689387111947374,0.3068854563939869,7,0.3383570640738279,208.5227714907899,24.4031282913869,28.37268977139113,0.1180695666690452
software_repack_000911,software_repack,1,0,0.3170902597218669,0.1598196530219328,0.2724179414012334,7,0.5358070306310371,174.69005076729965,16.641769649431055,30.17709204640402,0.1392748395850292
software_repack_000912,software_repack,1,1,0.951346947510402,0.1133125443926641,0.2367095871300138,-1,0.6546821891524709,60.0,24.899610535701985,78.62045746326577,0.111667735007805
software_repack_000913,software_repack,1,0,0.7491316123901729,0.2857496907079078,0.3228251413930594,1,0.2029156293681209,302.7839229197233,20.10078565603158,14.645741115648804,0.1356325851021018
software_repack_000914,software_repack,1,0,0.687503290543652,0.0083586655331888,0.3364147140303263,7,0.5466427746993299,301.28464135740376,25.39820921853624,123.05360553546632,0.1259961406990582
software_repack_000915,software_repack,1,0,0.3538831915743031,0.1944840675071251,0.4315412983785865,10,0.631466679564429,337.9611977987836,13.394560963902466,73.4303738120525,0.1735118027609645
software_repack_000916,software_repack,1,0,0.1350155236553644,0.5313900219406162,0.6358232856543902,1,0.6606412736692981,180.60053267387187,31.08055321072168,65.88869790678926,0.1747011698110728
software_repack_000917,software_repack,1,0,0.406600696489174,0.1962161805184738,0.2552327072767679,2,0.5417296873548968,165.84203289307104,29.890651702275715,54.7477293106182,0.1305784177880952
software_repack_000918,software_repack,1,0,0.6093121238066006,0.6286215973492771,0.6286215973492771,0,-0.0786270933450901,133.55251094440095,27.90419749556881,54.768296379227706,0.1491493603699919
software_repack_000919,software_repack,1,0,0.4998731043500504,-0.0548274478938995,0.739427278615772,5,0.7677086432954238,212.7250274528539,27.387581031617053,80.12576069639923,0.1866168076242715
software_repack_000920,software_repack,1,0,0.2927792135081304,0.2829059582488311,0.4809423026414768,2,0.3529047604780261,234.96274132662396,19.16179315111738,157.08186252270946,0.1497293624727562
software_repack_000921,software_repack,1,0,1.0,0.1166463186415378,0.4027075173357608,7,0.6319675249035849,196.30253352099143,18.18942669510764,57.52690843922541,0.1466359209694758
software_repack_000922,software_repack,1,0,0.6797034615423683,0.2756118280611707,0.6911112404518427,9,0.3717374490890315,147.76920382335328,9.983005400194456,35.423468505488216,0.1508522916683018
software_repack_000923,software_repack,1,1,0.9032093043570452,0.2086650335959742,0.2284036952644324,2,0.754179018954058,103.74143510222748,32.08195810519926,3.765845023913784,0.1418846027676583
software_repack_000924,software_repack,1,0,0.4654181125954439,0.4084970013642517,0.6760078277214012,3,0.6449067533341452,81.49537399796377,25.393822450234023,46.581523786947535,0.1741228481491109
software_repack_000925,software_repack,1,0,0.500155824610625,0.6675999922710794,0.6675999922710794,0,0.5617349184559907,263.9104386968661,21.614159049091658,95.4402190594212,0.1909715806917075
software_repack_000926,software_repack,1,0,0.856727242838321,0.4380137645252551,0.5002581824805232,2,0.6280508928405324,193.1329544663041,30.546216523969136,27.062162604189595,0.1501926930760599
software_repack_000927,software_repack,1,0,0.7811318201299194,0.2390969859715932,0.6918518575424328,6,0.642627482037322,150.4497165637461,19.331769699052213,134.47331247404787,0.1881357739857949
software_repack_000928,software_repack,1,0,0.5850110535043835,0.2621498418590715,0.5053721476259234,4,0.5601071558581462,76.31433764430642,29.25757090300061,27.939707099649382,0.1405043307875844
software_repack_000929,software_repack,1,0,0.4901802181813817,0.0998134416314967,0.5079385215449959,7,0.5300463822936626,201.06705809418705,16.68060555353918,131.9311008148109,0.1449020782429345
software_repack_000930,software_repack,1,1,0.8661134211447239,0.0815461353158767,0.0815461353158767,0,0.3987134835879761,337.4102772493486,32.983082835181946,82.49795706258857,0.1353560096916236
software_repack_000931,software_repack,1,0,0.902019858651416,0.0205960814509218,0.291816821935326,8,0.3505652325599255,283.75811980045904,17.29242929749469,123.81286341704428,0.1556903813427559
software_repack_000932,software_repack,1,0,0.417066531694486,0.0186813248561051,0.3900223928627125,-11,0.5129322253683144,305.01999535552113,22.606809691258675,101.81615296918586,0.1607724788276525
software_repack_000933,software_repack,1,0,0.1819678148799489,0.1711110938968561,0.4359214113602108,5,-0.0037022713851097,111.74480793036706,25.4071053852943,61.59839709201948,0.1613212949479212
software_repack_000934,software_repack,1,0,0.6937938948408358,0.2335786707246309,0.2911360972921937,-1,0.6331369149991832,232.0322368458345,10.653019130446706,45.63003314817796,0.1294370670490312
software_repack_000935,software_repack,1,0,0.834565999529386,0.2871493061997412,0.6984756020793673,5,-0.2969832845936192,144.74211510390737,22.285269080698093,25.383725982164627,0.1902679294897558
software_repack_000936,software_repack,1,0,0.6448639439263136,0.1361397912305255,0.2823885796807882,-12,0.2201911451547981,277.7848929624098,16.89165542701715,92.78680773598036,0.1368078085508193
software_repack_000937,software_repack,1,0,0.2994334535664887,0.1491211624787961,0.1491211624787961,0,0.6018632785768439,295.4739238071922,24.29121546135832,99.31567758332211,0.1153122938088073
software_repack_000938,software_repack,1,0,0.759945283626379,-0.0522528518128547,0.1240246754219113,10,0.5748426336364446,60.0,25.56156537325532,35.25671976617417,0.1405863723098508
software_repack_000939,software_repack,1,0,0.6994968843273792,0.7931797559478924,0.7931797559478924,0,-0.3813281089269164,163.2465984869963,30.81823626242112,3.62173991866387,0.1835750598093894
software_repack_000940,software_repack,1,0,0.4223116286328452,0.1993377164056189,0.2438495477683843,-1,0.64738068676102,164.3373709101313,9.751795029275396,103.51698937280952,0.1338474814166432
software_repack_000941,software_repack,1,0,0.8124165156628982,0.1501579212458738,0.2756266304437123,-15,0.3550082526334696,104.04437543487086,35.0,103.8190595120385,0.1356463304763319
software_repack_000942,software_repack,1,0,0.2547833163241043,-0.1005954123025471,0.2460221936059846,-15,0.7212279397008258,95.40165884858963,22.08899244099699,124.04796194166612,0.1281753719924189
software_repack_000943,software_repack,1,0,0.7745681525730159,0.2377212539750186,0.3238478742620873,1,0.2623122554093365,111.7386485542756,25.314575518591788,116.20629656744708,0.1120124901180928
software_repack_000944,software_repack,1,0,0.2462527710341204,0.3343189652502086,0.6527962536566234,3,0.6309523963291808,153.3719741762223,25.37462127965772,60.02544586472081,0.1657271663032422
software_repack_000945,software_repack,1,0,0.4461779885597464,0.4514947851982513,0.4743723790501412,-1,0.4945487190501678,124.68501024762536,35.0,92.59412274214344,0.1597354257346716
software_repack_000946,software_repack,1,0,0.5889496176023078,0.3617748558233049,0.5718433007015448,6,0.5327331509238799,300.31422406523376,30.146713437374977,10.290830016602284,0.1348436938485261
software_repack_000947,software_repack,1,0,0.8110525160468339,0.2349712784054682,0.5793069683043586,6,0.4009045295790485,137.23578185716025,27.288796509452595,157.20562681663796,0.1746945181608098
software_repack_000948,software_repack,1,0,0.5834498122437702,0.4538213665827066,0.4538213665827066,0,0.8020538382092912,203.87014848250004,23.62160959186608,168.42383195258955,0.1423276291240924
software_repack_000949,software_repack,1,1,0.9556906657620384,0.1943081433797781,0.3568192973257089,-6,0.4567815322795852,185.304467530047,23.207149659438493,17.62093351723223,0.1202064748410444
software_repack_000950,software_repack,1,0,0.665825050491506,0.551855944912125,0.6418721912329716,1,0.4244069800501316,86.18164837860095,28.335433192576744,63.23846442601119,0.1870093193454984
software_repack_000951,software_repack,1,1,0.797561992134011,0.1803475800383258,0.1803475800383258,0,0.5093871828722434,201.3604934576836,16.304319130148777,78.63918762495581,0.1052705171561757
software_repack_000952,software_repack,1,0,0.05,0.1628773263715466,0.3399593964802138,7,0.4279551921060011,200.1118720586677,12.775371983299188,19.465022880050583,0.1311635378548369
software_repack_000953,software_repack,1,1,0.8582708352682509,0.5414467417594981,0.7644725953377183,4,0.2063851314487884,175.08895134996706,16.88299370894839,41.94568986387439,0.2123988696581707
software_repack_000954,software_repack,1,0,0.5425099632260981,0.3786656748832265,0.5338074134856527,3,0.8561075089149414,242.215203250665,25.597691313278,70.87693066067368,0.1355025027470567
software_repack_000955,software_repack,1,0,0.3084009856700063,-0.098378241143605,0.2159311193517458,-8,0.0056153324196399,60.0,24.27210544395376,122.2935325604556,0.1407837606428524
software_repack_000956,software_repack,1,0,0.8163493431295038,-0.0874135270422633,0.468481760148507,7,0.4930936290059129,76.66463050769815,29.757294389247843,73.33741088327216,0.1303977422951957
software_repack_000957,software_repack,1,0,0.4758324016763805,0.3599185083492892,0.7478302521930046,7,0.7261599205574246,270.59583895697017,25.440833034076505,86.7249723650553,0.1775196181626182
software_repack_000958,software_repack,1,0,0.7601807722044626,-0.0426661436433421,0.1747341676195515,-11,0.7972555719158231,197.60020898954693,25.53357639865402,116.23935456442334,0.1161818664155892
software_repack_000959,software_repack,1,0,0.5706176585986851,-0.1030612583911357,0.486907523915038,6,0.7334448813933739,114.43714801913772,31.404672898941957,16.906586331605332,0.1734466722442309
software_repack_000960,software_repack,1,0,0.7269481328176534,0.5329541661084771,0.6070471193996765,1,0.490672239623013,184.14800327550347,32.51971534015519,18.719273047411733,0.1620330198412282
software_repack_000961,software_repack,1,0,0.4075243985678533,0.0448091650671118,0.5655710903676773,5,0.5329872015148721,275.2472330687896,15.26705640209346,5.531997155131123,0.1470093479005318
software_repack_000962,software_repack,1,0,0.5176874893794006,0.3591284081867903,0.4340330579576313,3,-0.3788202637359298,121.16105756446822,19.613486515765395,51.60708553415247,0.1559313498487353
software_repack_000963,software_repack,1,0,0.5936489066180758,0.5491864284225649,0.5491864284225649,0,0.536632301497856,163.58998579246247,31.34944440772469,133.90851061261228,0.1463797009211566
software_repack_000964,software_repack,1,1,0.780051931541322,0.6950979898107313,0.6950979898107313,0,0.4375779508785185,86.2285563058534,22.894868901758468,5.8107283393434415,0.1986582459733832
software_repack_000965,software_repack,1,0,0.7236424925131508,0.0843601996026626,0.3699707969918021,6,-0.4124779061494503,247.9178083410929,27.13620368417048,87.74387555039175,0.1316459557062247
software_repack_000966,software_repack,1,0,0.7158906770663196,0.1841635813964892,0.7991730027297403,5,0.7263511206878728,291.5919481848604,35.0,16.123336184584623,0.1992138114248467
software_repack_000967,software_repack,1,0,0.8865753243879939,0.2712888722595248,0.4384361701014873,4,0.809323481996247,83.63706676971839,29.694067568608464,73.53808259660337,0.1503193409366443
software_repack_000968,software_repack,1,0,0.303073343645779,0.5732759580625961,0.5732759580625961,0,0.8579513477069537,253.76779597725363,32.79223162012667,139.9805888376864,0.1284318273438551
software_repack_000969,software_repack,1,0,0.7598348164323774,0.2886446674321273,0.8573056500678958,6,0.5683810227817863,202.91341835366845,21.171710627461664,78.00872772891651,0.2092892226268563
software_repack_000970,software_repack,1,0,0.6944594234687037,0.5383258819588941,0.645223775168944,2,0.4417855079566021,60.0,15.69256093963498,40.07287733282752,0.1605894089515504
software_repack_000971,software_repack,1,0,0.4294550550644229,0.2666960198378749,0.5754747654876895,3,0.4779035906315897,311.13984994220493,7.1199400636961485,71.85350459395264,0.1645425007725333
software_repack_000972,software_repack,1,0,0.7373896854520029,0.1920968433425815,0.3763184948581946,15,0.3954665036262469,216.6177919421633,20.560216595364828,133.92617614403974,0.1226977715942559
software_repack_000973,software_repack,1,0,0.6917963621642396,0.0437117775559352,0.1785136410240929,3,-0.0401588231090942,98.550264090973,22.774607127414367,18.40877739820869,0.1340829257872884
software_repack_000974,software_repack,1,0,0.6849627065921213,0.4828664826051298,0.4828664826051298,0,0.8022544489172259,192.2132619321711,28.428075093941047,41.00053784812619,0.1230591157883812
software_repack_000975,software_repack,1,0,0.5149314656760184,0.452343788974692,0.492645824724843,-6,0.416675161854767,202.6822644321415,16.827081920678346,114.65471159421544,0.1530809969271455
software_repack_000976,software_repack,1,0,0.5488661608452157,0.4216644043186385,0.6365799447615788,2,0.1801672247322548,218.98855358703383,18.921496461194916,71.89082630188017,0.1331731192150018
software_repack_000977,software_repack,1,0,0.5277451217710394,0.1840284793058841,0.4234837514241041,4,0.4843770708149569,194.7458885389896,35.0,71.32519208160679,0.1669548411365129
software_repack_000978,software_repack,1,1,0.7888739376628887,0.3318001831509039,0.3337562806697355,3,0.6586729825898268,171.88253831595057,34.57188485810198,109.4541646793936,0.1423179129796214
software_repack_000979,software_repack,1,0,0.5567372915553457,0.3011548366787629,0.4359743699476992,4,0.4806038703555072,356.3030643331224,24.68163346354407,65.65256516209362,0.1622330115701555
software_repack_000980,software_repack,1,0,0.5830131524376334,0.289513464715336,0.3297743109757419,1,0.6869186783382066,171.00168936558833,18.855648015211603,13.220141044196891,0.1423364319702931
software_repack_000981,software_repack,1,0,0.5500855908375984,0.3038825225793864,0.3038825225793864,0,0.6685261205930035,71.85580246419988,24.178499417622607,41.124096341526666,0.1458678103220377
software_repack_000982,software_repack,1,0,0.7666334468188424,0.4513303984310502,0.5275572093736116,2,0.7381415782767802,258.8606861710731,21.970148924808484,101.8516648680469,0.1386330297152235
software_repack_000983,software_repack,1,0,0.7057907232416978,0.090665939274813,0.181593439810207,3,0.5404051850544456,214.63569733123109,25.97558581327496,97.43994501112878,0.1507875029313393
software_repack_000984,software_repack,1,0,0.4818641556644911,0.184759945240623,0.3071240639509498,5,0.1543771293294875,248.22634168443992,15.33453802707148,33.341000004195415,0.1227577338722199
software_repack_000985,software_repack,1,0,0.6129212374965438,0.1179518453792327,0.3115579061094766,4,0.2435413867096024,89.391206895923,15.31804895168625,75.01217583266381,0.1515867284537272
software_repack_000986,software_repack,1,0,0.7349818815143884,0.2070259951146638,0.3190349929906179,-15,0.3149847067744748,265.8677045400435,18.10909637790856,39.54651798868733,0.1486926007715507
software_repack_000987,software_repack,1,0,0.7344020051661312,0.5597034535927818,0.6439578775467875,3,-0.0205047583362732,265.8659695619859,14.859865911460703,61.66173237241446,0.1559054826651648
software_repack_000988,software_repack,1,0,0.585755102276395,0.1442214806532276,0.2918205821051176,5,-0.08388686037932,169.51532351752894,13.430139850325205,89.79100750137343,0.1645592038835426
software_repack_000989,software_repack,1,1,0.8205476286790694,0.0693417164054806,0.6104614811589153,5,0.6154712715099256,135.72435355926552,13.1845045369063,40.33533855369564,0.1472522246948533
software_repack_000990,software_repack,1,0,0.5569804908549018,-0.1493361123358679,0.0336802860122945,4,0.5129665480009082,262.8350410059183,20.08415322710409,68.4713753033663,0.1140350090395667
software_repack_000991,software_repack,1,1,0.8902801262333315,0.3279906377685302,0.3674532535219403,5,0.6001914780583905,224.1265135225121,29.077300298095025,51.01862029755088,0.1721320237659809
software_repack_000992,software_repack,1,0,0.5598740243111643,0.4804568359089105,0.6413233426116182,4,0.4604203436108985,176.25373565349815,6.0,75.62891035235414,0.1550506694043469
software_repack_000993,software_repack,1,0,0.6807357588996208,0.5692377082716549,0.5982908337810929,2,0.4018465705190341,153.32944599333135,23.23493098761566,84.05887902227835,0.1835963375023818
software_repack_000994,software_repack,1,0,0.6966682144310185,-0.0117660260506663,0.1986614675252464,7,0.2380952054536093,198.7313542500788,21.538826638259707,60.53494481750703,0.136828349550535
software_repack_000995,software_repack,1,0,0.7875161790452176,0.4132312889364444,0.4344816344992687,1,0.6100408561837545,173.4469515934697,22.698946991397268,38.96240184928889,0.1490958353252406
software_repack_000996,software_repack,1,0,0.4340140075084328,0.3050054040215347,0.3807233717390977,2,0.0400023438389942,122.85754068705036,20.798248092673983,43.10996474357697,0.1442594725424777
software_repack_000997,software_repack,1,0,0.4875709877161485,-0.1162335294475163,0.0955229636723393,-11,0.6987658210345482,167.82810477619128,33.1718015603049,67.40094356713846,0.1258491902926191
software_repack_000998,software_repack,1,0,0.9346637523521738,0.2805496364197641,0.3132949109017585,2,-0.1906804174938051,134.5386452104202,14.342888918537913,70.03319409019721,0.1590877264886997
software_repack_000999,software_repack,1,0,0.6716952310910885,0.0955938723563736,0.6440778961946023,6,0.2863131587238611,135.43933751882793,15.287307537305002,15.152033142235725,0.1539806972633882
replay_attack_000000,replay_attack,1,0,0.8942469349805445,-0.2889364505217592,0.2606599870220225,8,-0.2927415188617172,147.74331914840187,17.88075849575142,36.05315688703144,0.1757686236508425
replay_attack_000001,replay_attack,1,0,0.5254364539291063,-0.2230245284136879,0.2662569986869592,8,-0.2212524571684543,197.56980919936825,13.451786286281711,35.47602240219756,0.2222053716715721
replay_attack_000002,replay_attack,1,0,0.8212916840540961,0.3984831680364756,0.4121180417334305,3,-0.026748301274807,198.2041913488228,24.372350093334717,60.4885805648964,0.2223199473087086
replay_attack_000003,replay_attack,1,0,0.999428981571866,-0.3158337636752784,0.1822146786437045,15,0.1450612713940787,135.20125642398008,29.354275299966915,83.04581093748502,0.1882933879941204
replay_attack_000004,replay_attack,1,0,0.7095516963396103,-0.1765613421432715,0.0111002644046562,15,0.1074909563845915,213.34816369456087,24.47467526792464,171.9890814261356,0.2203034772375894
replay_attack_000005,replay_attack,1,0,0.7546224826683106,-0.3667407519348415,0.4505522048921773,14,-0.2443762977592481,246.28297117441107,29.54179073922928,90.12966991250752,0.2185912974372221
replay_attack_000006,replay_attack,1,0,0.7382226629268859,-0.1600344831631871,0.3173188957292312,12,-0.2494739728653049,77.77907660795373,22.38923763924422,101.60470287665883,0.185870140315623
replay_attack_000007,replay_attack,1,0,0.4433954571393549,-0.5339860599072326,-0.3747801424106396,-15,0.0506057984102965,156.4766389668381,15.773065150082337,132.9347483722699,0.2417908220704691
replay_attack_000008,replay_attack,1,1,0.8373368802761874,-0.3944022909126097,0.0487787076049563,10,0.172164841680717,60.0,21.52873467195393,16.242750188199565,0.242898125780435
replay_attack_000009,replay_attack,1,0,0.5544564975440469,-0.3688885700625444,0.5050536528598578,-10,0.5254207207094385,115.81974001931567,32.01637619494076,136.22840290217135,0.2213645289437944
replay_attack_000010,replay_attack,1,1,1.0,-0.4415956224037519,0.3179778993654049,15,-0.5702160177149629,312.48208652884625,17.0713063917863,114.48017877566768,0.2337708670001162
replay_attack_000011,replay_attack,1,1,0.8691686947265465,0.1754237224282796,0.2215127052046877,1,0.508108319348775,280.0835069032499,25.04628493613884,137.66246616631344,0.2110260520194912
replay_attack_000012,replay_attack,1,0,0.6571763366822655,0.2102367234401052,0.4272042555880684,5,-0.1374478367922985,290.60751295472573,20.230565383089285,21.396596392678305,0.1606666005083646
replay_attack_000013,replay_attack,1,1,0.981236780212476,0.4118151451454636,0.5663221220633408,6,-0.1043588267273179,191.3646719733985,25.246403106529154,30.7379079738818,0.2413229487739355
replay_attack_000014,replay_attack,1,0,0.7432670193520203,-0.0535443848215983,0.4307583528697821,-13,0.3062212146457272,99.34860226893906,21.33562048966701,96.62042464593614,0.2649691489662653
replay_attack_000015,replay_attack,1,0,0.5050958442079764,-0.0331173793532949,0.375057749052918,15,-0.2614952566358279,185.54086211399616,21.181882441591423,34.16605209741046,0.3062887957918289
replay_attack_000016,replay_attack,1,1,0.8976055069179871,-0.2533151970179259,0.2851642964890226,-15,-0.2065704580679676,69.82889431803672,30.249653228764718,23.62696429224468,0.1452779651614353
replay_attack_000017,replay_attack,1,0,0.6678366959913293,0.3321588641986899,0.3758189097188195,1,-0.0079694238646567,151.895957708435,18.443136050601808,36.46634184210278,0.2201017797943577
replay_attack_000018,replay_attack,1,1,0.9742386762439628,-0.4565684539469128,0.1052053481857381,15,-0.0790854293316489,60.0,18.032261900142164,66.43917887997374,0.2744773770981216
replay_attack_000019,replay_attack,1,0,0.8021147595000955,0.2960166713483668,0.3040434361017729,2,0.5801966334261028,157.05787289190596,19.15419510311885,149.269487497933,0.1753785903710055
replay_attack_000020,replay_attack,1,0,0.6169428181193626,-0.3916746318313938,0.1157570743494575,15,0.1300275088653225,279.61299379834554,26.166598655167483,28.092148775537453,0.2054314244476615
replay_attack_000021,replay_attack,1,0,0.5805481671845268,-0.1196292079607533,0.3433963451635087,-13,-0.2433292522643154,60.0,25.56614826642572,81.68567307720762,0.1672425581069321
replay_attack_000022,replay_attack,1,0,0.4780743076273044,0.2881189220815484,0.513027403018936,6,0.0324178949498094,199.07066896080096,19.120016558837545,43.89775007462195,0.1662033155204794
replay_attack_000023,replay_attack,1,1,0.9411464965521554,-0.3407768933520146,0.604479598942008,11,0.1804315079985295,238.1116802528362,20.8203235693694,75.33309629838098,0.1829990774151592
replay_attack_000024,replay_attack,1,0,0.6663123473999126,0.2928564158142381,0.3155152491365938,1,0.4392343886946862,92.94411051649084,28.48878342995568,32.27962161733001,0.2413418933702519
replay_attack_000025,replay_attack,1,0,0.5023284129355667,-0.1048135552279881,0.1146352558145836,15,-0.0114642188374636,60.0,30.02648681219722,73.65964639673953,0.2005201273224493
replay_attack_000026,replay_attack,1,0,0.7544249620632353,0.5229570663001156,0.527746526885872,-2,-0.43059720218816,182.13160029619087,18.227546459378367,145.16590971212736,0.234885001109069
replay_attack_000027,replay_attack,1,0,0.2204234601346605,0.0996309446371983,0.269212001842774,5,0.4783750026257227,183.0567406102932,27.443082783757543,2.794768076867882,0.1367825911410866
replay_attack_000028,replay_attack,1,0,0.83130752660914,-0.2918398723257181,0.3105076852389796,14,0.4554042281699958,126.12580472132512,24.241580230106248,27.585947420791072,0.1544484828960772
replay_attack_000029,replay_attack,1,0,0.7533110782856429,0.2283258955303423,0.3093219268979602,2,0.1464677520890308,240.26333027129377,22.01928485362987,10.190598421200008,0.1472870828696925
replay_attack_000030,replay_attack,1,1,0.8547200522678549,-0.2916490781504291,0.6399021334899372,-15,0.5107956536479452,133.86814738838223,31.85938548102461,39.486168989652725,0.2621835620424877
replay_attack_000031,replay_attack,1,0,0.7495303043509124,-0.6029624047585064,0.2426709454887011,-15,-0.4637291495057641,265.4066606268495,28.01196939892336,116.15438333025268,0.2776613441001466
replay_attack_000032,replay_attack,1,0,1.0,0.4109633553782847,0.4426377599085639,2,-0.1553433545054074,249.29126845789295,17.36208718662117,43.13090564774386,0.2764230680415951
replay_attack_000033,replay_attack,1,0,0.6068526715394311,0.1983864738942274,0.3169877632757309,4,0.340509673991263,176.3808330060739,35.0,148.12343178521996,0.2759779979352875
replay_attack_000034,replay_attack,1,1,1.0,-0.0093973107152965,0.3319167108867513,-15,-0.1224361881022878,213.88079612839115,27.920894096945343,78.39861433142858,0.1675473130175943
replay_attack_000035,replay_attack,1,0,0.7584218601479449,0.1959169328367009,0.354544453007962,4,-0.1495306089088169,209.65359369004824,33.070279643311565,75.54417759472649,0.2079804930024003
replay_attack_000036,replay_attack,1,0,0.705969750586439,0.5587430813632949,0.5900909359287304,3,-0.0240270296175086,84.57617914215126,22.597915627839008,155.44169655252915,0.2647186428277754
replay_attack_000037,replay_attack,1,0,0.3731149292783832,-0.3197559457164318,0.3405668043047899,15,-0.3119225066463476,172.0999219977913,21.82663564126716,27.405815336036227,0.2103952785133122
replay_attack_000038,replay_attack,1,1,1.0,0.3176682705856506,0.446136252672458,3,0.2820057194015227,255.4898478726721,25.16828956541569,236.55055652053255,0.1419546089197792
replay_attack_000039,replay_attack,1,0,0.9856036874140754,0.0549167944510397,0.6909143383743187,10,-0.0706320137683736,60.0,22.066460302580776,45.36453760231917,0.2465252967600334
replay_attack_000040,replay_attack,1,0,0.7007888698972774,0.0828132129371513,0.4051682709860928,-9,0.1163485896275385,148.37436414516708,24.51125623324721,67.59424677348423,0.2378743476416759
replay_attack_000041,replay_attack,1,0,0.7747105893656039,-0.2956129186173241,0.0687065618469197,-15,0.2442736785931477,144.84342064837838,31.20238482460419,221.7537942788593,0.2852239298299233
replay_attack_000042,replay_attack,1,0,0.6635695407389006,-0.2297907245345382,-0.1016122039130369,6,0.0789604709432605,171.7611254771281,28.30110395806888,28.4191717974586,0.233363613673719
replay_attack_000043,replay_attack,1,0,0.5880697786366436,-0.1838401195655022,0.1396230592686886,15,0.2649918922465636,198.55248880979676,19.75612964878805,35.88533028535866,0.2799406705658656
replay_attack_000044,replay_attack,1,0,0.2536548009124981,0.0189340378334575,0.1494105934565717,11,-0.0445181331653368,155.2846778597076,23.941546779384623,45.393020098623325,0.2503806790673357
replay_attack_000045,replay_attack,1,0,0.6746921003550764,0.350357281132892,0.3741805049194914,2,-0.2788983061575128,192.1225451435912,20.42078252302552,81.70174368109845,0.164779666193977
replay_attack_000046,replay_attack,1,0,0.7561735941945935,-0.2023528351571287,-0.0335241832959713,14,0.044880980421912,220.58520137605657,26.3764147403996,149.70552423341366,0.1550750660907877
replay_attack_000047,replay_attack,1,0,0.5512277605969298,0.2525674638920257,0.3336152621056986,-3,0.1025645224058369,84.09029688149798,28.699080546305154,39.893125661458335,0.2067235405818514
replay_attack_000048,replay_attack,1,0,1.0,0.1488147485280418,0.6117594416158534,-10,-0.0141192675326672,224.95496228483785,29.394903155552385,177.52029898815078,0.2870254560576089
replay_attack_000049,replay_attack,1,0,0.5252130205124357,0.3847926941364488,0.4206295860417307,2,0.0282639527790103,184.97936399361467,21.317661550357418,81.78197388477196,0.2701510297580191
replay_attack_000050,replay_attack,1,0,0.5192619359106375,0.3826429120385853,0.4099365435493372,6,0.2826081260784644,251.31363300589447,29.72697902402499,50.65478958087884,0.1375360529550682
replay_attack_000051,replay_attack,1,0,0.4724957208134706,-0.104389623915769,0.4796123216834117,7,-0.4564533363828484,95.23517781384912,19.73975549573366,57.36629167131114,0.1813730591214602
replay_attack_000052,replay_attack,1,0,0.7072347082857894,-0.3558122346657132,-0.2878869655545627,6,0.578846439111174,279.1633996730467,32.25375941024671,219.90531411727423,0.2430078576557704
replay_attack_000053,replay_attack,1,0,0.747387494926714,0.3112297877846628,0.4439977647600766,4,0.426099240496506,139.7890404750354,25.399342868824768,104.4172954501852,0.211939028746568
replay_attack_000054,replay_attack,1,0,0.7149974985212567,0.462444994867024,0.5079876643764416,-2,-0.1036450043059279,179.31021704207907,14.826183624765982,85.75877890956119,0.2027892109807834
replay_attack_000055,replay_attack,1,0,0.6289350319760321,-0.2821041180547667,-0.0348129918703234,8,-0.1397722044326272,180.1711564503868,34.540852702682244,40.28907078350424,0.1450821096006138
replay_attack_000056,replay_attack,1,0,0.7137088657370457,-0.0698954556124921,0.221672049951213,15,0.2710715617386817,82.08703531962136,14.859053439217524,20.81144014584168,0.2474432608082202
replay_attack_000057,replay_attack,1,0,0.5576245193789713,-0.1759472015816548,-0.0192438208502334,10,0.397932610048482,369.5276201637405,30.52295128017019,32.522817362568105,0.2296101443268471
replay_attack_000058,replay_attack,1,1,0.8493092335502146,-0.2539744077145676,0.0004214750496351,-9,0.5258949354547554,99.56455348290484,20.97956077327569,66.62371703205957,0.2560321459024011
replay_attack_000059,replay_attack,1,1,1.0,0.2122250702557258,0.3900917603205048,8,0.0400746787710972,60.0,26.947077433026045,71.88518269989595,0.1666168422849905
replay_attack_000060,replay_attack,1,0,1.0,0.1035492438428152,0.4071200717408545,13,-0.3393178280186881,185.7170455304896,35.0,70.20766594281135,0.2494900946205287
replay_attack_000061,replay_attack,1,0,0.7354703880903597,-0.5665495411442741,0.0506455793051706,14,-0.0562218792155776,191.8146470964701,25.087186136792045,50.95013689787935,0.1813441839227873
replay_attack_000062,replay_attack,1,0,0.5737495853988843,-0.3715906177243737,0.1233334637679874,-7,0.5073964267305369,210.2744747778008,31.288460588136985,189.12969591466333,0.2458109577472461
replay_attack_000063,replay_attack,1,1,0.9281424563645132,0.1727750673394991,0.3607543832498841,4,0.4930686487210572,224.65315632076243,28.47625726247536,80.92881260939592,0.2315355341154349
replay_attack_000064,replay_attack,1,0,0.6573352383156197,-0.1229583264356272,0.1299473796323486,-10,0.3272890220961918,60.0,22.876961622609016,16.237112151108036,0.2189460832394532
replay_attack_000065,replay_attack,1,1,0.7946090242481819,0.0275558272559728,0.319149600430576,7,0.4624363610287891,163.2356044068479,27.89484802205023,147.18618091679446,0.1399802160133955
replay_attack_000066,replay_attack,1,0,0.9393406652522768,-0.1297178514749812,0.5531776805197136,15,-0.0933548306307231,231.9325097370292,35.0,19.881249435547492,0.2464658052608411
replay_attack_000067,replay_attack,1,0,0.5502117656355284,0.4362279827365648,0.6446835033334275,-9,-0.4916407141741961,160.93931177262684,29.155124527331083,52.548885219538434,0.1804161933445435
replay_attack_000068,replay_attack,1,0,0.8575167650793503,0.2704297021016092,0.5665716049242197,-15,0.0172356575560033,169.1213462254342,13.69302662394746,9.33450830338225,0.2406315709446241
replay_attack_000069,replay_attack,1,1,0.7818828209411647,-0.5063085658338125,-0.2087463265297223,15,0.0258165994073081,215.52740262806736,26.337237382414187,92.7089240880492,0.2389388439661655
replay_attack_000070,replay_attack,1,0,0.6967719629383063,0.315869684385544,0.4495677955824773,-15,0.0799174041568902,61.3779010951429,15.125919046888376,53.35519819679779,0.1730167561689623
replay_attack_000071,replay_attack,1,0,0.3245358979776825,0.5889764643646034,0.6544166005600683,3,-0.0628393960975021,60.0,21.61897360003523,103.4771548434124,0.2097380366782048
replay_attack_000072,replay_attack,1,0,0.7743437125314194,-0.0901708679150923,0.2851694355206052,-15,-0.0514402500245784,60.0,29.41607490896903,13.899748123902723,0.2159753663814189
replay_attack_000073,replay_attack,1,0,0.4905691845918616,-0.130651815637502,0.2602977385478693,9,0.4454034278463266,168.34758714708906,32.85091455545572,61.15710299107886,0.1282552949228404
replay_attack_000074,replay_attack,1,0,0.86999779828007,-0.0675704311798053,0.5249560441008965,8,0.1393929248920436,129.91038005534517,21.61232960926258,2.4607812476148894,0.1771919136997442
replay_attack_000075,replay_attack,1,0,0.7001603338883441,0.5065301099140496,0.6984349158259188,3,-0.045535461252798,269.74897687858373,33.223631410480294,119.74254113454572,0.1947333248319951
replay_attack_000076,replay_attack,1,0,0.9380922180166402,-0.4159721560739701,0.1058822147903558,15,-0.0342931116331429,347.14061191459314,25.363450049288005,84.56275334116245,0.2489406844414338
replay_attack_000077,replay_attack,1,1,0.8398981294926291,-0.1995280350912558,0.2324965684836169,4,-0.3641839627390597,243.510028843265,20.32107472788216,102.9804000800541,0.16620069369805
replay_attack_000078,replay_attack,1,1,1.0,0.0455412247001338,0.4336924276418593,-9,-0.2540654572663854,168.65813505712015,21.572704218171303,54.57251405099019,0.2285827900240976
replay_attack_000079,replay_attack,1,0,0.7409339369251912,-0.1244595913909077,-0.0217912872855226,-7,-0.4546293520178484,209.7917010516992,21.88459583764294,86.08408071943813,0.2012094902288711
replay_attack_000080,replay_attack,1,0,0.3955225703503703,0.3202533043807022,0.5867233211611773,9,0.3055770038418024,75.28854787101969,23.56804185580138,138.38436405934004,0.1690264506436117
replay_attack_000081,replay_attack,1,0,0.5873460027671721,-0.2523903753752214,0.0493187871391131,-14,-0.4276729014246019,209.9294738775387,16.841318798249063,52.30300024386827,0.2090876225934257
replay_attack_000082,replay_attack,1,0,0.4593454109652013,-0.1223461418271268,0.2037163324225986,-15,0.5217687323977835,394.33832369376216,23.42372627960424,135.79825695911242,0.2471433682433408
replay_attack_000083,replay_attack,1,0,0.7507540916666903,0.5912639280679166,0.6544081454832904,1,-0.4220010215600306,60.0,23.552560793177136,22.66438535740505,0.2361274481683667
replay_attack_000084,replay_attack,1,0,0.6031157628997338,0.1876280183457821,0.315880124623547,10,0.0770249219192227,219.1212756019334,25.348140629165894,96.14926449672396,0.2036987245185686
replay_attack_000085,replay_attack,1,0,0.7087403956196292,-0.0550738980828262,0.1983688878976017,-11,0.4255637556881445,106.67123968800504,6.797010809880419,10.37535281360234,0.1978729516569388
replay_attack_000086,replay_attack,1,0,0.4899432240636883,-0.3036547168071594,0.423613706489379,-13,-0.3302884395735834,195.72848869283217,23.95656418519691,71.92953054771746,0.2257014448054098
replay_attack_000087,replay_attack,1,1,0.8956357691693057,0.3896867186894383,0.5008051509598019,1,0.2725479952242359,147.5343506034388,28.08985886943501,68.92649516594818,0.1865147227759623
replay_attack_000088,replay_attack,1,0,0.674919085082997,0.2909491923193584,0.4588490506863786,4,0.6642614718616434,339.9619986843856,27.59277788566256,51.20720869257373,0.1397392034416768
replay_attack_000089,replay_attack,1,0,0.4266206471433082,-0.1193913203258651,0.3177751741345961,-6,-0.3372426492609202,189.6277448585253,22.039469877836343,92.0231315262211,0.206633240252653
replay_attack_000090,replay_attack,1,0,0.4167266662653687,0.2104714687200165,0.5144355784802892,5,0.2313892590914608,150.4259835349051,24.503882925734377,92.62509865337432,0.1611400574574403
replay_attack_000091,replay_attack,1,1,0.8282928001455625,-0.0601182516209941,0.2906198076339639,-15,0.2087469340108242,130.96405501611076,28.3080649187312,23.339455896244857,0.2126846856284481
replay_attack_000092,replay_attack,1,1,0.9016692873384804,0.3265062382142356,0.4308227132737067,4,-0.399014736084464,169.11776364728428,34.53286780385676,58.88167229317661,0.175038586277932
replay_attack_000093,replay_attack,1,0,0.299703190743693,-0.1851548397796519,0.5848853939401589,-15,-0.3200894932388582,207.4200010030817,31.15373837232057,184.8670601406502,0.2348289772405095
replay_attack_000094,replay_attack,1,1,0.8297218372408197,0.071867953082004,0.4099244306844214,6,0.3801266065115976,340.2448417259859,27.9877533210969,2.384970853864111,0.1433424563004992
replay_attack_000095,replay_attack,1,0,0.6412765470965218,-0.3505126504701555,0.1250103994329247,10,-0.0930121388332305,123.89857909182994,21.03228254021729,45.30545357310991,0.1257822186769146
replay_attack_000096,replay_attack,1,0,0.5962147296216876,-0.5831910735906973,0.51064352054773,-15,-0.1033438025759414,161.66878766115283,27.264490507400645,19.700582846625288,0.2648821613206079
replay_attack_000097,replay_attack,1,0,0.8597820798545937,-0.4114700466447193,0.3022344709180806,-10,0.3848881598294506,164.28888844688075,12.932253946591429,98.2246364520459,0.2662034252532996
replay_attack_000098,replay_attack,1,0,0.4977364716665196,0.2218818861984987,0.4498085199551573,5,-0.0929399917934983,212.84827934436464,25.01032780455071,36.46815796136754,0.1958672343675064
replay_attack_000099,replay_attack,1,1,0.9327646847383968,0.5004843955743629,0.604210577289023,14,0.0313311342783983,214.9299794044373,20.51630867989652,48.25769342508902,0.1500055949322881
replay_attack_000100,replay_attack,1,0,0.7767142339716286,0.3043919626772325,0.534320423757121,4,0.3563326181919467,79.09891359171704,31.294630610103667,81.03316484586635,0.1931529475069459
replay_attack_000101,replay_attack,1,0,0.8348335036793019,0.1962089690619533,0.2373379537504096,15,0.489688397792579,195.33010518387383,28.406644076929062,8.82057089174829,0.2109803111057073
replay_attack_000102,replay_attack,1,0,0.6498536289063338,-0.2325235207031029,0.4393660100186752,6,0.5623233194071569,60.0,13.524570753411556,59.84474217053501,0.1937603536208681
replay_attack_000103,replay_attack,1,0,0.7690740110849822,0.2716008544118303,0.3530139425542966,15,0.5096544266246652,196.97716394336288,27.7331189501918,48.03300652439263,0.2117641040013187
replay_attack_000104,replay_attack,1,0,0.6531192956344122,0.1189630706473352,0.5186959880653624,-15,-0.137427858170232,97.43524560530923,16.315579423599722,123.41061626861328,0.1820104975702176
replay_attack_000105,replay_attack,1,0,0.7613965088374273,0.0157323573036901,0.0481322031583116,-1,-0.209253584497924,104.23711057200995,22.62677236116981,128.29116799673096,0.2661364400784374
replay_attack_000106,replay_attack,1,0,0.4826235977531788,-0.1950952942192034,0.3481018019692521,13,0.3550361855265247,107.21685767371297,20.50659429983884,31.36561714186022,0.2672564814366364
replay_attack_000107,replay_attack,1,0,0.2731837963543889,0.0488271664127575,0.3135733906579898,-11,-0.4213950496185987,178.7886091704014,26.54841900511212,144.9713189654451,0.1730542420988524
replay_attack_000108,replay_attack,1,0,0.565535113083335,0.5008405458261664,0.5008405458261664,0,0.4532378315421977,82.01973432270347,19.271767964594854,93.50862506374143,0.2766383586567766
replay_attack_000109,replay_attack,1,0,1.0,0.5324747179273319,0.6485009802758199,-13,0.3298893126890563,183.07019919243209,20.383806408733506,12.73403016353076,0.2660011967402981
replay_attack_000110,replay_attack,1,0,1.0,-0.2372315996772074,0.2149054657036768,9,0.3007649865220214,241.10398666022263,23.516198929196907,6.348214041983951,0.2221805396169044
replay_attack_000111,replay_attack,1,0,0.7678102316330195,0.1487365213869111,0.3379494869459253,12,-0.1052100549724425,348.5434405694614,21.595673104316184,60.44657039162713,0.1837440634596895
replay_attack_000112,replay_attack,1,0,0.3903429486917064,-0.4079660890589044,0.2756849797061138,-12,-0.1242591503374008,197.1891967809835,33.85714362086014,9.906301314034422,0.2033736407403184
replay_attack_000113,replay_attack,1,0,0.9503062363401672,-0.3199954651330724,-0.0153068975807398,-13,0.4087800743837322,291.5058244398765,30.693155828092948,106.72611688562024,0.3241317629888418
replay_attack_000114,replay_attack,1,0,0.8292783372900359,0.4703088862883307,0.5035312495924289,2,0.1106371531412546,186.0067282764424,18.79992509183376,105.2148225320172,0.2559639832942311
replay_attack_000115,replay_attack,1,1,0.7901665390535539,0.6366824433082667,0.6366824433082667,0,0.0221135672306519,93.94689036455917,18.0536447883445,110.8183820348566,0.2483080809011835
replay_attack_000116,replay_attack,1,0,0.4554744666516911,0.2828234504097197,0.3610661240387734,6,0.4899525660154415,266.51636153627624,18.509929436827463,77.49616383938935,0.3141417647084356
replay_attack_000117,replay_attack,1,0,0.8182215594470308,-0.0232143377553562,0.315807544642509,6,-0.464523964519639,140.66248243944935,27.54973505891604,23.63284015215902,0.1475277277379288
replay_attack_000118,replay_attack,1,0,0.6006079310445159,-0.0482145475355192,0.206844709327759,15,-0.4637473809993399,305.8627019025465,23.7576045876912,2.386194803209833,0.2385190159105332
replay_attack_000119,replay_attack,1,1,0.9448452948589012,0.2360661814862525,0.3355806573900872,13,-0.2656081037847883,122.40234008478969,12.77158097490202,21.830445993076367,0.2662667713966445
replay_attack_000120,replay_attack,1,0,0.5906033968243769,-0.1560643318741191,0.2657702681466787,-12,0.5601944736373689,83.4589007993384,24.04544031042473,4.946669888090284,0.1754482139738619
replay_attack_000121,replay_attack,1,0,0.567644664443303,0.2355571205454197,0.3620170642415867,4,0.2838512347473343,166.6987472573413,31.608766864094527,137.59710318728014,0.1572170248366734
replay_attack_000122,replay_attack,1,0,0.5927559890652963,0.3554603835691947,0.4622848335945925,5,-0.1331478008582886,266.4284790325003,24.9584730986442,8.066615524678255,0.1907136007346189
replay_attack_000123,replay_attack,1,0,0.5518836546348891,-0.1606453266825941,0.2292639892071369,11,0.6176901005485145,208.8650275577119,23.19505437619765,32.47066220491176,0.1453668977385828
replay_attack_000124,replay_attack,1,0,0.7516146556701957,0.3603442463652694,0.5714071279342031,6,0.0771049356445841,191.6772228317293,25.78062144945425,19.03924496591786,0.2255963484714501
replay_attack_000125,replay_attack,1,1,0.8986340380458354,-0.2989344276386421,-0.0791759410287921,15,0.5060516583792987,196.68611775936503,28.13195573743948,124.18482321439087,0.2660908737108206
replay_attack_000126,replay_attack,1,0,0.7576435410545475,-0.0820331282569778,0.183378377485838,15,0.193398143793922,102.98802218697168,19.61710973910702,36.65336447817962,0.2177349328223773
replay_attack_000127,replay_attack,1,0,0.7277428733441178,-0.4532247303317702,-0.2585436661159834,-15,0.1434027445305292,72.37618604322898,31.1100410654753,40.42413535861109,0.2430602749030449
replay_attack_000128,replay_attack,1,0,0.6117967193814112,0.0252336777617984,0.2439145744985892,13,-0.2548710283424069,283.98617710295605,22.139817068243467,8.306533518826456,0.2216664669616848
replay_attack_000129,replay_attack,1,0,0.5319455348415052,-0.4711461021203937,-0.2752019930180385,-9,-0.2981648429804044,130.93412990918864,23.057725189761864,139.06243382093976,0.1654772152711628
replay_attack_000130,replay_attack,1,0,0.8372086521053556,0.1064010599518032,0.6301356984526327,4,0.1268891501029043,226.7346509795813,30.505590282071672,48.29466875107034,0.153112226682419
replay_attack_000131,replay_attack,1,0,0.4949257804503059,0.1393542013887544,0.4936333651230691,9,0.214706011776092,122.41412689035856,23.7464566485646,10.75291251661062,0.228403934574184
replay_attack_000132,replay_attack,1,0,0.4062970411967834,-0.2069058198895048,0.4151434862570213,-12,0.2474243892124239,237.937589825012,30.781496516749986,92.00199047084966,0.1662961238782309
replay_attack_000133,replay_attack,1,0,0.5386596697088712,-0.3605255458879262,0.2051652239570478,15,-0.0950585298319346,110.54394647214926,13.278889015224708,116.96717134337533,0.1456205186695199
replay_attack_000134,replay_attack,1,0,0.5766504485308356,0.5644755948616889,0.837750545817365,8,-0.2413122530651699,342.37139042614865,28.659774129756222,20.919720480578093,0.3117574904739519
replay_attack_000135,replay_attack,1,0,0.7148156000387149,0.2995610626626098,0.36138497503165,-4,-0.1768215346121214,372.1621074554719,25.68549835906656,6.189481048223051,0.2058590837001785
replay_attack_000136,replay_attack,1,0,0.8418690954140904,0.2462634468247102,0.4169303578973394,13,0.2966855608389572,164.184488131489,15.762477435016915,88.87914602599972,0.1464840017446255
replay_attack_000137,replay_attack,1,1,0.9759579335582048,-0.1054922171751575,0.4730095742342624,8,0.2008583265536144,164.6683140008096,25.747356555933823,34.71794331029909,0.1841025718396949
replay_attack_000138,replay_attack,1,0,0.6524359791244574,-0.1264147990158826,0.031153430621009,-15,-0.0198068778062601,209.30418803733195,19.61700044904554,58.22292411715006,0.1602120961372466
replay_attack_000139,replay_attack,1,0,0.3297790722666647,0.5391408838787933,0.6237992790570124,7,-0.4666029057432217,210.75193964841836,25.676036715616007,139.78135328104526,0.2171670031485709
replay_attack_000140,replay_attack,1,1,0.8392639278845535,-0.0822660454077255,0.375794973612683,9,-0.0012189264313137,125.34812622091364,17.658780159032148,17.16528699255621,0.1696452850478227
replay_attack_000141,replay_attack,1,1,0.8162448601856462,0.2195254777365349,0.2624069642324698,-3,-0.3303200695294167,295.42645620571443,18.8666937336075,158.5131605026827,0.1378388397504548
replay_attack_000142,replay_attack,1,0,0.6817282640403877,0.0416766014600081,0.0759410799874891,-4,-0.3835855955984295,169.57698670372196,25.854247958933865,111.73130483943804,0.1862779850685797
replay_attack_000143,replay_attack,1,0,0.4976646989267844,0.4470683058790644,0.5058296542047129,4,-0.0991861853840848,91.45462135039466,20.070425177190245,31.404345153947943,0.2034772852153585
replay_attack_000144,replay_attack,1,0,0.5673413422620781,0.0553408918927647,0.1734670397939911,15,-0.3332346173495854,218.2348193212721,23.10121888653124,125.55460877258857,0.2525183215904391
replay_attack_000145,replay_attack,1,1,1.0,-0.4291165125712934,0.0694505394171099,15,0.8187459586238972,132.6817952099497,30.975774939783108,103.86587406144844,0.2467633885591605
replay_attack_000146,replay_attack,1,0,0.9640823107825892,0.363380629144986,0.4990542872471097,7,0.5716374879079086,83.0333753169436,19.515228686321077,45.088734202846,0.1914701644385708
replay_attack_000147,replay_attack,1,1,0.8455387336603796,0.5131014861752382,0.5461865222372922,1,-0.2592990215317809,375.4218941721898,28.096771300560658,84.4151438411349,0.1549823483755847
replay_attack_000148,replay_attack,1,0,0.8446819128900245,0.0648697147889569,0.181955487623907,-9,0.3333732112578365,136.53342624146143,24.072227228250217,31.898438525368427,0.2564242477384641
replay_attack_000149,replay_attack,1,0,0.5938256263354535,-0.0299074800236566,0.0485751523179739,-15,0.2399915235283473,60.0,24.75156016690822,58.12168119465379,0.1574672474766323
replay_attack_000150,replay_attack,1,0,0.4834340462525712,0.1647985712998418,0.1791975951610079,2,-0.0870906270913829,148.10120073701546,23.331531952409136,187.5232277479224,0.2519057652542991
replay_attack_000151,replay_attack,1,0,0.7705003327479139,-0.4723508915617403,0.1232692856370862,-15,0.3541606084245165,68.00134852109963,24.354807302936365,90.66999635989347,0.2566009155135262
replay_attack_000152,replay_attack,1,0,0.8661894956160432,-0.0171227204623759,0.1790949400117596,10,-0.0245683520800795,183.5704240989048,24.506152676132864,43.43852874108754,0.2352701949480957
replay_attack_000153,replay_attack,1,0,0.6452354182523825,0.4414234797765015,0.4527942108279349,-5,0.0034755061218841,167.16458307355498,22.481963478211423,46.5656068078562,0.1577121962096258
replay_attack_000154,replay_attack,1,0,0.5906466841873291,0.1816274852684186,0.4397895996240696,6,0.3330265971644702,150.808989885781,23.22571537995466,108.03507106765426,0.1815164425510626
replay_attack_000155,replay_attack,1,1,0.9401780291797158,0.4705564878328343,0.5796511866509467,2,0.2865418643325061,200.2033078433205,15.076531563044496,37.3634213904741,0.2079662363672017
replay_attack_000156,replay_attack,1,0,0.7583253918864507,0.0370456871408899,0.2421180881539437,-6,0.1920959855345252,164.81390523327693,16.905635426209667,146.5738248742921,0.2758592303695827
replay_attack_000157,replay_attack,1,1,0.8753387874662024,0.4352358749397811,0.4570613650081015,1,0.5563775201438752,146.89726663774442,19.66245549151751,10.87558199608091,0.2034355343739154
replay_attack_000158,replay_attack,1,0,0.8138389526071126,0.1967727874584034,0.423387406247642,5,0.0247376573892503,60.0,23.998808049948423,6.666678134338639,0.1558448087894723
replay_attack_000159,replay_attack,1,0,0.5896226824217808,-0.1937497150513189,0.1676116545288019,-10,0.2244143639944781,312.647003136738,13.069256921989547,47.5018138793677,0.2603195021823238
replay_attack_000160,replay_attack,1,0,0.5691212839975304,0.032325120027928,0.1365705017627302,2,0.1053712385371471,90.739887568148,17.878178023893213,15.983427409984545,0.1801636917399066
replay_attack_000161,replay_attack,1,0,0.7680873696561367,-0.1816282450651878,0.4146063886549394,-15,0.4676398787695177,184.3810532963634,22.82017359967269,95.5784008469136,0.303758006787821
replay_attack_000162,replay_attack,1,0,0.6773600509190018,-0.4747776002233073,0.1097180558307804,15,0.6368020246244792,91.78047321360184,21.345112208882103,57.001680217807305,0.316243082104351
replay_attack_000163,replay_attack,1,0,0.6624661754374428,0.3234978534905069,0.4496513859136739,-4,0.2822285766047322,100.47568621748982,12.477206480713402,13.568701255476457,0.2341808763297523
replay_attack_000164,replay_attack,1,1,0.8363454396316851,-0.3319014352803978,-0.1263439200083984,-10,0.2246065857374143,221.54215870181943,26.465603641363156,12.860272508398944,0.2745796514398407
replay_attack_000165,replay_attack,1,0,0.4250575439037666,0.1191472996341921,0.6205008505815184,-11,-0.1229608992641144,203.5998618748369,31.16651143345736,79.76275273466221,0.2325502989407052
replay_attack_000166,replay_attack,1,1,1.0,0.1732320398235261,0.411163678807617,-8,-0.1067322472523036,206.2788827649802,14.894469399399163,112.05444346898848,0.271237793707022
replay_attack_000167,replay_attack,1,0,0.6375085673011636,0.1671226281451967,0.2846787871933549,3,0.0275838496791473,60.0,25.62197220174392,76.56615032649304,0.1721692644289842
replay_attack_000168,replay_attack,1,0,0.674262056740288,-0.176815708584783,0.3973996108782858,-15,0.5541971769724032,92.1382069157633,27.679240299111733,92.23050529581042,0.2668336630139934
replay_attack_000169,replay_attack,1,0,0.7713017560972576,0.007752777956731,0.1908006652951584,2,-0.2244275442566841,212.47787157245855,21.761860991656626,134.85563027224566,0.1689021395203361
replay_attack_000170,replay_attack,1,0,0.739421516700743,-0.0468019042836862,0.2791080666899361,-15,-0.3679726320437806,242.88187825884705,26.79319713516282,47.02987132095544,0.209657546454344
replay_attack_000171,replay_attack,1,1,0.9229656426873492,0.0670749577918156,0.2391000133737869,15,-0.1540806591841515,115.8617985983758,11.354935561774573,19.28128158344775,0.2204090908984693
replay_attack_000172,replay_attack,1,0,1.0,0.0370760142343045,0.1484674115392105,12,0.1168612279385447,192.12356923254785,23.513127448620835,6.272881495766796,0.2062930748048101
replay_attack_000173,replay_attack,1,0,0.7214275509883301,0.2195588763384166,0.4259009263204004,-15,0.0107408979234251,222.85445665474455,26.86790942419744,75.01494435962539,0.2295958231754135
replay_attack_000174,replay_attack,1,0,0.4391977391892134,-0.0610162246968343,0.2189517761252676,15,0.0233851604155475,198.65759985018417,19.450917716357964,73.32669226086077,0.2110814981418573
replay_attack_000175,replay_attack,1,0,0.5591743785518819,-0.0616500320429893,0.3144651690226963,-11,-0.3709110174647341,203.97469579559495,30.087351813201128,58.9642592163862,0.2251642453019458
replay_attack_000176,replay_attack,1,0,0.3269963508221972,-0.6744717713395628,-0.3321287908279026,15,0.5230107455887528,250.1823852590329,18.92234636111221,84.38534509674457,0.2251726298382854
replay_attack_000177,replay_attack,1,0,0.5072460438196457,0.4115948834128511,0.4658397484201874,1,0.3942126517511034,147.86999005942087,28.69777058172656,50.95075453735993,0.1778726350651105
replay_attack_000178,replay_attack,1,0,0.5524974744102709,0.0255151436897867,0.2373720506466158,5,-0.4319100116364063,175.62330041992948,20.1576420623116,19.141295435519524,0.2156434912719823
replay_attack_000179,replay_attack,1,1,0.9345703032267704,-0.0848506734464827,0.0435651289231319,12,0.0212558940710408,112.582695950728,27.066620762434678,55.16499456954185,0.136989506598253
replay_attack_000180,replay_attack,1,0,1.0,0.5591960781936113,0.6149558368657951,1,-0.3314307679912683,65.4662362560036,25.19492104370131,53.34575234079255,0.1761766058349295
replay_attack_000181,replay_attack,1,1,0.8147543761317324,0.0097713563718724,0.7896206131474212,15,-0.2912351971910559,318.9098743357109,34.12919805166965,91.51761386337812,0.2500105985865353
replay_attack_000182,replay_attack,1,0,0.3340389841059882,0.3095147768489552,0.3692858679443425,8,-0.5401106893606333,250.50552158706927,28.98949351389098,116.25952548290114,0.2464694722871652
replay_attack_000183,replay_attack,1,0,0.6492486846177137,0.0282406925598632,0.4156631966879859,8,-0.3617174125909156,209.7651788658752,20.59151299825889,38.93288460539793,0.1467798836645907
replay_attack_000184,replay_attack,1,1,0.8223661782240966,-0.012908842866293,0.5123599102818657,8,0.5279938097212881,222.28129144672067,32.00327722142794,68.38360595247185,0.2266278036199083
replay_attack_000185,replay_attack,1,0,0.5567056115396667,-0.1675522209028339,0.5856131376067503,7,0.0152351199349309,188.76760168730488,21.508579505741142,164.7784251930923,0.2114999234682138
replay_attack_000186,replay_attack,1,0,0.434481288779431,-0.1826978452142551,0.0786735233108423,15,-0.0588444723981573,176.18593386401378,26.194107957576776,27.586084449938568,0.2726856062961306
replay_attack_000187,replay_attack,1,0,0.8554598312575119,-0.1660892088439848,0.0740261185086317,-9,0.4617170757868678,104.33056145585806,35.0,61.58608988287652,0.2828648108746909
replay_attack_000188,replay_attack,1,0,0.6012671584913528,-0.2723613444838223,0.1387832315040575,-13,0.2052233103798278,205.1472297444953,34.4878520082912,35.07048884634483,0.24443253477962
replay_attack_000189,replay_attack,1,0,0.7110103371633103,0.1538580585271781,0.2425524215919281,4,0.6030428566811974,165.39681235849065,26.013453230575564,9.410489930230312,0.2469575254657714
replay_attack_000190,replay_attack,1,0,0.3568960272401704,0.0607214964242224,0.1136561723572579,8,-0.3602146567156682,230.6188236560667,35.0,147.69895131954948,0.1646033503603294
replay_attack_000191,replay_attack,1,1,0.8567087376954222,0.0991966694559163,0.4621725061926841,6,-0.3895331610983124,140.60911229809213,21.915484045261604,26.79633054245074,0.1918696579014849
replay_attack_000192,replay_attack,1,1,1.0,0.3431402465294826,0.5117632319751637,2,-0.01443896939154,260.5224515592186,21.097845878811743,11.60318733878364,0.1662735699051499
replay_attack_000193,replay_attack,1,0,0.6347570187431362,0.1494903287163093,0.3185702493933986,-2,0.0904568031356275,193.7567686297593,24.995071504244542,99.66562015581826,0.2459764300272769
replay_attack_000194,replay_attack,1,0,0.6769500262180781,0.1158656619244684,0.4305143759393026,15,-0.2190845829628309,219.3658170456954,33.7779692627056,81.75844393497222,0.2135499920524764
replay_attack_000195,replay_attack,1,0,0.7236753423734729,-0.0044350879926192,0.4458259450424741,10,0.6080516569890186,87.49842759989873,15.26753364343858,89.50080766217343,0.1960916390595102
replay_attack_000196,replay_attack,1,0,0.497183360610928,0.224247375433835,0.2781736683087957,1,-0.1186471730918912,346.8082463761912,31.504409963978244,123.11416162259604,0.1465275894172705
replay_attack_000197,replay_attack,1,0,0.7359615056822623,0.4727590308942792,0.4756094402796248,-1,0.098558899166541,84.34223091110132,22.016241602339875,39.90358700335455,0.2374501539242602
replay_attack_000198,replay_attack,1,1,0.8809038056456872,0.5796385247159858,0.5885301187742444,2,-0.2133396386256776,243.02242024868104,13.610578458199356,13.905683266927632,0.261273738121989
replay_attack_000199,replay_attack,1,1,0.8852489259711523,0.1445806595362259,0.1896609265212955,1,-0.1303954805729992,172.91360450979562,25.011505892418302,70.32681028250957,0.1507053312662327
replay_attack_000200,replay_attack,1,0,0.7555368337167961,0.1160290937408586,0.2314190399071845,6,0.2930589009009736,146.06305803580747,21.256295191814807,20.53475809512377,0.14825287560748
replay_attack_000201,replay_attack,1,0,0.5685828937930496,-0.1222980164725809,0.3403334075090805,-15,0.1044387843503044,200.6446893390667,19.41492934592997,16.832865007059745,0.1958095870325432
replay_attack_000202,replay_attack,1,1,0.9042927879112757,-0.11508614541895,-0.06605810325027,2,0.0612567453408808,60.0,33.08671750355451,57.12416823586122,0.2472368995349932
replay_attack_000203,replay_attack,1,1,0.9080516441974732,0.3772946583928392,0.4685916087344619,2,-0.3879851371066874,137.8594612468302,23.92085405026884,43.55970140606044,0.184215335797849
replay_attack_000204,replay_attack,1,0,1.0,-0.1617319887908987,0.2380323185526408,-11,-0.7590002005415833,189.169924868119,19.830023326904545,25.278503937662663,0.2409059969956586
replay_attack_000205,replay_attack,1,1,0.9683376316795882,0.1159112285107313,0.4376499482014402,6,0.2054922696810035,186.69176755265477,20.575845439044848,126.5257632858744,0.1619631763605084
replay_attack_000206,replay_attack,1,0,0.995753397585827,0.3644176408948762,0.4196895354234764,15,-0.5404356777516247,60.0,25.40091531828719,9.359731396823436,0.2420405173038537
replay_attack_000207,replay_attack,1,0,0.5962184826718679,-0.1832545721081598,0.0517876824438235,-10,0.3480813585106151,260.30464630796683,31.622632323396463,11.020273646090736,0.2696706201507042
replay_attack_000208,replay_attack,1,1,0.90460331246765,-0.3891470517857477,0.0181332756894307,-13,0.2808754177048639,201.80921635494744,30.69455054326017,87.83836184765934,0.24117951730644
replay_attack_000209,replay_attack,1,0,0.6034335450798972,-0.2821530302345302,0.203232022600214,-15,-0.1111561963792868,364.03574239067615,35.0,10.30297991038708,0.2876250829286407
replay_attack_000210,replay_attack,1,1,0.8081516558892065,-0.0610888089749905,0.3725950808282273,13,0.2501166105034121,216.3521816711676,26.27117648095481,60.81953022066966,0.1954842110919138
replay_attack_000211,replay_attack,1,0,0.6407046848783975,0.3533346405948644,0.5317678399272371,6,0.3269405010977366,157.67271816069962,27.27823782315527,67.60924941295328,0.163166302977538
replay_attack_000212,replay_attack,1,0,0.5533286199054144,0.0416413362617221,0.0416413362617221,0,0.335304165470998,60.0,27.314989738735548,21.779875928856114,0.1964087702655414
replay_attack_000213,replay_attack,1,0,0.6473127675261149,0.1721547353729826,0.3494160452045028,3,0.3409963887741754,201.73663805935288,27.779656607026517,237.9964948352622,0.1288624722390859
replay_attack_000214,replay_attack,1,0,0.7498249743364912,-0.1282352939232893,0.1259813212962046,9,0.3710565875729446,211.8348266714577,24.076495639924246,51.57736158309765,0.1849681185130062
replay_attack_000215,replay_attack,1,0,0.5452716334104932,0.17502943356077,0.2956074221683331,4,-0.1163471207633736,190.390430151663,20.10877504215929,91.044268916049,0.2254118206811278
replay_attack_000216,replay_attack,1,1,1.0,-0.1369858007875081,0.5498774184197027,5,-0.3687202761945051,273.24307913521886,29.52991542432592,79.47191130828338,0.165009202978767
replay_attack_000217,replay_attack,1,0,1.0,0.3124599912726473,0.431164066641875,2,0.2740708447829056,146.78092131732464,30.51287328392516,85.28454301109144,0.2609186179337182
replay_attack_000218,replay_attack,1,0,0.6941618099071892,0.321271688992186,0.5809681725649872,-15,-0.1408219855768381,238.1740441019852,20.79816130787704,88.91737823145027,0.2282614195251462
replay_attack_000219,replay_attack,1,0,0.2280789673011543,0.1583823441539304,0.4457568371601093,10,0.0795224046837141,172.14223365268424,17.239678162389872,141.7236381063076,0.1462826530525663
replay_attack_000220,replay_attack,1,0,0.7587063554352302,-0.0830408869338495,0.2955210052726033,10,-0.0128023586642855,196.7903302939394,32.62512636367555,56.74501783260323,0.1425041322386877
replay_attack_000221,replay_attack,1,1,0.9816293667908544,0.5708551784599213,0.571350015713536,2,0.4988723970698852,102.3601814977677,25.540806124137568,48.25735498028918,0.2538057743738443
replay_attack_000222,replay_attack,1,0,0.6480085539445289,-0.0074922731903768,0.2587178827093372,-13,-0.1360791290285994,176.55876453256977,35.0,61.07403780188152,0.2167200245270956
replay_attack_000223,replay_attack,1,0,0.7380703761239138,0.3384046859907649,0.45918797264967,-10,0.3336385821066425,169.7301734669414,19.091531703747258,15.92992050073839,0.2622311112123845
replay_attack_000224,replay_attack,1,1,0.8921871466487808,0.1631519020693534,0.4286703564898976,2,-0.2581924717721326,296.5827053957488,15.4064056272163,119.5242511116032,0.1998030249389479
replay_attack_000225,replay_attack,1,0,0.1700818970079577,-0.1224336097776809,-0.0581405262874206,3,-0.338215904197069,159.09782150862216,24.051368929374405,180.3675755551569,0.2263875413362319
replay_attack_000226,replay_attack,1,0,0.8003994183027705,0.5730928559295532,0.6076785774111394,-1,-0.0421970016648038,118.353629798955,32.10590974099229,112.19818315095785,0.1974268114342915
replay_attack_000227,replay_attack,1,0,0.4611394499430021,0.2236366777934579,0.3470291265869885,-10,0.6818307140794484,238.6751319464347,18.3908679658214,67.48089411137518,0.2380941608472322
replay_attack_000228,replay_attack,1,0,0.7179490660777849,-0.2354898301606661,0.4146456248376168,-13,-0.3100660785695073,246.1885944814718,28.17680901808165,68.10416499251858,0.2081590306429569
replay_attack_000229,replay_attack,1,0,0.4331263231190296,0.1845830178969215,0.2875545307043134,4,0.0455144889933612,367.9849286333381,34.28945919784517,20.87497036808973,0.2046885963356026
replay_attack_000230,replay_attack,1,0,0.4747159023844047,-0.6418579894235238,-0.503766845649709,-15,0.710703055489374,204.1696927628136,27.93449097229023,13.160161168450088,0.2856865237527923
replay_attack_000231,replay_attack,1,0,0.8392457195122391,0.2301695873710264,0.3755287738786929,-15,0.1464874859854982,60.0,16.192999772501423,1.20853244388325,0.2049673563316749
replay_attack_000232,replay_attack,1,0,0.5347017653152959,-0.3587469498253066,-0.0587998337066176,15,0.1759897102031218,132.4429850494802,15.72845019460834,62.20787789208893,0.223362607745228
replay_attack_000233,replay_attack,1,0,0.3550114182867523,0.5145100230338456,0.5379585699326948,3,-0.180614934025031,103.29920643411675,17.698296529556828,38.71764395983615,0.2881834506922155
replay_attack_000234,replay_attack,1,0,1.0,0.1527402247756689,0.4628314870746894,15,0.5011804339266219,182.5507401961377,22.74797928703778,90.95091776669534,0.2028319810067143
replay_attack_000235,replay_attack,1,0,0.5510146884954368,-0.102111459995145,0.3581188278858314,-15,0.6117699720520908,336.5610508835497,24.621709662507904,98.97889528025873,0.1995182288039691
replay_attack_000236,replay_attack,1,0,0.7330760994706792,0.1346460777601203,0.2518580463660504,-14,0.3040646632112433,289.56383063748865,15.03851737761121,105.44195389410795,0.1588641188348828
replay_attack_000237,replay_attack,1,1,0.8226165943863617,0.2413876376708734,0.3203338942996819,6,0.6139047014951832,198.0459946190566,23.79229802942461,218.97545399722685,0.2783991481842801
replay_attack_000238,replay_attack,1,0,0.656773286726436,-0.0042081595676195,0.3933279292423345,8,0.1194397997086851,361.3358249975551,26.8398235053736,3.463711071497208,0.2592465972461412
replay_attack_000239,replay_attack,1,0,0.2691837058003255,0.0404330600652228,0.5355442448912028,6,0.0806944831266,105.2778689236872,27.59294720390597,108.99145972641908,0.1899112627582173
replay_attack_000240,replay_attack,1,1,0.841681815107375,0.0381905235329803,0.1154165215329069,7,0.6453979333819188,246.8224790911389,13.393357216917892,17.313693761117335,0.2269520604411061
replay_attack_000241,replay_attack,1,1,1.0,0.1499008242499259,0.4768904397806622,15,-0.3619448463062907,238.28740985285097,16.572678164306055,92.5800079516049,0.193080353959928
replay_attack_000242,replay_attack,1,1,0.9728670998741212,-0.3388089406345109,0.1708564023666316,15,0.4364632200547341,176.98209803648507,20.967007244671883,6.349350192566647,0.2798501565742711
replay_attack_000243,replay_attack,1,0,0.5816400410148486,0.2199185350027788,0.4465448198674983,-15,0.1412184768326488,258.4054095176116,27.937834580805475,143.84791251056305,0.3017596037028743
replay_attack_000244,replay_attack,1,0,0.5244607584275678,0.1340005514432257,0.5478863508558878,-12,-0.3074404802514173,115.22395791179775,25.47545863677106,25.254798922522227,0.26126359832106
replay_attack_000245,replay_attack,1,0,0.4865260041083004,0.074410518585209,0.2146473689912862,-13,-0.0243910578547979,94.14243045651716,32.31269716166332,10.855009403511955,0.2710769743834498
replay_attack_000246,replay_attack,1,0,0.9922980089522796,-0.2256510278617939,-0.0386762325375884,15,0.2277595945879763,253.1803222898536,8.55490479700321,75.84851654995151,0.1450613942932782
replay_attack_000247,replay_attack,1,0,0.6554111598263176,-0.6281782178708953,-0.2887015787470897,15,-0.6826095835871241,262.11229564725176,23.621747731663916,35.17129807818498,0.2773404966271226
replay_attack_000248,replay_attack,1,0,0.6836994707037046,-0.0131630234068533,0.1079880568814708,-8,0.4103714075869074,67.07452200462627,23.37628990258836,30.10938348739746,0.2407221633847634
replay_attack_000249,replay_attack,1,0,0.4877874640179827,0.3168589493414604,0.3168796112256847,-3,-0.0878182985015571,221.8543596990081,16.364978076028088,101.26929578166228,0.2640343791807923
replay_attack_000250,replay_attack,1,0,0.4364965365978208,-0.3781849977301434,0.1998639025290057,-7,0.0633258587132288,345.3249734224321,27.321278291008,79.26734186867017,0.2115311377481658
replay_attack_000251,replay_attack,1,0,0.5049053197484031,-0.1325828746268337,-0.0340003912133079,6,-0.1430685791093993,60.0,20.272908531925115,144.54968442174194,0.1735319505959681
replay_attack_000252,replay_attack,1,0,0.7255441439579211,-0.0924777879121836,0.0509560712297084,6,-0.5556169233646723,344.7877769776049,18.50240131831265,39.10641998638869,0.1381883810672446
replay_attack_000253,replay_attack,1,0,0.4643654054321332,-0.094213050885349,0.4614777160525272,9,-0.310789785223917,118.05504981629328,18.55179976310795,88.51157179559556,0.1992648651783134
replay_attack_000254,replay_attack,1,1,0.9007349928644152,0.5652636240489772,0.6685687013202026,3,0.2871098454654819,257.01622785879346,25.5663454217986,47.43358015996887,0.1999923648970943
replay_attack_000255,replay_attack,1,0,0.6585334407451234,0.1879551482683532,0.3402537683638514,9,0.1947595805132544,214.0832300323442,30.725804630209147,30.959756423520428,0.1355565337021021
replay_attack_000256,replay_attack,1,0,0.4869933057495051,-0.6207110750235633,-0.3665116876534273,-13,0.4584937337553005,144.31394440948594,21.520845473641227,108.56375950865916,0.2667370301629831
replay_attack_000257,replay_attack,1,0,0.8429678884950857,-0.032268629266196,0.4427154864285981,7,0.5584774954982962,118.40614144963192,22.16209068371581,47.06517880604572,0.1766387852440825
replay_attack_000258,replay_attack,1,0,0.3907449012652512,0.1058197221468085,0.2431411463269253,14,0.1212945736019717,172.50025365043638,22.813621709613045,68.38018160068064,0.2347997220850099
replay_attack_000259,replay_attack,1,0,0.648415350836045,0.2120028917194129,0.3196642956050846,3,0.2789917953339314,93.47069238840427,26.90277360836739,152.21857830792615,0.1776373465007067
replay_attack_000260,replay_attack,1,0,0.548379184273162,0.0432479484667666,0.6552572936932577,7,-0.3285972928887636,258.01117458573515,32.71540450256134,85.78968087650802,0.1896982679740405
replay_attack_000261,replay_attack,1,0,0.2492321281410792,0.2314859283984873,0.254980085921906,-15,-0.5354990598853122,199.217648230086,30.27769088362404,133.5484810934332,0.2090081766550604
replay_attack_000262,replay_attack,1,0,0.6013799346668742,0.6884037813318675,0.7769404395462717,3,0.5746325707218296,77.44066386261335,16.2688036782321,46.78124882394216,0.2321772804553888
replay_attack_000263,replay_attack,1,0,0.4064861693718198,-0.1185136373808138,0.1222987396203841,12,-0.1058373704850164,139.14753435428128,25.04294190151088,12.243807296393868,0.1642280822759136
replay_attack_000264,replay_attack,1,0,0.5979738722697245,0.4593396318656612,0.5607508820670135,-12,-0.3667941195386252,109.18662588764964,23.252061430566062,39.608703469364045,0.2077662865293477
replay_attack_000265,replay_attack,1,0,0.5104939204732937,0.0913317687371099,0.289985145397168,5,0.0332345685336777,312.78518238286813,24.84040355576917,4.975894225617438,0.1791108732096316
replay_attack_000266,replay_attack,1,0,0.7492573884514018,-0.641262599516422,0.0029570895172733,15,0.1197381125939709,319.7401669007451,12.747792980335658,80.97118323018319,0.277653903160948
replay_attack_000267,replay_attack,1,1,0.8881838525846386,0.4690367278286309,0.6226266619691571,-8,0.3456627005455623,125.6627284653294,21.367612081266284,56.15361537493824,0.1944040768736917
replay_attack_000268,replay_attack,1,0,0.7044569439953071,0.3191328538367952,0.5883016033656276,4,-0.1327530413325311,98.21620613031416,33.69927493840563,57.09242039095248,0.192691861315135
replay_attack_000269,replay_attack,1,0,0.538359999833281,-0.1978564254214748,0.0839628365731253,15,-0.400226112124285,104.25883553549272,18.558720039411995,18.0310260628942,0.1645653179650571
replay_attack_000270,replay_attack,1,1,0.9398508022801126,0.2013287832011716,0.2630822503073329,-15,-0.2192353403513608,77.97271858449164,35.0,107.5490586689872,0.1778924826926844
replay_attack_000271,replay_attack,1,0,0.7503635842478584,-0.0133322093955812,0.374929141148034,-15,0.1167233996522495,219.53447446946356,32.87087015193656,68.87083048349187,0.1509547260821728
replay_attack_000272,replay_attack,1,1,0.8632904803651626,0.0538979268556463,0.324270663340025,-12,0.4861823765708034,231.91793322024,12.616686901448222,21.425231960349016,0.1957517946029778
replay_attack_000273,replay_attack,1,0,0.6979729418268635,0.1803033521913905,0.3684428260039803,7,0.4580833421909872,142.1614737793292,32.78711121161198,75.24309647957644,0.212675104447182
replay_attack_000274,replay_attack,1,0,0.6280839796079202,0.2404707831717217,0.5305753585248182,-12,0.333381018065181,145.2740819565073,18.037328726269887,99.88779885920212,0.2478205270264444
replay_attack_000275,replay_attack,1,0,0.922746099005538,0.1764901397684114,0.4207427826258166,5,0.3200186696660383,160.4444760928215,18.188645480497364,49.98675271878929,0.166174724643575
replay_attack_000276,replay_attack,1,0,0.5187979260137616,-0.2492736643839954,0.0529465783746822,-15,0.0706242420695173,96.45374240767732,25.407566339087744,49.15098488099797,0.2168255343673381
replay_attack_000277,replay_attack,1,1,0.8105369487117715,-0.5280959092006058,-0.2963041942503585,-11,0.1877259528337932,120.82479224174094,35.0,41.201900282815146,0.2329256091697348
replay_attack_000278,replay_attack,1,0,0.6054804940417651,0.2679638736523995,0.6903253776491273,6,-0.4694069826503405,127.2452179427338,31.8819005509196,31.187799867181813,0.2298607641769883
replay_attack_000279,replay_attack,1,0,0.9578594838549128,-0.587284105511949,0.0345499380187308,-15,-0.0122424391419298,294.5613875612873,17.53689404620534,53.2685614259562,0.1967916786352889
replay_attack_000280,replay_attack,1,0,0.6085357776365837,0.0489684206198642,0.4348987251856381,-15,-0.1272284323597527,197.19516873174848,18.34543113167893,0.9595997489838836,0.2170391284502792
replay_attack_000281,replay_attack,1,1,1.0,0.1237694379340556,0.5150116691474488,6,-0.2238130043105465,207.823509847868,24.475071863376407,24.58618683566704,0.1916103561770869
replay_attack_000282,replay_attack,1,1,0.8953431323176939,-0.0333190850721675,0.3087604628411242,15,-0.0494628711018465,138.08027876679853,13.78917341013053,56.86062301218222,0.2381245642657152
replay_attack_000283,replay_attack,1,0,0.7004588370848989,-0.0019161024383308,0.1189215645881996,6,0.1201865098107052,102.38148944728964,28.110081110880387,62.01058088454747,0.1364934599911079
replay_attack_000284,replay_attack,1,0,0.583943176857342,-0.1973365503482973,0.1449427687146773,-15,0.0175804839972973,70.30045917656295,26.160536259312348,67.615147648871,0.2248226836096612
replay_attack_000285,replay_attack,1,0,0.6612509861005591,-0.4509235105855331,-0.2952819520904833,11,0.4626018594381403,283.9076814215905,30.041571865956875,42.98944275530388,0.1475336853853703
replay_attack_000286,replay_attack,1,1,0.8959878863185139,-0.1508300494848335,0.3905895733730795,7,-0.0024578854301406,169.98593363375178,32.54846923433014,117.07290530721107,0.2031170764820449
replay_attack_000287,replay_attack,1,0,0.6689084369048258,0.3007358391647152,0.4430793700212416,1,0.3809313282711271,296.12259053672807,26.145776654199302,81.07188251991651,0.1706726785685983
replay_attack_000288,replay_attack,1,0,0.7752248490657412,0.3449132182141662,0.512152181375354,-15,0.2542527662522687,201.99199877148484,29.22845032394245,47.764473519578345,0.2108868793543222
replay_attack_000289,replay_attack,1,0,0.3896798884936705,0.4895105991388934,0.5457845689828124,1,-0.4235230232495381,157.66431268029436,33.269278882230694,40.41916473041455,0.2219047052792556
replay_attack_000290,replay_attack,1,0,0.2723393873552316,0.3410684558507742,0.373414398149418,-1,0.3878627150395897,361.09103333386486,19.30641011865144,97.68248369164417,0.1770181190684077
replay_attack_000291,replay_attack,1,0,0.6347438718230075,0.0478142724104435,0.3847282314274379,-6,0.290744510749456,292.2050027756481,18.565296941804192,71.94457471594028,0.2805769260167706
replay_attack_000292,replay_attack,1,0,0.4389900599355771,-0.0805650590736531,0.2096581260904308,15,0.4558038763482035,304.9141311128625,27.6552589430294,40.40114210337676,0.1684354694578158
replay_attack_000293,replay_attack,1,0,0.3569829768964984,-0.2668427842334711,0.168356825868358,10,-0.1518953987095534,184.38914280936203,13.321201216678798,54.43774644668717,0.2245009776482327
replay_attack_000294,replay_attack,1,0,0.3086882374120217,0.2284120029139303,0.2434561833665737,2,0.2949290200814235,354.3399678762341,23.53295559769124,10.651058573202263,0.2223941155949713
replay_attack_000295,replay_attack,1,1,1.0,-0.278706658498089,0.2218621270104605,11,0.4397149114933082,223.60840648814337,24.45040767040957,69.07695611946316,0.2644388146124464
replay_attack_000296,replay_attack,1,0,0.6720741790787301,-0.3998728516039244,0.7035059884673122,9,0.009224312874188,137.60010607127754,17.848507397282077,122.34315984049404,0.1879236773180573
replay_attack_000297,replay_attack,1,0,0.1848745469269892,-0.4459220435253149,-0.1072619438547582,15,0.6141730436512328,60.0,25.077772388067075,98.14916871691736,0.2266635507967129
replay_attack_000298,replay_attack,1,0,0.6414140316107297,0.614165538287148,0.6639104979901882,1,0.2984059634697632,139.7803923272457,13.847296896891717,129.5673424133243,0.1743893109076626
replay_attack_000299,replay_attack,1,1,0.9679293500595934,-0.0214605619707213,0.4461461354465517,-10,0.0558867072401629,330.62841611915155,23.587430571601377,8.836830756343502,0.1542889571248595
replay_attack_000300,replay_attack,1,0,0.9423351495589274,0.1174483454397294,0.3362421945729378,-9,0.4482499190811863,60.0,27.22711611726305,27.98083011058129,0.2886351732065883
replay_attack_000301,replay_attack,1,0,0.5275213958012226,0.1031526571311686,0.4348007679951644,8,0.1249583395525667,117.68564468312668,26.13219370201053,117.22171771134322,0.1964206934817751
replay_attack_000302,replay_attack,1,0,0.5924641037687222,0.3405888492005801,0.4349331080641921,2,-0.3855268441372932,60.0,16.023799879208582,86.73235822130371,0.1573274458248267
replay_attack_000303,replay_attack,1,1,0.9022051555483624,-0.266710362614727,0.0974591565218639,-15,0.2040696699936638,98.15445317586833,21.40232244415837,118.21990468522654,0.2569391745785909
replay_attack_000304,replay_attack,1,0,0.73817269056468,0.546411645865842,0.6186789674426248,3,0.0262535002981681,60.0,18.54903747848548,85.8207624699916,0.2159591284711353
replay_attack_000305,replay_attack,1,0,0.5084711879748761,-0.2846335071335937,0.193525102384665,-13,-0.4425635312911716,313.1077233624411,25.137266823428675,110.70720923919978,0.2304738438517026
replay_attack_000306,replay_attack,1,0,0.4902349583192746,0.1873241787990281,0.3477032939284241,15,0.5294733244559356,94.65072254504572,27.680032990008183,70.35761057299187,0.1597814765496851
replay_attack_000307,replay_attack,1,0,0.7468392504566731,0.0684006651216075,0.2677884277793335,-14,-0.070861035295505,263.7014151392055,18.33729240591531,148.51895892810114,0.1500627823996408
replay_attack_000308,replay_attack,1,0,0.6365352725779767,0.0104101343382227,0.5441592784820356,-9,-0.0371623222084066,252.7107108260564,30.239200322478933,34.62191866795554,0.2057949246465073
replay_attack_000309,replay_attack,1,0,0.5804904899847534,-0.113466789463824,0.4480641689939978,9,0.4488146109873496,104.42972795665432,23.55643864403686,20.022567757550448,0.1694219389611738
replay_attack_000310,replay_attack,1,0,0.6824431619979117,-0.065630761853862,0.1541531118380639,14,0.1825256739160924,200.1461163824788,25.5270925480636,90.61945205562164,0.1690928143395809
replay_attack_000311,replay_attack,1,1,1.0,-0.0390537356009089,0.3454324888084035,13,-0.0206806404809311,170.9940646425908,27.902068825785207,0.6271231738120875,0.1799320566905915
replay_attack_000312,replay_attack,1,0,0.4828582699214642,0.4999268839369005,0.5358720696528212,3,0.4259095558038204,161.69824648471686,19.301912667445468,8.110929452472845,0.2314618291378812
replay_attack_000313,replay_attack,1,0,0.5853696357333913,0.0869078095287153,0.5502788872647647,8,0.209174837453105,195.4675021209572,30.6502069001379,1.653303677038032,0.1690150053300136
replay_attack_000314,replay_attack,1,0,0.4869226648051768,0.3839747623042818,0.5255127084970233,9,-0.3490408699890853,286.43504992467564,22.289139358160504,130.42925396757266,0.1717927754147946
replay_attack_000315,replay_attack,1,0,0.9868295988440284,0.2402541837100628,0.4465767178600506,-10,0.1937139648242906,309.5011582824276,25.639376648766465,70.5068445827855,0.239536622055891
replay_attack_000316,replay_attack,1,0,0.4799399429677165,0.2193050067835908,0.3799437113954608,4,0.1462459368126208,193.7487026742022,23.04759961162677,4.852577931085307,0.2418668244870694
replay_attack_000317,replay_attack,1,1,0.9026836931659744,-0.3286254927006214,0.0573714290658354,-15,-0.1070622703172221,309.35342458762227,21.073842313925056,146.031473579431,0.1804837393823714
replay_attack_000318,replay_attack,1,0,0.3301807413321179,-0.151563947841926,0.1970424473166209,-13,0.1939913455247169,136.94017046796304,10.79942315050102,61.30182392309232,0.1668539716857314
replay_attack_000319,replay_attack,1,0,0.5545889575047257,-0.5278831176003255,0.1865979733474742,-15,-0.0229588883199549,207.66433025559436,24.242865770021737,7.214349778798976,0.2067402322501154
replay_attack_000320,replay_attack,1,0,0.716473682314893,-0.1590094506448357,-0.0331027574072478,8,-0.0661645368830454,92.89807437882564,23.89854793447025,107.69986692876974,0.2112484613889283
replay_attack_000321,replay_attack,1,1,0.8148854131318497,0.0302285137223295,0.0855964462082899,-5,0.5274606087073689,247.2928670067567,19.704310723991224,17.26863037098417,0.2240054576329138
replay_attack_000322,replay_attack,1,0,0.6068560886041247,0.0355318085576598,0.4192782493680418,9,0.552606913353582,102.81507304527184,26.035367722536627,102.64379433788696,0.1670516185416167
replay_attack_000323,replay_attack,1,0,1.0,0.2951768212503098,0.5460479230668077,7,0.449465601829302,145.92657136012414,21.592438564703244,150.39472276304213,0.1640237997361588
replay_attack_000324,replay_attack,1,0,0.5404102195258657,0.514916348103001,0.6243410619731075,3,0.2149681186806765,90.52196215996872,21.03297237500768,26.223071307919334,0.1865090444424314
replay_attack_000325,replay_attack,1,0,0.563080892587223,0.4069865565526657,0.6011207097113881,6,0.2103220259691638,313.0639349093499,35.0,74.39714676471576,0.1937927168993252
replay_attack_000326,replay_attack,1,0,0.5022015367379534,0.4416383118617078,0.6582048226806801,6,-0.1187062437564553,215.99118816751184,23.044695828257563,92.38853453166976,0.2053242604779177
replay_attack_000327,replay_attack,1,0,0.6751194980945047,-0.0272775242975063,0.3548460404641957,-8,0.3289461849265422,210.0062981226773,34.58966946340879,143.86685743790906,0.1864146898825206
replay_attack_000328,replay_attack,1,0,0.3333394411829481,0.3906554921970903,0.5031969065870111,3,0.2302303541896479,287.98406528386886,29.59094210792909,99.76948610144694,0.2018284904450507
replay_attack_000329,replay_attack,1,1,0.9605343083304564,0.4411431981385589,0.4619516366349249,-1,-0.2539213945595702,109.5485487131116,18.564598301487205,143.12174877164344,0.1519589685363093
replay_attack_000330,replay_attack,1,0,0.5889407109683636,0.1813570644820242,0.2847502444478112,-4,0.3921761090222805,198.20294691957344,18.341034305058862,197.63629126602504,0.2093589902528967
replay_attack_000331,replay_attack,1,0,0.7341387549384696,-0.2078147957045132,-0.1082883958643714,-3,0.083173509134202,297.3127884026395,17.838647352865166,41.20651261776608,0.2178424776970872
replay_attack_000332,replay_attack,1,0,0.2350037720179293,-0.1475584561367899,0.1040679842481437,-15,-0.1177346826242927,116.00850552688132,35.0,72.61757323956412,0.2416663474539381
replay_attack_000333,replay_attack,1,0,0.3023065282753464,0.1306231178001697,0.5347335736515381,9,-0.3664639361024939,283.14958378581935,16.24726548693041,129.95097833630496,0.1745850476696251
replay_attack_000334,replay_attack,1,0,0.6978793218369015,0.5792593666994554,0.7212815257239783,12,-0.254752614326014,193.71571246106757,9.380396798218271,33.46409304000237,0.2504716063660401
replay_attack_000335,replay_attack,1,0,0.3009648513701729,0.3537892307596142,0.6076387568708785,2,0.038116207809986,60.36144548606707,28.034352397464318,162.73071965219032,0.1702984029973382
replay_attack_000336,replay_attack,1,0,0.3364964939735558,0.286987853991533,0.5168748502222843,2,0.1240976577785288,150.94786852241396,22.61149670450028,150.30201806563315,0.1674079460620216
replay_attack_000337,replay_attack,1,0,0.5904540826209921,0.3336422943411687,0.3398992346014485,-3,0.2867998330638561,216.45918846152856,32.37889383647342,105.35479104991016,0.1365424594951975
replay_attack_000338,replay_attack,1,1,0.8455822534262275,-0.0853038472651553,0.3538280671761535,14,-0.3170356076829851,280.82025879798334,29.536274964175767,55.69685625697079,0.2244134299411277
replay_attack_000339,replay_attack,1,0,0.3862194863028433,0.0207619310219346,0.4103809824731283,9,0.4876706614110948,135.027665826672,22.49394479358855,19.12882149402897,0.1345852709761391
replay_attack_000340,replay_attack,1,1,0.916542012460721,0.2524035642126412,0.5161910427078654,4,-0.3132457914235672,78.80643414999626,26.50126623687198,38.18655721514646,0.2113112712456372
replay_attack_000341,replay_attack,1,0,0.3783072116375506,0.1532131588727972,0.3627100463789479,8,-0.0082189695304151,122.19448710860136,25.050703222019127,110.36162022010026,0.2969000785439891
replay_attack_000342,replay_attack,1,0,0.7292689979189562,0.4697578928323275,0.586997015599832,13,0.3116702940077921,78.06810037327644,35.0,128.2670128044415,0.1960785213345036
replay_attack_000343,replay_attack,1,0,0.4278727309249921,-0.3279221179113137,0.0445833276119949,-15,-0.1586056767851309,223.51089338774105,11.310802573739169,9.035355782627988,0.2671471546864177
replay_attack_000344,replay_attack,1,0,0.7242521891943269,-0.0236433681048252,0.2372305811921597,-4,0.19573543560478,80.35337043583702,9.784590095942642,8.165745724298738,0.1413158287326918
replay_attack_000345,replay_attack,1,0,0.6533937897961339,0.172153317796829,0.2055267528854489,-1,0.3201792621506498,108.30578775276952,25.47392803112676,102.01494851565197,0.1880349600780221
replay_attack_000346,replay_attack,1,0,0.7346058746690665,0.1748390817269282,0.3586451861084022,5,-0.448988851627512,331.331171921011,25.857466772768408,103.23789702901368,0.1568847821984481
replay_attack_000347,replay_attack,1,0,1.0,0.0452901618193726,0.6579110014254786,9,-0.2296776472181178,69.63223336320944,21.409557622664707,55.99765168882613,0.1810714612444156
replay_attack_000348,replay_attack,1,0,0.4514991365025788,0.2434658253810681,0.3557091369140129,2,-0.4157763576248175,137.5423022290987,23.35395934878465,23.33387790362633,0.1615822432415271
replay_attack_000349,replay_attack,1,0,0.7759082413244794,-0.0266369975023819,0.4390450860455856,10,0.1342886528935421,154.41429954512208,23.78488063780459,2.76606411698544,0.2469609360204957
replay_attack_000350,replay_attack,1,0,0.682312855432087,0.0893069969952062,0.0893069969952062,0,0.0055647192333967,286.7256923246196,11.501760498799904,54.4720478218005,0.2040089834616981
replay_attack_000351,replay_attack,1,0,0.5141588403653748,-0.1443568883989863,0.1545016258181912,-10,0.2492904207227761,135.33298476266992,27.26038853757465,100.4874199859951,0.1597994936837723
replay_attack_000352,replay_attack,1,0,0.7583036866024065,0.4856969082738774,0.7570402908857821,5,-0.0551774352200259,60.0,27.366917250350525,66.90417913509144,0.227345462607704
replay_attack_000353,replay_attack,1,0,0.788167760844036,0.1005172822542561,0.1289783198887161,-1,-0.2201719312347332,125.0900046202509,17.813604380392448,113.5987734088892,0.2012144325312352
replay_attack_000354,replay_attack,1,0,0.6143675266517434,0.0537890328054513,0.333125653540879,9,-0.5863306124287617,182.7213928648554,22.494553036326952,78.29721820166787,0.178875286655891
replay_attack_000355,replay_attack,1,0,0.9454419627429278,0.0913978349928812,0.4135133611888443,-10,-0.1705149780527306,180.7860356710269,26.016768731418374,19.069088304725355,0.2059194859053706
replay_attack_000356,replay_attack,1,1,1.0,0.2885763518093184,0.4703600120104582,9,0.414937565934401,107.34701556956252,19.447844383599435,18.37427824603931,0.1680887695133397
replay_attack_000357,replay_attack,1,0,0.1911384472666494,0.3408063927262233,0.5000631633769342,6,-0.0496799140168098,161.51572187662074,29.355556518223366,35.42661074281161,0.148883527130655
replay_attack_000358,replay_attack,1,0,0.4500332395290525,0.2020478298444271,0.4666956878702393,10,0.2243252266353954,115.03389714534842,28.492312073551496,107.28819201903524,0.2606842003815793
replay_attack_000359,replay_attack,1,1,0.8395925338410547,-0.29920093733709,-0.0864246948058673,-15,-0.3606966053683929,104.66187304334512,35.0,23.07164588854971,0.1889450411989224
replay_attack_000360,replay_attack,1,0,0.8471725928778463,-0.320130397819285,0.3782646089648916,-15,0.039139117682076,149.91335065645936,23.731651379934696,92.031358918767,0.1719815282511749
replay_attack_000361,replay_attack,1,0,0.5988255607251927,-0.4172768327025908,-0.2310149114793077,15,-0.073528026273563,181.44617941359212,23.660026046415982,101.84315515270848,0.2490238921267131
replay_attack_000362,replay_attack,1,0,1.0,-0.0234488839687518,0.2582339848402067,4,-0.0467328497040509,173.9077500464796,25.36334627532138,32.18910420772217,0.1608418583436085
replay_attack_000363,replay_attack,1,0,0.3394965757889439,0.4224911849454362,0.4643135047569903,3,-0.3658012424072938,191.6344539329241,16.08102948424129,95.39002275667092,0.1865877994315901
replay_attack_000364,replay_attack,1,1,0.8210237154303592,0.0048541987819901,0.2064484549343981,-7,0.4781360001945515,137.7976464245808,26.14469318331858,39.72656643258263,0.2240739994681813
replay_attack_000365,replay_attack,1,0,0.4856744904527199,0.2180308508756858,0.5592729283608382,12,0.1445779674854262,141.74513829005713,24.456505388485528,23.73363749178442,0.1853477529473505
replay_attack_000366,replay_attack,1,0,0.4947217381301515,-0.1223316482602587,0.0399104107985963,-3,0.2792754416478396,181.9287442549164,20.76503237779816,196.89840082496212,0.2323449249486996
replay_attack_000367,replay_attack,1,0,0.5752583059435996,-0.3689467218424497,-0.1252666752283297,-15,0.1502018351027362,116.90907737996552,16.463889506635017,102.17125725080206,0.198246630180187
replay_attack_000368,replay_attack,1,1,0.860018493542338,-0.0844837267276071,0.1580944678227069,9,0.3712327891848243,263.47324246289907,25.414566801021834,8.410822474554529,0.1851767944680663
replay_attack_000369,replay_attack,1,0,0.7044712655125697,0.2859037812729684,0.4709228441817411,4,-0.2355135522654163,83.76175385568901,24.942394504274343,47.9762443930577,0.2074469555238647
replay_attack_000370,replay_attack,1,0,0.4145655701855101,0.0216070132798473,0.3517111483522142,-13,-0.0585707021792728,60.0,24.03159049927075,69.48854657048489,0.1758073329602078
replay_attack_000371,replay_attack,1,0,0.5720306773861515,-0.5775544245334415,-0.1604445626883051,14,0.2651907472687427,246.602669519388,25.10555743489859,64.90055583274868,0.2779468310159559
replay_attack_000372,replay_attack,1,0,0.388636426558383,0.3962706788876121,0.449411509450216,7,0.3552068263182758,230.92032438815983,27.135040457827497,50.95097217263024,0.16242266497163
replay_attack_000373,replay_attack,1,0,0.961659771060124,0.2870784732589518,0.3683685915849151,2,-0.0679559946621247,60.0,21.870237753775484,12.329490865240077,0.2180896984252085
replay_attack_000374,replay_attack,1,0,0.7397434428350244,0.138559725432699,0.2774583259655021,6,0.336391794509364,215.34150973478305,26.45585321392321,90.6739520826072,0.2484234792420254
replay_attack_000375,replay_attack,1,0,0.7074181693049738,0.1224809179123287,0.4338398038587543,-15,0.3014789354648367,132.89167169539968,32.19681687427237,18.587118978991285,0.2530619864419515
replay_attack_000376,replay_attack,1,1,0.926853740722932,0.0808346258886837,0.4661546080879187,-9,-0.2339520665714899,136.10803836460136,17.98118127860574,43.45700562978443,0.1706940834688048
replay_attack_000377,replay_attack,1,0,0.736140826539814,-0.4199311854294482,-0.0001880152622554,-15,-0.0418937706385919,110.21314148044776,27.734069003441665,75.82494631533703,0.2628049003170278
replay_attack_000378,replay_attack,1,0,0.5311057625271856,0.1263835915394023,0.4226697359490157,13,0.0690159227477209,181.0121712880721,30.338477400564905,69.56407137154277,0.272183686237274
replay_attack_000379,replay_attack,1,0,0.3511861605999584,0.3166161735428069,0.3211745173667942,1,0.064856812820089,60.0,25.130018981248504,68.8266099421389,0.2358592897606009
replay_attack_000380,replay_attack,1,0,0.8003490409093199,-0.1129955527826456,-0.063700128738542,9,0.5758007474046891,141.55258953846825,23.403113979174368,5.520624160557588,0.1536549530600401
replay_attack_000381,replay_attack,1,0,0.5337056956794846,0.3352997186327195,0.5868224186946179,5,0.6986415740216038,60.0,21.73771352194188,34.600271693824,0.1817820137550317
replay_attack_000382,replay_attack,1,1,1.0,0.0855570576446291,0.1097691635206052,9,0.5020025479957864,309.776108933586,15.398044594421576,107.94491062229235,0.1433004369258488
replay_attack_000383,replay_attack,1,0,0.7259145287867734,-0.3144229637750792,0.0747806478577719,14,-0.0142640613072273,177.18877112092702,29.84106029358407,44.08697543064835,0.2355452090832056
replay_attack_000384,replay_attack,1,0,0.3660296023475879,-0.0085309422160118,0.5411511229006701,8,0.5153281039953839,182.43545608164607,30.974340563764496,104.68417905238196,0.197480565778659
replay_attack_000385,replay_attack,1,1,0.8830178815675839,0.2497811295218205,0.3696262307787715,2,0.3385989141496535,221.3855821125452,13.351978931656848,146.24855777683413,0.1593190919773751
replay_attack_000386,replay_attack,1,0,0.7952770595935489,0.1658615020858363,0.3215695584761942,9,0.0644376937976867,285.28886888919607,26.544313083645108,86.19083016025277,0.1989318011834981
replay_attack_000387,replay_attack,1,0,0.7562211363165577,0.3410348381693729,0.5447785891079627,3,0.5662607223937025,127.30265862179397,24.815359421323212,63.61125470687298,0.2660563057131082
replay_attack_000388,replay_attack,1,1,0.9937690068347832,-0.1614474215977084,-0.0504303700897902,15,0.6045442464336382,328.7000871291598,30.733602856191176,159.49756904397395,0.2652813691980578
replay_attack_000389,replay_attack,1,0,0.9932201089015942,-0.1214544178461744,0.0022383600091988,-15,0.3776187751259728,159.29733936381191,31.14252657436477,66.49686755720055,0.2844547924554657
replay_attack_000390,replay_attack,1,0,0.3435672567711485,0.2456536361772721,0.527075743246401,4,0.4017086949860239,154.21811592241508,28.578466299121462,20.001670249755374,0.1779816420701524
replay_attack_000391,replay_attack,1,0,1.0,-0.0129583581379519,0.2689849408816246,6,-0.134511154226415,201.1554272102397,20.4736912084947,38.154392586846335,0.2364366567979284
replay_attack_000392,replay_attack,1,1,0.885187924597984,0.3109407534469318,0.5399014754273239,14,0.0557098948110581,99.08730003647749,29.6978348601395,73.96712373315924,0.167176391802398
replay_attack_000393,replay_attack,1,1,0.9262917931397812,-0.2273372999022863,0.2492695136098067,-10,0.520669036079063,60.0,23.46329768446384,97.12772145811856,0.2216653708710744
replay_attack_000394,replay_attack,1,0,0.5837659335155366,0.4068025139453948,0.725474118599885,3,-0.091205094298939,79.54193541511299,25.99647963797572,47.64534387804037,0.2123528436362417
replay_attack_000395,replay_attack,1,1,0.9160472247836924,-0.6077637906512642,-0.1156834677771863,15,0.334688585686835,106.65157029252964,17.178210134897764,55.77205110600839,0.2267210704312056
replay_attack_000396,replay_attack,1,0,0.3822358556731774,-0.1384225419038963,0.1083930041097323,6,0.5848393486734053,76.3293028562832,27.219436288113027,45.651775766251085,0.1664900288810021
replay_attack_000397,replay_attack,1,0,0.5115304235287811,0.4694171595360289,0.5565735759564749,2,0.2459538442970709,114.292778296263,17.97970646263069,0.2395476128025748,0.1528345969764557
replay_attack_000398,replay_attack,1,1,1.0,0.1563375675597857,0.4940975252043859,15,-0.0107663567734179,230.7626650310216,26.759267489360155,77.70253940582239,0.1856390043611015
replay_attack_000399,replay_attack,1,0,0.80821779275517,-0.0154600814177566,0.4930749367428551,9,0.0995952873555542,267.32483419662594,28.193973334770853,63.92898203012973,0.1863992359850434
replay_attack_000400,replay_attack,1,0,0.5516686000822377,0.1155372813913701,0.2862725238696148,5,0.4101017412043474,143.30380586011867,28.645869698662665,12.20728199197992,0.1391699395904313
replay_attack_000401,replay_attack,1,0,0.578651128164517,-0.1586292066259094,0.2396041542375047,14,0.4665533057628734,60.0,13.458699843311008,54.92802634101843,0.270771410545138
replay_attack_000402,replay_attack,1,1,0.8456862305117525,0.4415265488833884,0.5387321460261002,12,-0.1534508277413633,204.01959384169928,29.188862396154505,93.6406705697665,0.29953891348917
replay_attack_000403,replay_attack,1,0,0.4853734479305625,0.1611772020114259,0.2888328607332052,3,0.1248174129079994,206.82681489503375,12.314048324698732,19.70742322996777,0.239157389124303
replay_attack_000404,replay_attack,1,0,0.1678428448565757,0.1937602224834978,0.3267139075793581,-14,-0.0351194048219852,244.46334878971027,24.382278152936603,89.4749890342453,0.2843971372936399
replay_attack_000405,replay_attack,1,0,0.4876201797686815,-0.0140765002710435,0.2306189266764439,5,0.4283600505533739,246.206596301202,21.303048995983254,76.5460761086264,0.1687370245737014
replay_attack_000406,replay_attack,1,0,0.3893760114317061,-0.5107824449982168,0.2892382579227509,-15,0.3992853819263334,60.0,27.978416189249263,91.69478623810556,0.2289974640981033
replay_attack_000407,replay_attack,1,0,0.0878693013541687,-0.0017726906941561,0.0894157932558653,15,0.3132374747571064,292.7762671343796,8.497049053574512,75.81742151047096,0.2213396348621731
replay_attack_000408,replay_attack,1,1,0.9750059517064054,-0.1097985595316622,0.1260910732157957,-15,0.2661473476130115,119.40117356061536,20.37731941989649,82.84856255970416,0.1604263334211697
replay_attack_000409,replay_attack,1,0,0.6289368748656353,0.1333058717165796,0.6397425666113424,-10,0.4346566618110957,158.72266460557583,31.24471355117976,31.754799108185065,0.2257571131364147
replay_attack_000410,replay_attack,1,0,0.853230386134959,-0.1419177970834592,0.1777420985707786,-15,-0.3184150556888979,205.3469429888798,20.81606164963808,7.143985771543676,0.1636144120309725
replay_attack_000411,replay_attack,1,0,0.4766204266954418,-0.1173697217337919,0.0929059431660094,12,0.4407014734985141,181.41860196512152,14.96190995811,92.11423497141344,0.1409738976198123
replay_attack_000412,replay_attack,1,1,0.7898185699363847,0.2449998964853709,0.5239408206339531,9,-0.3617543415348027,216.12090619691216,17.204607594729616,88.59378309520406,0.1878858281195459
replay_attack_000413,replay_attack,1,0,1.0,-0.4845411162894008,0.0606651275281329,9,0.2405069226417823,158.51341717829612,20.434944037639696,73.3660329421713,0.1802401075250401
replay_attack_000414,replay_attack,1,0,0.8050349457549372,-0.357443013983699,-0.1013368671192606,-15,0.0452638350545127,100.3122857062081,26.859665652560786,50.266681091994585,0.1917220060324477
replay_attack_000415,replay_attack,1,0,0.7108401078115015,0.539984058412943,0.558126500544987,1,0.3166340315832213,60.0,23.221876384332408,7.79835661370889,0.2186107752247495
replay_attack_000416,replay_attack,1,0,0.7529147950046424,0.2380089757074628,0.5808614205965389,6,0.0112879617029323,159.76974780514905,12.888744741645304,102.81522701478012,0.2093389984825061
replay_attack_000417,replay_attack,1,0,0.647961625425776,0.2271335631713208,0.2861136457841289,-2,0.0557068284548701,83.40702333373628,19.4681442827066,96.06975363852445,0.2372305721736519
replay_attack_000418,replay_attack,1,0,0.4974811052411002,0.2602768401621956,0.4914977869864992,-15,0.2148999205922265,83.34936154478177,30.317231160736213,32.643056283486445,0.3098795410278356
replay_attack_000419,replay_attack,1,1,0.9429247983923116,-0.0060842970166381,0.0493179642679197,-9,0.0003480044921201,208.98781363508,33.15081621460264,41.55136857339683,0.1788796092979051
replay_attack_000420,replay_attack,1,0,0.3775019574021744,0.393840849028902,0.5927209412728119,-10,-0.3207126154019661,174.278520004355,21.411527456522528,91.79159071521502,0.2352167168297693
replay_attack_000421,replay_attack,1,0,0.7121425076938976,-0.3941848182110355,0.1700425972765864,-13,-0.4432559998953676,135.549311861423,23.64785982711665,74.93558606909487,0.2082064269225786
replay_attack_000422,replay_attack,1,1,0.8011962221915647,0.2616552749724757,0.3531031734476523,2,-0.091259423711007,154.39214784848383,19.41642100183176,40.76163447674341,0.1443992540968344
replay_attack_000423,replay_attack,1,1,0.7830056722918284,-0.3722703230949738,0.0545398047896372,-15,0.3541671227955015,170.54488530841994,35.0,52.027014387147766,0.1632860050695681
replay_attack_000424,replay_attack,1,0,0.621592307279436,-0.0299079822220234,0.2494107165602736,8,-0.3808461539345345,228.02178747767263,29.280028406193345,46.93332461125402,0.2202378418917439
replay_attack_000425,replay_attack,1,0,0.584261117930617,-0.0046173786394658,0.4455182448083618,6,0.0770541378474281,223.98355545682085,24.026313670238533,84.66669149561623,0.1885113556108354
replay_attack_000426,replay_attack,1,0,1.0,-0.1289786072488394,0.2921287447622082,-7,0.1925181683649975,214.83079170227464,18.059019886624643,78.75036662978948,0.1594644092832375
replay_attack_000427,replay_attack,1,0,0.5289452269221296,0.4627740410178447,0.7375377886225686,8,0.1885516631666235,60.0,14.193266486591687,56.409195260763546,0.2056874048420658
replay_attack_000428,replay_attack,1,0,0.9283216404115991,0.31681667639341,0.5124848640515821,5,0.6105194351297365,60.0,18.362503099358783,77.74822412361485,0.1714500502871982
replay_attack_000429,replay_attack,1,0,0.5911863365026495,-0.1849013869999486,0.2101380050833931,14,-0.019918044025222,92.844674807126,19.215714314625377,94.42543042137912,0.1482308097373918
replay_attack_000430,replay_attack,1,0,0.562615678077095,-0.0478284138074919,0.0252618127160459,1,-0.2608485450444217,60.0,14.718818531029507,79.56760327438865,0.1536566463694058
replay_attack_000431,replay_attack,1,0,0.4869059314644026,0.2975383201674165,0.747588602994298,15,0.3835151526585518,152.27428876394026,27.70549649330492,35.868731031302985,0.2179337518487735
replay_attack_000432,replay_attack,1,1,0.9667866870986336,0.4397997225333928,0.4707893492801928,-1,0.3334510768714264,179.87491101028817,23.53954178704204,24.97138339021824,0.1520216976397374
replay_attack_000433,replay_attack,1,0,0.4954676299586082,0.3590834583424164,0.6017670964959373,6,-0.2512433581136969,213.2688837531701,26.50303286499612,82.2338938952594,0.1692175379810912
replay_attack_000434,replay_attack,1,1,0.8334813777918951,0.2526131163548845,0.3484498165813369,-6,-0.1049018090142181,60.0,23.568063619785534,83.94185650028145,0.2311682523188607
replay_attack_000435,replay_attack,1,0,0.757754293280621,-0.2947691968033188,0.1176711974367634,-15,0.4338734845495203,193.87916881037333,32.62609504640777,50.46196331409223,0.2581118273070169
replay_attack_000436,replay_attack,1,0,0.5215542409944971,-0.1419064263585062,0.5667751220620088,9,0.0641077172246839,150.55215073000372,13.679806574077327,8.687071873013323,0.1728655864889242
replay_attack_000437,replay_attack,1,1,0.8033492811881601,-0.1456376437172757,0.3600822554630351,-15,0.0399554929853228,305.2708454459414,33.54234642221036,87.43861033002077,0.2158152180281183
replay_attack_000438,replay_attack,1,1,0.8225954985500858,-0.5001019026117791,0.4140170269238554,15,0.4561188759810598,172.78514685989737,26.88315784422822,160.61996879097956,0.2207569540611416
replay_attack_000439,replay_attack,1,0,0.4003314308869492,0.1511082301817343,0.4030842266778489,-9,0.4629277901212217,130.53416667892387,27.721271743612338,147.84972346736583,0.2938810396950061
replay_attack_000440,replay_attack,1,0,0.4326542816396501,0.294380408682116,0.4725788913703868,-14,0.3118171976935059,218.2598702546308,22.249097084912968,17.61032908723199,0.2447306727910918
replay_attack_000441,replay_attack,1,0,0.62199605740804,0.1739007129076888,0.2741889426178158,15,0.0784001053824078,204.0876973568764,32.80677221399299,66.855634981952,0.2647104311986147
replay_attack_000442,replay_attack,1,0,0.3528766965752454,0.0346920845284473,0.2987460224367314,7,0.3720385675727032,136.19976866751065,17.95156618719767,83.83413157701852,0.1779021828395271
replay_attack_000443,replay_attack,1,1,0.9955084478219944,-0.3712987183242123,0.3774159205784452,10,0.5215200972082694,182.0150496537765,18.579919866461715,87.87920468757738,0.1717165597299901
replay_attack_000444,replay_attack,1,0,0.4770830391084175,-0.0861447448881169,0.3320241504926549,15,0.2152241272866388,160.97537749148418,25.1603265271213,13.811819835732848,0.2583310889313329
replay_attack_000445,replay_attack,1,1,0.915083063538722,0.1264054981119847,0.5008341624860417,5,-0.2678080866952526,246.3343247473541,19.11223435397585,115.42840345786234,0.2212888802518945
replay_attack_000446,replay_attack,1,0,0.7352509794480641,-0.4245304070789789,0.10944407182261,-15,0.1492002484503434,391.9534275793006,25.407415143008876,57.40896591367556,0.2455811233137459
replay_attack_000447,replay_attack,1,0,1.0,0.1655168008889033,0.3429533398061651,9,0.2036880300686525,161.7912341960904,18.096161431560443,3.815220160927801,0.1688268795574877
replay_attack_000448,replay_attack,1,0,0.5813635590680722,0.4485251977722628,0.4970325611752619,3,0.0253344896079776,267.6602982473322,35.0,110.5299421030186,0.160995442331568
replay_attack_000449,replay_attack,1,1,0.885595499768387,0.2501401643904181,0.5086900452731814,15,0.0729327442572519,218.50169950670625,26.17705440555885,25.87522846083175,0.2750670887438795
replay_attack_000450,replay_attack,1,0,0.5332769330250606,0.3739090442992418,0.4378834158733902,-2,0.5789791393989943,103.88021426659871,32.11659484798277,89.06710046701778,0.2317859623588792
replay_attack_000451,replay_attack,1,1,0.9802320703891853,0.1626340802006912,0.3520192689187267,-15,0.4463569308270811,212.87894597151296,22.37343130380907,3.6643087258084743,0.1733961834343775
replay_attack_000452,replay_attack,1,0,0.5807581162801883,-0.0038572650659478,0.2194721129959527,3,0.5687871507208131,266.8795999709056,28.680554153934487,13.43371578111588,0.155962733684229
replay_attack_000453,replay_attack,1,0,0.2985664828728492,0.3771209776813773,0.4340300668970249,4,-0.0348388943896909,250.00193222980968,19.82649272792598,55.59250994360312,0.1660355077239606
replay_attack_000454,replay_attack,1,0,0.7387321872375087,0.3571068362885092,0.717340641512667,-15,0.028104427613089,201.209888838004,20.11210653757095,11.999663506270153,0.2507142790478172
replay_attack_000455,replay_attack,1,0,0.6319130101612773,0.4600324140092748,0.6407084527676549,2,-0.5229544736776719,237.5757731940065,25.80611769982361,171.9518186300616,0.1595797231095355
replay_attack_000456,replay_attack,1,0,0.7569323949426604,0.3460664413011087,0.3761703149163251,1,0.0915497375241781,88.81412146582863,16.5406622227193,51.37509311777911,0.1669603094530102
replay_attack_000457,replay_attack,1,0,0.3801237705350067,0.6106773931971197,0.6604924596755487,1,0.4160713984920807,185.98280362399308,22.864161641363165,8.201981306795147,0.2022020797470152
replay_attack_000458,replay_attack,1,0,0.598715421278623,0.4244037955818206,0.4859640000556657,-3,-0.7168622999540527,60.0,35.0,119.15601333382426,0.2051610338528768
replay_attack_000459,replay_attack,1,0,0.7555209499005192,-0.2782486117115748,-0.0923370766505581,4,0.4209106250039864,226.537700407566,21.155443561148967,14.784802518432071,0.2388762769676965
replay_attack_000460,replay_attack,1,1,1.0,-0.1723376439096166,0.2146746395038981,-15,-0.2903759781756959,115.35171866283754,25.744222070227977,1.19880694831064,0.2268101873569339
replay_attack_000461,replay_attack,1,0,0.916963092091806,0.2102465717061398,0.437483245380916,11,-0.0972400608961092,173.49774252918138,25.173645606028742,120.9114204913844,0.1620172231628837
replay_attack_000462,replay_attack,1,0,0.4850844373633227,-0.2985239734262186,0.4024233639571086,9,-0.0221131592482204,97.27677356084024,32.55037692932046,14.16907148839622,0.1961579926213875
replay_attack_000463,replay_attack,1,1,0.813583447176889,0.3747007005713629,0.5207678321494603,-15,0.382510951975498,82.13001880546153,31.84828658604084,9.143268977703173,0.1647072265142422
replay_attack_000464,replay_attack,1,1,1.0,-0.0061269473248812,0.1888180292943902,-6,0.0755495806307858,120.4049781206356,27.56319903852544,96.13921140833205,0.1415066301259792
replay_attack_000465,replay_attack,1,0,0.6680602637741723,-0.209044983102096,0.1805973759602414,-15,0.1319788313195647,208.41192135398103,23.57805920841149,36.17476346787488,0.197933747572924
replay_attack_000466,replay_attack,1,0,0.7638646276770802,-0.767215738262361,-0.5720736272634034,15,0.5479656275386081,155.5784168171556,17.380209559021278,48.39732631132964,0.2929226386677699
replay_attack_000467,replay_attack,1,0,0.341206006658261,0.3600011929955486,0.5240048513311941,-5,-0.02025164035208,111.06268349547707,28.086052310593157,82.5483381857725,0.2691440953205855
replay_attack_000468,replay_attack,1,0,0.8989673027372068,-0.1296990661148493,0.5977744521552195,7,0.0179761105116148,60.0,21.894955284580263,40.90208688119911,0.226401223531401
replay_attack_000469,replay_attack,1,0,0.4523640524245641,-0.1348449334117614,0.059441902363759,9,-0.091416977677557,60.0,23.513726259968653,109.48497941040073,0.2008074564321487
replay_attack_000470,replay_attack,1,0,0.577436140474002,0.1334901441477579,0.4393200324352171,-15,0.3302329469387849,278.3122628724664,28.62025043451061,94.72016293846728,0.2241123311108207
replay_attack_000471,replay_attack,1,0,0.7002232720973175,0.3020830281567976,0.4976469442248225,3,0.5830977625809982,272.272321260652,21.49668661365999,150.83261564525492,0.1664857475567108
replay_attack_000472,replay_attack,1,0,0.8151525335378126,0.306742941023548,0.3529604013824813,-5,0.154063898608921,325.1179552352041,20.197419757206674,40.63499565361312,0.2283548749368462
replay_attack_000473,replay_attack,1,0,0.5972796117853663,0.0906267289577914,0.1321770831980524,-3,-0.2355777754727819,134.86564143402973,16.894799459355976,19.500509888360742,0.1731002467819339
replay_attack_000474,replay_attack,1,0,0.5473024882335493,0.0969899545241081,0.4786714585741388,8,0.1047146988737173,239.77814333074303,35.0,68.96500274598264,0.1830893788959014
replay_attack_000475,replay_attack,1,1,0.8551298697170193,0.3966846537107304,0.5202396473560668,-12,0.4432189336854803,127.42859306944996,26.69398299871712,78.21262549352437,0.1712822271152675
replay_attack_000476,replay_attack,1,0,1.0,-0.4922628844061419,-0.2945297278892597,15,-0.3548522894401323,196.5575295730894,23.659050910577104,22.381824097098672,0.2448095549014113
replay_attack_000477,replay_attack,1,0,0.596613823763581,0.0707364936976114,0.1678972096712581,7,0.1464306515581725,163.15628974350693,26.944867915596618,6.860374686809081,0.2047347799226314
replay_attack_000478,replay_attack,1,0,0.4805169945326722,-0.0159000498498141,-0.0159000498498141,0,0.3980741398980429,141.7544766155159,24.7754424979062,47.43964723772074,0.1771051630146165
replay_attack_000479,replay_attack,1,0,0.6893890628996713,-0.045278418862058,0.0820706862764597,-9,0.5210186142324272,60.0,23.20835023393423,0.9041674158564916,0.2472666378833452
replay_attack_000480,replay_attack,1,0,0.5695975691815429,0.0874651139590347,0.3643373320293194,8,-0.4087303388477459,168.33127031732056,25.95025840548137,83.0934070953146,0.1755094291707627
replay_attack_000481,replay_attack,1,0,0.4988027286395347,0.0649506398838261,0.158216594302395,2,0.30956472514692,153.83064934315863,20.479026848799272,109.71597940548338,0.1325350575499059
replay_attack_000482,replay_attack,1,0,0.4258354425881082,0.4534331637709528,0.4885838091611917,3,-0.53784706233582,146.2795013015735,20.533261149631336,21.76694471605918,0.2085844476071024
replay_attack_000483,replay_attack,1,1,0.90812677706859,-0.3580901349550973,-0.0589876712508077,-14,0.0054959866484433,298.1716464840805,25.142157139602773,139.8196805425242,0.2340845001729522
replay_attack_000484,replay_attack,1,0,0.5563570891607721,0.0733939392778028,0.4025539750740883,14,-0.5762520931427398,122.49640632075683,21.826085672180195,5.003875632753484,0.25104741862064
replay_attack_000485,replay_attack,1,0,0.685538957814434,0.5118511654450426,0.5408749313793715,-4,0.1588744421346496,186.73119734739788,23.425376403411864,82.92794808980369,0.1677045488350032
replay_attack_000486,replay_attack,1,0,0.5286198972120192,-0.4358910705634498,-0.1047455240796456,-15,0.2277264935953237,224.194540695702,20.750956348805158,1.2332035810203763,0.2448190126955699
replay_attack_000487,replay_attack,1,0,0.591272895308674,-0.3751363989837878,0.206759509022108,15,-0.0175527899779323,85.17494039300149,27.75658809037011,43.752562664165865,0.2213644358629588
replay_attack_000488,replay_attack,1,0,0.4428651668374495,0.089058950835896,0.1914155886008296,3,-0.3999167259037464,354.0306530079944,17.91605981025565,41.20894027033554,0.1307498853019389
replay_attack_000489,replay_attack,1,0,0.550242126075629,-0.1962114596287722,0.2462922951594457,15,0.3320850758173421,161.73804920714682,25.90682635624216,114.76564015477864,0.2679095400801666
replay_attack_000490,replay_attack,1,1,0.8323171225389379,-0.0420721123841576,0.4634209242318442,-15,0.45732009582329,108.64576811625476,21.490754710037464,22.421173601950105,0.1989945254198557
replay_attack_000491,replay_attack,1,0,0.5281844201878226,-0.2644317211501757,0.2166858020791914,-15,0.573243064347661,207.5726816034476,29.34476206773686,48.18654895015886,0.1986990636545728
replay_attack_000492,replay_attack,1,1,1.0,-0.0793623926958747,0.0584627338631881,10,-0.2862117172500784,159.6076882217183,16.54455659085808,94.0153559760349,0.1975306467661823
replay_attack_000493,replay_attack,1,1,1.0,0.0452576951541055,0.268239210062241,6,0.5031185121219961,197.81936903690712,30.06039216814463,155.80041965928163,0.2692921225253384
replay_attack_000494,replay_attack,1,0,0.355740934629266,0.1773101773598558,0.4984849364481068,11,0.5669072479062656,190.19399393231205,31.967177928393752,33.448645036123324,0.1597594270997442
replay_attack_000495,replay_attack,1,0,0.2936751479197295,-0.0732700892994081,0.2271301894671608,7,0.0044649054513581,178.8105604065237,30.118013635982447,93.83093601939352,0.1400075041165671
replay_attack_000496,replay_attack,1,0,0.7914876278065479,-0.0269350530374343,0.4288186819697044,4,-0.1603355693537916,130.92382035627458,18.8358718132361,91.93141501392618,0.1989753217766755
replay_attack_000497,replay_attack,1,0,0.3723031009333609,0.0460636897321803,0.2627740428711156,-7,-0.3549037751672362,308.3675565166129,29.51242579442655,24.796838260097186,0.1836161055787624
replay_attack_000498,replay_attack,1,0,0.6789698969752337,0.0851757231834429,0.3902439356883966,7,0.2135317462331549,151.067018207118,9.611790832402992,8.709410277357428,0.1804308961033438
replay_attack_000499,replay_attack,1,0,0.8883156785141466,-0.5204893800753564,-0.4316318778262111,-13,-0.2203396445052595,117.72774311947764,19.97029509200595,108.82520734337872,0.2840768453238692
replay_attack_000500,replay_attack,1,0,0.8124527278781846,-0.2582311269521997,0.1619140848148164,8,-0.3814840712092676,267.0402885471823,9.474644933874057,2.383194339277509,0.2070036298641304
replay_attack_000501,replay_attack,1,0,0.3784296020517155,-0.1733002002811151,0.2135603004413047,-15,-0.5658392294565917,102.47186911391309,24.64855922566448,42.8578709832555,0.2308671289003309
replay_attack_000502,replay_attack,1,0,1.0,-0.1167458682373786,0.3193510769173843,11,0.0124278821006866,96.02985140635118,28.17535850705753,88.02934590189712,0.1181454733860147
replay_attack_000503,replay_attack,1,1,0.9356209068250474,0.3190471575581934,0.4319045367053362,6,0.0457620309443468,262.59703248520333,20.93424531167824,113.08915747627074,0.1590837827421447
replay_attack_000504,replay_attack,1,0,0.6320829312858385,-0.0435098905644709,0.1971320842110758,10,0.315984060061509,60.0,30.250933557201,7.751995086196921,0.1290123004479431
replay_attack_000505,replay_attack,1,0,0.8788572943336547,0.0845574868354059,0.2688513119842996,-13,-0.4472928547146008,271.9359568046038,30.21344018553721,92.90751512929263,0.1346245936368089
replay_attack_000506,replay_attack,1,0,0.7540563036710551,0.3924343424119179,0.3924343424119179,0,-0.5044471933118018,106.53956645406552,23.826215675016197,56.36184436243023,0.1755329617913665
replay_attack_000507,replay_attack,1,0,0.7527952150980445,0.19633616169249,0.4498084682971435,6,-0.3845299982840058,113.90075825704147,35.0,60.09039516204335,0.2504760482629943
replay_attack_000508,replay_attack,1,0,0.5214924197687147,-0.1286439671280468,-0.0844692346276058,10,-0.281595845840311,141.99548627198538,35.0,10.25093730529904,0.246111905617974
replay_attack_000509,replay_attack,1,0,0.7136248771413017,0.2553646569695573,0.2553646569695573,0,0.1818636351936062,71.61565104015776,20.610355189578748,5.3648804732724,0.2130675251740617
replay_attack_000510,replay_attack,1,0,0.6331997362120583,0.4995441481102848,0.5144586919258056,1,0.507429389197099,143.55118057509824,17.88675254281307,120.55586199235684,0.2453029404008956
replay_attack_000511,replay_attack,1,0,0.7366955631843581,-0.253262988008642,-0.0014407308762947,-15,0.3626843179707661,77.1775446766579,28.751748861160348,37.31893591454135,0.2716649825494036
replay_attack_000512,replay_attack,1,0,0.7030688950037414,-0.1965907253118969,0.149031739656566,15,0.567429940817649,281.8266909705531,29.458176812432757,37.96217488208305,0.1662470749236112
replay_attack_000513,replay_attack,1,1,0.8930341378190254,0.3762699658765526,0.5841066504763945,8,0.1375651620555404,253.01240585024112,29.25863955712809,104.1958866683817,0.2762534683577357
replay_attack_000514,replay_attack,1,0,0.6368447325270836,0.5233581926214074,0.5939175147347556,1,0.1126925538597905,146.15375208403606,29.16650381787761,102.27799674698312,0.233704388458033
replay_attack_000515,replay_attack,1,0,0.6313691256581172,0.4279290299719769,0.7353581176607705,3,0.522460267772833,164.44708510278002,17.909060838200155,127.2048318187246,0.1953115185740628
replay_attack_000516,replay_attack,1,1,0.9598440546647922,-0.5084122484812055,-0.1852403937040466,-15,-0.4655840320090484,148.10176785284338,35.0,116.31183355608836,0.2143477105496802
replay_attack_000517,replay_attack,1,1,0.96824247863325,0.1749191557836553,0.468610019236474,5,-0.2343067266590541,159.4044918102637,23.588380013634065,138.60803837186478,0.1635002334281035
replay_attack_000518,replay_attack,1,0,0.7465122675182841,0.2339819812723845,0.5026906801647069,-15,-0.3345780866041241,227.15917446499105,35.0,11.954425286851418,0.2419324044892808
replay_attack_000519,replay_attack,1,0,0.4372786418231068,0.269521971697835,0.6045087253895114,-12,0.3600479857849659,383.5508219119123,32.114293383555164,23.946066328967568,0.1753537033003815
replay_attack_000520,replay_attack,1,0,1.0,-0.0335140945314688,0.3402016614412306,-11,0.3196662349494371,131.98056600018725,34.91993099552393,13.268907905588406,0.2768731329291832
replay_attack_000521,replay_attack,1,0,0.654791067677973,0.1769572009826421,0.4123919353276772,4,-0.0496203355592837,60.0,25.759640577952023,4.70767375127771,0.1820793531768491
replay_attack_000522,replay_attack,1,0,0.4959864077932109,-0.1267534850121152,0.2621634920865588,8,-0.0298270163356003,172.26847926776335,22.796083512521157,20.828896317394246,0.14077489908716
replay_attack_000523,replay_attack,1,1,0.922439436238191,0.2335158766138012,0.3575060547787421,-5,0.2855343929558892,184.22526418147527,21.43759552648516,151.06469689945015,0.2383162757961144
replay_attack_000524,replay_attack,1,0,0.5141890053720202,0.1047745572264769,0.1627806208917092,8,0.0681170889988965,164.36548528557952,32.674596495922785,56.7542627684352,0.3049532262698106
replay_attack_000525,replay_attack,1,0,0.2000043750783155,0.2550432287758477,0.4387574907510416,3,0.3673963303802402,161.7067927863899,16.112891072250374,63.73422581699821,0.163317245730788
replay_attack_000526,replay_attack,1,0,0.6075327258449942,0.2515213706581629,0.3354807712696266,6,-0.2223617214030232,231.5551252992986,18.187870647940628,108.48616940382672,0.1700481524340004
replay_attack_000527,replay_attack,1,0,0.9692342371441864,-0.0415926643716642,0.1648133166457312,5,-0.1388904374201936,106.86333937407238,21.176582612010755,137.69418256522133,0.2230976402721657
replay_attack_000528,replay_attack,1,0,0.3625601944039135,0.248364455738738,0.3143876959779076,-7,0.0850465435950037,197.208217520378,13.91684995109324,66.3735041453052,0.2420187742815387
replay_attack_000529,replay_attack,1,1,0.8097333176078234,0.3598365658879639,0.5816554514399636,11,-0.0269862583335176,359.1164339740924,22.288445244661816,22.48780975729509,0.2459602276488522
replay_attack_000530,replay_attack,1,0,0.7466569279115606,-0.6545303514772917,0.1107158851880533,15,-0.2175674081161952,107.80047810733733,23.18991013768425,0.529855080692684,0.2894445722085108
replay_attack_000531,replay_attack,1,0,0.7945587533864541,-0.307548135234082,0.2677860931043423,-15,-0.1255355837229081,184.90939799154316,19.10862859032665,54.98643519550291,0.2134921303820842
replay_attack_000532,replay_attack,1,1,1.0,0.0508292549047705,0.2705819672142091,7,-0.6684773880760001,242.0513190055059,32.68639671460001,14.435330038137543,0.2456359343087114
replay_attack_000533,replay_attack,1,1,0.8021708851610724,-0.2188496748515391,-0.0210010052799686,5,0.2823473409359684,60.0,24.024638896961623,39.33303345031992,0.1393043653010974
replay_attack_000534,replay_attack,1,0,1.0,0.2221681601012348,0.3588914430860868,-8,0.4763957621593062,262.5270808870026,23.604127407576,11.205129141808918,0.1504615392422562
replay_attack_000535,replay_attack,1,0,0.5287290702760322,0.0204543290548107,0.1373929994626244,7,-0.3396296059412769,60.0,31.28704512925367,87.91126491122724,0.1904055228497559
replay_attack_000536,replay_attack,1,0,0.8952362613654496,0.156971591671798,0.2284337571533353,4,0.1048525992816535,217.11788949069373,23.71481873324591,70.6983993038776,0.1409984714313159
replay_attack_000537,replay_attack,1,1,1.0,0.6678125797699203,0.7593211738984821,3,0.3346314189089999,114.50681809521927,14.43770006420024,37.97472872445904,0.1965437104570919
replay_attack_000538,replay_attack,1,0,0.5343279595384234,-0.0367395370459453,0.1164683043256138,5,0.2072394787823057,60.0,25.6598677239586,39.792478648243886,0.1558621434906614
replay_attack_000539,replay_attack,1,0,0.651367592630725,-0.535863841908888,0.4231207263116354,9,0.3871861378649908,108.96923392589365,24.816076748712216,5.851147613910328,0.2198340061014498
replay_attack_000540,replay_attack,1,0,0.432864732498258,-0.1067766937278638,0.1528745195583507,15,0.0830112171352608,221.4330521785356,27.69169012212587,36.69892719707825,0.1972638165877855
replay_attack_000541,replay_attack,1,0,0.4218831856239852,-0.0996860992040057,0.1551519796689031,8,-0.0955852942906445,92.7235305515212,35.0,19.45150965179916,0.2075863707097076
replay_attack_000542,replay_attack,1,0,0.7424041952703684,0.1300018237002835,0.1300018237002835,0,0.4402387153696675,77.53509486848331,22.10673539879789,85.51077073828566,0.2709601723416882
replay_attack_000543,replay_attack,1,0,0.609884807996909,0.1694797107795077,0.3283622049601818,-10,-0.061898461348872,163.74842435796506,33.91194714588548,29.9625886460708,0.258860066884297
replay_attack_000544,replay_attack,1,0,0.7510058550859872,0.1381741174090678,0.3294791949753711,5,0.3996684030017516,195.51097373975904,20.66377944591619,69.94554342769416,0.1629395354298415
replay_attack_000545,replay_attack,1,0,0.5201429932986106,0.0686087706228439,0.2921769543805286,-4,0.0602460997774642,186.71300227830537,23.97275375288091,11.482132511623462,0.2113021733269772
replay_attack_000546,replay_attack,1,0,0.4867742974624554,-0.2089764052634644,0.2841655068799986,8,-0.2846410726644374,307.0520243548316,18.71484109446085,3.0697678985723087,0.1368584424352233
replay_attack_000547,replay_attack,1,0,0.5113968764170645,-0.4074776231890948,0.3109581500029882,15,0.1935152012208705,185.32671524064904,21.99351016536176,0.3343529361471553,0.2281593124682204
replay_attack_000548,replay_attack,1,1,1.0,0.3483612605409429,0.482817360774351,6,0.4471342944256832,105.03297233037333,23.422104583767453,124.41178086781642,0.1440073518360958
replay_attack_000549,replay_attack,1,0,0.790433898650489,0.5774256534182359,0.6457270456881066,2,0.0262148283136597,169.03076304898775,20.85339171276801,7.781163851161722,0.2395561783776904
replay_attack_000550,replay_attack,1,0,0.6869445878957152,0.1314278479748616,0.2696326525570278,4,-0.4505452118072275,167.74600239814094,24.63692451352479,85.48815155822146,0.1621144498857504
replay_attack_000551,replay_attack,1,0,0.275026152788813,-0.0296188395998897,0.2849183019660249,14,0.3058891453895592,299.2880298969168,16.844999765785715,54.44498331309626,0.2381632206845298
replay_attack_000552,replay_attack,1,0,0.7549292097863067,0.3231816343051849,0.5302524756771788,11,0.3922023955978186,209.76643108756096,16.91974636314087,28.856552244836383,0.2546792891005852
replay_attack_000553,replay_attack,1,0,0.9004403532134019,0.1413263283448952,0.4427917196502873,-10,0.3698008896987692,214.63003119666945,16.58300704921897,100.65089964168806,0.1769225930622391
replay_attack_000554,replay_attack,1,0,0.7098066367685372,-0.291873894904181,0.0039556128040723,13,0.3687452055277014,122.84022833452006,24.843442310244185,128.43117418280255,0.1931661272267267
replay_attack_000555,replay_attack,1,0,0.565738554036148,-0.039879774901966,0.2853324628470648,-13,0.1910264091608452,126.09898778574234,21.36606981349712,8.967884671157762,0.1441126048506443
replay_attack_000556,replay_attack,1,0,0.2720231111814817,-0.1521830307873724,0.1040479226154203,-6,0.2721986983841299,189.82847544412732,24.91958584061049,13.342148945171708,0.2311988160651905
replay_attack_000557,replay_attack,1,1,0.8590603758114346,0.6503528937171167,0.702160428466526,3,-0.176617132976402,312.4776948333067,17.14878063183015,141.985744723099,0.2239998847299251
replay_attack_000558,replay_attack,1,0,0.4528336334081754,0.1855287972485655,0.2900989484213885,3,0.514502014066133,124.49657615563127,25.523445166504157,81.31168376187148,0.225530899151545
replay_attack_000559,replay_attack,1,1,0.9061999330877512,0.0423456118126147,0.2826875444883079,5,0.0532661911474973,156.5073750470132,20.77161495562404,107.70136950465528,0.186923633141543
replay_attack_000560,replay_attack,1,0,0.5235168103105168,0.4283804033775477,0.5104505056428662,-3,0.2164040898973103,128.40197229670486,34.63713288976993,124.2211174576619,0.2290852866153196
replay_attack_000561,replay_attack,1,1,1.0,0.0246820683102475,0.3473532552139015,-10,0.4357147184255466,285.7567670606476,29.45802566180835,87.26474348387794,0.24609097442179
replay_attack_000562,replay_attack,1,0,0.4393533026525731,0.5586090021673557,0.6681975170508424,10,-0.5685795003531917,158.4020239795205,29.71526121678394,5.896136952121566,0.2366104592685741
replay_attack_000563,replay_attack,1,0,0.4124616527720564,0.2451567436356571,0.3266778745279195,-5,0.1198719842191907,171.69164321977962,23.311637990191556,90.443422793219,0.1878527544114574
replay_attack_000564,replay_attack,1,1,1.0,0.1679936337798602,0.3058242329180854,11,0.1305812416780781,177.62214679452424,27.98736729917414,115.73056074554478,0.1883087025393184
replay_attack_000565,replay_attack,1,0,0.3027447302289454,-0.4176549593275444,0.079648725588134,-15,0.1087731684524356,200.7458479932308,17.436094829740547,63.0809524006753,0.2295187055300907
replay_attack_000566,replay_attack,1,0,0.5510559400310145,0.0954875049200366,0.3359345841472503,6,0.7006032894575975,243.65932417458825,15.906409667995243,15.52966097709026,0.1908921902556704
replay_attack_000567,replay_attack,1,1,0.7990402386692235,0.1502479239350277,0.2690032615016918,-6,0.2227469205798556,217.65327396610493,25.020759857181822,75.81635299452702,0.1617510630580124
replay_attack_000568,replay_attack,1,0,0.2948693702286409,0.4389258490033021,0.4544733460012178,1,0.3012591346928121,89.39962888548159,24.05059847519312,67.4218677677822,0.2143063316307716
replay_attack_000569,replay_attack,1,1,1.0,-0.0329571141487397,0.2428389571451718,-15,-0.3428933161222912,288.072861934318,28.53454995235313,196.8112542091856,0.2464175643340569
replay_attack_000570,replay_attack,1,0,0.5271637689337029,-0.0258644567706548,0.3758774346067046,9,-0.5588050351562511,133.01134385238635,28.235156526374062,10.389166103188892,0.2325319838185831
replay_attack_000571,replay_attack,1,0,0.906218254692031,-0.1014324788272384,0.4015842322190158,8,0.3647953594785302,205.2820643071516,33.30860456189771,104.3757513793568,0.1408915055765871
replay_attack_000572,replay_attack,1,0,0.2346456776310139,0.5166676539351014,0.6606269388837407,-9,0.0886852027582181,162.20637794894367,20.52779831924512,147.63377589182514,0.2766071166413908
replay_attack_000573,replay_attack,1,0,0.3417324036595897,0.1451034934691997,0.4379843083621374,6,-0.3985023223407947,122.61912939196644,26.13233945106393,42.685792274543545,0.2367098550157534
replay_attack_000574,replay_attack,1,1,1.0,0.3792999804162137,0.3878223046271422,-1,0.067971986438672,141.09467835407403,34.775117098434606,48.50068121291892,0.1977303583485528
replay_attack_000575,replay_attack,1,0,0.6461071526654223,-0.1176299235382497,0.0534498749290074,-10,0.6015624115986357,192.1515022729774,32.65600108428137,38.30237458765755,0.1853726111090932
replay_attack_000576,replay_attack,1,0,0.259763331624684,0.0975819937873826,0.2859922748879117,-13,-0.3935519076010934,295.8564079731263,29.03388277304164,109.24591449986004,0.1787968219831303
replay_attack_000577,replay_attack,1,0,1.0,-0.2108968763952252,0.4524506674592161,15,0.1329106512084721,121.99593836677698,26.903419175462773,54.72395769696509,0.2407785769183985
replay_attack_000578,replay_attack,1,0,0.7502039711179767,0.499470052612148,0.5133455083983964,3,-0.2032923718158588,214.53728401273003,25.750008939399205,16.313602257641776,0.1665962543816118
replay_attack_000579,replay_attack,1,0,0.9100482397271672,-0.1905496720309164,0.2779308642467938,6,-0.1949051476528755,163.8443402875433,22.731314639112533,146.5941877074684,0.1766839804762421
replay_attack_000580,replay_attack,1,0,0.7125438262890326,-0.0869549400323864,0.0561746325315075,-7,-0.0960249268311358,138.93592272175366,24.334365213084247,44.054262610987024,0.2198395088025384
replay_attack_000581,replay_attack,1,0,0.7300280334868825,0.2632679997526553,0.644956734364747,5,0.0682678092154494,298.1796319098812,18.68161508986956,144.20951050857389,0.1903441006463967
replay_attack_000582,replay_attack,1,0,0.6299102967996505,0.3678020748861975,0.433159185324382,1,0.129821782899969,139.28702412085838,29.31706860310661,114.86351406629905,0.1768034758545764
replay_attack_000583,replay_attack,1,0,0.504125121874579,-0.056539703191577,0.2421129095101562,-15,0.2093455381859076,203.73197216304845,31.84707230186075,88.24480325098281,0.193746485276341
replay_attack_000584,replay_attack,1,0,0.5468654352692431,-0.4112780346323608,-0.0052138585088731,-15,-0.3138054041799883,184.93028330115956,14.913482077091327,18.972871549394632,0.2416103290097424
replay_attack_000585,replay_attack,1,0,0.9848727623292228,0.0513957144390494,0.0870990745995416,-15,-0.3153024343115805,69.97648716691023,29.468418405471315,116.87209495132028,0.2112834899433665
replay_attack_000586,replay_attack,1,0,0.7694792591186295,-0.0701311046237679,0.5425803148496892,8,0.2134814379094444,177.38450463863197,24.66221142697803,141.98128495156942,0.1766700079347281
replay_attack_000587,replay_attack,1,0,0.6202454899650043,0.4217844848210491,0.4778818737209217,-15,-0.0021832599712256,230.7761192700643,31.22699472477733,37.16563933839388,0.2577648845027883
replay_attack_000588,replay_attack,1,0,0.7071955044285647,0.4028505543613738,0.4314287167696132,3,0.0508878142261268,79.52124766159038,20.155021592311485,40.49267168298309,0.1872103010279775
replay_attack_000589,replay_attack,1,1,0.9488408184265272,0.1208291722297487,0.571408242406778,7,0.345663988719402,229.6523989749205,25.556899721116302,133.95990236497877,0.1800981795498146
replay_attack_000590,replay_attack,1,0,0.0890852514357272,0.1248262327765844,0.4366852489297845,12,-0.4532700252452714,270.6737850735675,28.021980781301163,140.8590817112593,0.2860966359206228
replay_attack_000591,replay_attack,1,0,0.8257946935021822,-0.0663836704012098,0.3314553465728021,-13,0.1652841032955383,134.88973079611404,26.820573665764744,33.95178972159623,0.153295466906641
replay_attack_000592,replay_attack,1,0,0.5357706584388179,0.2110117645728911,0.3209939813826337,5,-0.0635461715779574,216.01831293225888,23.86430384442222,54.533670237248906,0.1665386992170983
replay_attack_000593,replay_attack,1,1,0.8920846391840682,-0.0629311753361544,0.1268700992881008,15,0.7134468480377811,226.92120208423464,15.66104504728965,17.403963285294225,0.1763158451767872
replay_attack_000594,replay_attack,1,1,0.9167399824743164,-0.4789141954225348,-0.1557892823350191,-14,0.1323356139516303,147.33484092351364,22.13208845102421,22.912176084954226,0.1692628337116094
replay_attack_000595,replay_attack,1,0,0.7155947387600404,-0.0108890114471819,0.3996968817538381,15,0.4466160164860908,218.94286656576747,32.69319828754386,38.25549617402332,0.2386470444644026
replay_attack_000596,replay_attack,1,0,0.5921065128052059,0.0510000980555627,0.7014668843374118,10,-0.0492575400701106,181.67942639393667,24.87729793887442,96.3254345030414,0.2026365747143108
replay_attack_000597,replay_attack,1,0,0.8753522404917857,-0.073582186137001,0.2626396297536807,-14,0.2907136818179898,224.48039764849204,26.763445974994617,127.87419089949393,0.128649924161684
replay_attack_000598,replay_attack,1,0,0.9488720334444396,-0.5538100245188213,-0.3725268455510419,15,0.5025182697846892,180.3611377824361,25.498279433989357,154.93881341804598,0.2581380261383316
replay_attack_000599,replay_attack,1,0,0.2919888640287703,-0.4466676506171264,0.2565927330867203,-15,0.2529508026127214,194.675615356404,27.88905815940484,3.4000507484233893,0.2105052640814049
replay_attack_000600,replay_attack,1,0,0.8618696460831592,0.0329442956673785,0.4438466026521919,7,0.382654131328462,181.8467549244914,22.654679475250976,34.77661647424132,0.1682006328698587
replay_attack_000601,replay_attack,1,0,0.7332196429711904,-0.1833253673984544,0.5645601152426722,12,-0.0194112900191737,140.66564133730182,21.355241880315926,32.24755615880832,0.2294606941451958
replay_attack_000602,replay_attack,1,0,0.4733534210017714,0.2460665004146672,0.5497446792505037,10,0.3273814506036417,231.75879012080324,13.51503414127567,40.51783274025452,0.1985673862486693
replay_attack_000603,replay_attack,1,0,0.74698339864499,0.0043152184715905,0.2256040879932339,6,0.2768193004121121,288.32705621609284,25.96115264824213,68.48172541709364,0.1608949484377153
replay_attack_000604,replay_attack,1,0,0.7400845881553587,-0.3093191221258966,-0.1329050805964066,-7,0.4220049634175444,176.51262373932488,23.150054587968004,126.74982053893604,0.2636969179749799
replay_attack_000605,replay_attack,1,1,1.0,-0.3017259955277706,0.3036885303815338,7,-0.014578489962673,146.30886115969807,22.47585194679565,66.92470386754593,0.1291651318753446
replay_attack_000606,replay_attack,1,0,0.4459523087028563,0.4990998573912962,0.4990998573912962,0,0.174098121784356,60.0,20.76762591681557,35.36012484271404,0.1585269476693745
replay_attack_000607,replay_attack,1,1,1.0,-0.0880497118572883,0.5116530447064928,8,0.4932600039073903,211.19893069344567,21.61759428454665,143.90234792012947,0.1408366763738658
replay_attack_000608,replay_attack,1,0,0.6437906419625803,0.4863871633115456,0.5192970449861969,1,0.2513785730326968,72.02626571757376,26.97789661008764,86.57279680318558,0.1977119079765485
replay_attack_000609,replay_attack,1,0,0.4544054917030274,0.1130200136055433,0.2778512536308393,5,0.2174365839278013,238.0739582623859,12.202024801411588,63.39956703690503,0.1607308627533847
replay_attack_000610,replay_attack,1,1,0.9142515727885048,-0.1350156404880369,0.052709300599082,-10,0.3019161840268998,174.22562959055014,22.91834424002416,12.352868322722856,0.2131570529009058
replay_attack_000611,replay_attack,1,0,0.9789391919110362,0.4031020363957529,0.4664608663634097,7,0.3435059286053389,154.2388320378629,19.359290695124173,15.984408478761624,0.1463055290776836
replay_attack_000612,replay_attack,1,1,0.997293434361733,0.2290072293949659,0.3156267085979612,-4,-0.0410043282592651,195.817153015101,22.867088448608577,40.33554494003417,0.1215425459240994
replay_attack_000613,replay_attack,1,1,1.0,0.0758200650237286,0.1304547839879437,-3,-0.064610386093402,262.9730923004984,29.34514073363824,65.72063321288766,0.2213384190955717
replay_attack_000614,replay_attack,1,0,0.7259142366213438,-0.4604596143379136,-0.1842574039592815,-10,0.1297162179807168,220.8326806226028,20.622712739500653,27.88022812791752,0.2530123999945378
replay_attack_000615,replay_attack,1,0,0.701581793281122,0.1332234895253182,0.2810937645392031,-14,0.1397021176632304,127.07107948830983,28.966380003902685,24.42729642480404,0.1661727147846514
replay_attack_000616,replay_attack,1,0,0.7698598883605812,0.3016439206591281,0.3733863383481037,-3,-0.1012224196186192,215.05155879662684,22.40971746867729,86.83986623058057,0.2641665244898814
replay_attack_000617,replay_attack,1,0,0.7279371142714667,-0.2303036938366564,0.0741692001936327,15,-0.536790898389361,333.2937823541556,22.696937139389608,28.14001957334046,0.1869938701336453
replay_attack_000618,replay_attack,1,0,0.4798147784334035,-0.1003522825630594,0.5440375231695418,13,0.0396676977898825,115.05670381555656,24.622729801771627,135.51146926289266,0.26945223709732
replay_attack_000619,replay_attack,1,0,0.4283827426800314,-0.3943270337389699,0.0856842733012266,-10,0.024945086648155,199.3141341935392,26.11246522950145,97.45288942108076,0.2577089514748686
replay_attack_000620,replay_attack,1,0,0.6760471139151356,0.0633964789271345,0.5571217926037185,5,-0.1745614351336558,301.91820685208006,30.93404545564232,66.79720426270134,0.1728187410298902
replay_attack_000621,replay_attack,1,0,0.3924921122801283,0.0256628940216535,0.3035812513496266,-12,-0.0464930352142368,241.21195441961612,26.464605581868117,54.85379157443196,0.2063630493509868
replay_attack_000622,replay_attack,1,0,0.699262573030027,-0.16013917896865,0.3540011816326621,-14,-0.0294169015084719,268.5278033103432,21.239042833187685,144.64000547412027,0.1463828675168332
replay_attack_000623,replay_attack,1,0,1.0,0.1591474418704164,0.161564388538197,2,-0.1228946551724786,195.87046671449423,15.983032825067715,20.53896682451321,0.1939850326846474
replay_attack_000624,replay_attack,1,0,0.7757108274934252,-0.3784640346207188,0.2027870380701757,15,0.3558161053830779,253.74213175694496,30.11441357196389,98.88228931275276,0.2642427979309321
replay_attack_000625,replay_attack,1,0,0.4172154004422094,0.510502795427869,0.563781918292885,1,0.0772180199863689,60.0,30.202271694594224,24.36707985680844,0.2321271825607572
replay_attack_000626,replay_attack,1,0,0.5437752920262959,0.2492724057991651,0.6088586203488889,4,-0.0761421830628662,149.0355922607037,30.34141426100711,66.18638218429248,0.1633524424865091
replay_attack_000627,replay_attack,1,0,0.2285291722228185,-0.1184426823271723,0.0935304195042645,11,0.3109725755198225,332.835777053185,20.06552795132213,37.4766782705454,0.2474209611566034
replay_attack_000628,replay_attack,1,0,0.3644034215122241,0.2834785033254463,0.2976793668800738,-3,-0.5485056195014102,214.79516714799863,30.87879507700576,44.89970764752493,0.2843783260482302
replay_attack_000629,replay_attack,1,0,0.550334410327677,-0.060260356038234,0.210995398866213,12,0.3514290163344932,347.7432686455096,27.76866528283132,67.22876888516822,0.2051220242717924
replay_attack_000630,replay_attack,1,0,0.6665354003213813,-0.205266968293549,0.0939375909184591,15,-0.2368182613057633,189.7127067454084,21.47582261201158,27.82559326453371,0.2774545328049721
replay_attack_000631,replay_attack,1,0,0.5944270480563435,0.2916714260805773,0.3849400945420579,6,0.2230432639761505,155.17521844214806,18.33296075618587,92.77694341696817,0.2325764385123075
replay_attack_000632,replay_attack,1,0,0.9631736642276416,0.3568010818274452,0.5505585192026702,2,-0.1405910595454335,224.07086904802563,26.551383000703503,33.37457323620694,0.1748384552929704
replay_attack_000633,replay_attack,1,0,0.3356407703357274,0.0121806800172182,0.495493944617163,15,-0.3721063174768347,284.14009621243093,12.954226261344497,26.398974617763265,0.2167456238676898
replay_attack_000634,replay_attack,1,1,0.9070677543631104,-0.0444813372528563,0.249948456264702,-6,-0.0582583011792324,139.40253439307637,16.70931939058562,61.44340823634489,0.2432360315520905
replay_attack_000635,replay_attack,1,0,0.7032349458060342,0.0637324510721795,0.127213653228261,6,0.0739820842358179,60.0,14.447512039167991,163.95905338812702,0.2417650566288968
replay_attack_000636,replay_attack,1,0,0.6957609006225979,0.3430861914208385,0.4443886771743971,1,0.0213184855887113,177.85485240917262,15.843317028194525,126.52484217997528,0.1830424410597833
replay_attack_000637,replay_attack,1,0,0.7351720468042835,0.2912639049195631,0.3056041692977376,-1,0.5966453611961686,68.3506630563223,24.05683434094364,14.987785550736156,0.2510195405638788
replay_attack_000638,replay_attack,1,1,0.8747599665959094,-0.1426283269763636,0.5772439726623941,15,-0.6915396525488546,96.67313026309486,33.15252401958409,125.79775222646616,0.2357793660922795
replay_attack_000639,replay_attack,1,0,0.3063857792501558,0.0664681132365248,0.0800659083441837,-1,-0.2488705443570321,310.75474672506675,16.18789652514061,146.89802928759593,0.16433732948026
replay_attack_000640,replay_attack,1,0,0.6768523382008772,-0.3541910735997944,-0.1865094833363539,15,0.070638424503742,60.0,24.757289533749425,72.59592724483576,0.2522306826549002
replay_attack_000641,replay_attack,1,0,0.5369580995955834,0.4569356881426649,0.4569356881426649,0,0.1192805915285646,200.4495971119636,20.77198852968349,1.3366901530694264,0.1674995483581245
replay_attack_000642,replay_attack,1,0,0.8071820295143672,-0.0398468521731918,0.2562248443264643,-15,-0.1368558952205951,60.0,29.77422263927585,101.38373362091532,0.2178285598610445
replay_attack_000643,replay_attack,1,0,1.0,0.1160136788630182,0.4264848052339184,-4,-0.3203002621003761,308.3634562776415,16.998688279677964,118.56942943023633,0.2126407875028477
replay_attack_000644,replay_attack,1,0,0.6818225792332698,0.1574230812380165,0.2035121136872635,5,-0.2426295654675814,325.76545834292347,23.093204463997136,12.001668423720332,0.1791328508640141
replay_attack_000645,replay_attack,1,0,0.68624841761868,-0.0968633894910953,0.0725416202354138,-9,0.1952423021521354,427.93039758759465,16.367166186183304,18.33612715584093,0.2741698727809992
replay_attack_000646,replay_attack,1,1,0.9226754511110546,0.309731600680323,0.3742664997569467,-1,0.656609603368464,180.9698101201862,29.135415514112463,173.66186391654065,0.2668027281785604
replay_attack_000647,replay_attack,1,0,0.5716287313114435,0.4255223828213752,0.729251897562931,15,0.2093760289930402,83.22458949038295,24.811017359307595,22.36858564171565,0.26332067309415
replay_attack_000648,replay_attack,1,0,0.3537434121323156,0.0839344290795678,0.220988279918826,-15,0.4837436954423785,338.9813812618396,27.80436262186461,63.23496001768846,0.1868091426251305
replay_attack_000649,replay_attack,1,1,0.8005391372661367,0.2171757990441444,0.4294833344422432,3,-0.4756049174523314,234.9490262058284,24.830009862121425,43.31972493715236,0.2240553510471044
replay_attack_000650,replay_attack,1,0,0.4748214909831144,-0.0752602175927021,0.3058605692843965,7,0.1457280194684199,173.3408487384524,27.31336699184656,75.72116798171126,0.1897895727881977
replay_attack_000651,replay_attack,1,0,0.5495536677845904,-0.3550761077921585,0.0233241722520567,-15,0.220782435166513,256.2913130963342,35.0,153.3471266733894,0.175264374339265
replay_attack_000652,replay_attack,1,0,0.6620837657486865,-0.2488757856872003,-0.041279381990236,-8,0.439415050647394,120.16259209448482,25.87099261790974,84.20491094349434,0.1635090796208077
replay_attack_000653,replay_attack,1,0,0.7504158034522949,-0.3027978245341925,-0.1791189793683235,15,0.0032002662243944,113.26451404810332,18.068773545134505,127.52001459590684,0.1872609088894058
replay_attack_000654,replay_attack,1,0,0.7092642793058912,0.2128311564836961,0.2671537509070869,1,0.4256453403291683,267.2010112631989,18.188906155367555,80.67427956881338,0.239898733630565
replay_attack_000655,replay_attack,1,0,0.5614203410885994,0.1628677723583347,0.5827162867534844,5,0.097682997776864,147.0723228467895,22.025688927703587,78.5380435000222,0.20593882541248
replay_attack_000656,replay_attack,1,0,0.4751602091400902,0.5041296871598516,0.5293875572954994,-2,-0.0806963174693042,159.87817363184195,24.539689776914614,24.18963313441017,0.2509845915436081
replay_attack_000657,replay_attack,1,0,0.5689894607174057,-0.0615387949112362,0.2153279639494047,15,0.009998379102822,198.4844746467269,25.01760097690329,154.80762675688106,0.2644275165642126
replay_attack_000658,replay_attack,1,0,0.2053845709367334,0.21210483630239,0.4307730194927335,5,-0.0726185081893561,214.18833591291943,22.53145114484715,19.975498749959183,0.1799273546806437
replay_attack_000659,replay_attack,1,1,0.9923357715085858,0.0612245727837365,0.5049331439650713,4,-0.3832049291066739,139.82922241271518,23.29095580364045,67.56929010428475,0.1587451438542363
replay_attack_000660,replay_attack,1,0,0.5674288856263314,-0.1123002890841167,-0.0692902393168663,-2,0.1343752656957496,267.1828188179727,33.898543216960405,28.409190504172138,0.2447756650102957
replay_attack_000661,replay_attack,1,1,1.0,-0.387711908081341,0.3918476386510491,7,0.0117901267134513,90.04908846069989,11.579524523680549,57.73886067777353,0.1734876879099164
replay_attack_000662,replay_attack,1,0,0.3551707004049499,0.0646617078869058,0.4718798763840502,-15,-0.1580198025401027,226.6120695280708,30.023021773718355,36.99812715633709,0.2284079125548279
replay_attack_000663,replay_attack,1,0,0.6265534553470437,0.3046373896086518,0.3374130773552296,2,0.108865196718098,108.94909146020436,27.399085526654435,69.5691963935872,0.2670551702685352
replay_attack_000664,replay_attack,1,0,0.6712460531584512,0.4038389960152742,0.4863268840002028,2,-0.0219972463255603,161.31642990255293,16.907237311759822,30.304945542826083,0.1902472070171992
replay_attack_000665,replay_attack,1,0,0.7130619695803829,-0.147330962163019,0.0550671377138377,15,-0.1397100191850026,138.599372245023,27.036049303596,97.07982257464114,0.2213640454235239
replay_attack_000666,replay_attack,1,0,0.147802459635303,-0.1205059258941952,-0.0272884910981827,-9,0.1835514482121888,163.03434030007833,26.671487370535917,128.3841835030195,0.2680499457354064
replay_attack_000667,replay_attack,1,1,1.0,-0.1768300674891029,0.3155787747505756,9,0.2574369712268698,214.2840767887703,28.402112322656844,1.123196838089335,0.157449710788056
replay_attack_000668,replay_attack,1,0,0.7636841885209658,0.2229634848413841,0.738022691864803,9,0.2030998588203438,204.37334576260545,18.68241160641774,73.69826631372074,0.2075989178266886
replay_attack_000669,replay_attack,1,0,0.5062057808205963,-0.4448362026201807,0.1348290497041118,-14,-0.155501886877245,60.0,19.52826889865872,43.81795910165258,0.1927665051489573
replay_attack_000670,replay_attack,1,0,0.7796317212708916,0.1713292816864413,0.1736056153331499,4,-0.2111630813227024,82.32591986440559,25.097434941562568,80.33314670465879,0.2504466492391967
replay_attack_000671,replay_attack,1,0,0.703055952961745,0.4687623677437483,0.5200836598175796,1,-0.3073510939497134,94.96904688110736,16.187538037175443,96.43333320546844,0.1611298779944258
replay_attack_000672,replay_attack,1,0,0.5501671518813613,0.1832384868908634,0.4346566241881179,-15,-0.1802823332479859,149.66675956885672,25.539193819742085,32.32811065613812,0.2623541299526051
replay_attack_000673,replay_attack,1,0,0.5967555870879236,0.2637991282651304,0.3342004666565438,2,0.4201804455853464,190.67169633318275,25.021376691268816,73.45151678372595,0.2911225926840977
replay_attack_000674,replay_attack,1,0,0.5637742671546624,-0.283940789100789,0.1435961025428291,-13,0.1163923903294236,218.0457003400112,22.57014376314395,47.77557143834042,0.1261069174460138
replay_attack_000675,replay_attack,1,1,0.8497051481836868,-0.0591528428216255,0.1725456143481203,-10,0.1327855750985678,60.0,23.539277716592743,213.7320829252332,0.2421058867990485
replay_attack_000676,replay_attack,1,0,0.4288553362396714,0.1514221831035362,0.3495007184649232,4,0.3722399923695089,233.63349811070708,24.39787857972345,50.93567438637132,0.1358068640070011
replay_attack_000677,replay_attack,1,0,0.5401564613523674,-0.2969961926645141,0.3950726067358688,14,-0.0542691016198536,298.1680135490761,21.118960467856635,49.19463635179144,0.1412712844110869
replay_attack_000678,replay_attack,1,0,0.5079666787042576,0.1647683894693926,0.5306088083792899,-9,0.0716273528845823,232.06224857018543,27.46363105160957,56.97546350791993,0.2239234429442921
replay_attack_000679,replay_attack,1,0,0.5530478870514658,0.1662908643047602,0.2973278060887263,8,0.3813454867324758,208.53550987367288,25.36828055402269,184.05947474986056,0.1975540607970153
replay_attack_000680,replay_attack,1,0,0.7684413576831415,0.2856122105478806,0.3356976502023974,3,-0.3529980884214246,75.29195124687999,29.252644968090923,26.430826358800573,0.1365237971603324
replay_attack_000681,replay_attack,1,0,0.2975649412787697,-0.1098612041089499,0.5010423884595359,12,0.2475847117400152,137.00434425621816,20.257140993025427,114.49661203160125,0.1902816722366237
replay_attack_000682,replay_attack,1,0,0.5614975809566402,0.035937843300907,0.1896550824019507,15,0.2728348424888632,323.4376955706076,29.90617871370125,103.089456728048,0.160029111513494
replay_attack_000683,replay_attack,1,0,0.4505021453091732,-0.1227681590675757,0.1820376683534163,-15,-0.1025319622566811,152.21782144075348,28.512578054488728,25.56489549713285,0.1339556201934377
replay_attack_000684,replay_attack,1,0,0.5408562444658682,-0.1566953709914116,0.3359353142933762,11,0.1465674746260123,234.74535634068584,17.662757867535728,107.3053535363349,0.1754244087445004
replay_attack_000685,replay_attack,1,1,1.0,0.1341019298454703,0.1341019298454703,0,-0.1442117017655735,216.1594968648859,35.0,71.31954924424463,0.2750483344788508
replay_attack_000686,replay_attack,1,0,0.6357402268609395,-0.2675272642698239,0.2665085347526869,15,0.4299469922851859,60.0,27.01578107590728,104.53082124535342,0.2243092403806157
replay_attack_000687,replay_attack,1,0,0.7817929846276915,0.6900373886428797,0.6981058822721765,2,-0.0415378534420746,60.0,23.45065369213349,20.022662115547163,0.2217018043479283
replay_attack_000688,replay_attack,1,0,0.3505493308690417,0.3354802995355677,0.6432795389095374,7,0.2704322932595314,182.5883188570957,19.00359134410576,66.1523872875961,0.2155246695101268
replay_attack_000689,replay_attack,1,0,0.7402324438373636,0.2117205481053853,0.5802460547707733,-15,0.5256174444188612,151.2402173913473,23.16641559574319,4.040379573749249,0.3149389972310517
replay_attack_000690,replay_attack,1,0,0.1985903719170867,0.2228419196094421,0.3043685196213588,4,0.0646414881686078,173.43232184676492,29.233311907796317,97.15092271260806,0.2304627710616486
replay_attack_000691,replay_attack,1,0,0.8532707589801758,0.3296075093050142,0.4173869945575873,-2,0.6757789867769263,281.0749437512692,15.732485179088192,33.632407639420705,0.2221553321327414
replay_attack_000692,replay_attack,1,0,0.7913979031741718,0.1934644023719811,0.2608650409846347,1,0.2467632700362992,170.7429652511726,29.62666422121128,56.94296963974277,0.1463573121719111
replay_attack_000693,replay_attack,1,0,0.8155967154600708,0.7042090897278943,0.7141846152188139,1,-0.115648259318,141.7035151470891,24.07791995139595,25.276868653337857,0.2397767930175695
replay_attack_000694,replay_attack,1,0,0.7462104793719451,0.5739255955061728,0.5939612684359113,-1,-6.138214198632668e-05,350.9325172083977,17.45774146971627,99.32740253624456,0.2645147494903412
replay_attack_000695,replay_attack,1,0,0.7308723891318747,-0.2133473605128417,-0.0592535957071459,-9,0.0505089399202225,210.2012168569355,26.33073676500792,78.96237113786087,0.2669709073379082
replay_attack_000696,replay_attack,1,1,0.8615722862773538,0.1653456307513476,0.3781778488030903,12,0.355224493492005,264.0642337160531,20.96532771312104,145.17063320533612,0.1411639883476979
replay_attack_000697,replay_attack,1,0,0.6236186088161488,0.237671474715801,0.3270233462277482,14,0.0069977315608925,193.31140522202236,26.09033341036792,51.45414639647959,0.2471071790994857
replay_attack_000698,replay_attack,1,1,0.995506395184868,0.0054098366587926,0.4675434700479168,8,0.4759772230650251,248.82358670393137,22.132809337273702,29.0852097716388,0.2581245781992427
replay_attack_000699,replay_attack,1,0,0.6556471333004266,0.0549746941151139,0.5491671507146982,7,-0.0809894192777738,137.40482802743242,29.189206481843037,170.25191960559005,0.1432233014756998
replay_attack_000700,replay_attack,1,1,1.0,-0.003568479221479,0.4879014964096503,7,-0.0756114248893798,247.50736013748872,24.288947142854617,112.33648657714652,0.1502129458712646
replay_attack_000701,replay_attack,1,0,0.4131261445585875,-0.3542434597990625,0.0213540061454973,15,0.3511036190644209,186.9665674728178,27.066935228095687,30.23567651256904,0.2795753921236314
replay_attack_000702,replay_attack,1,1,1.0,0.1392839920291316,0.1392839920291316,0,-0.2928486084934206,60.0,22.103881519101694,107.51252845609812,0.216415867964004
replay_attack_000703,replay_attack,1,0,0.8421910267625137,0.4581025985305719,0.5726472698655876,-3,-0.1961083667684374,135.94903927588493,22.48671078997732,8.614563712749472,0.2546031929497509
replay_attack_000704,replay_attack,1,1,0.8861747757751206,0.5048550722058582,0.5048550722058582,0,0.1513882028303253,201.1026598110749,17.124012159484593,188.0775582221899,0.1519460828591434
replay_attack_000705,replay_attack,1,0,0.7447288758002497,0.6438782247552056,0.6833032710720338,2,0.1850278085503594,158.4373164902358,30.96136604731696,61.46556011822329,0.1870596725724926
replay_attack_000706,replay_attack,1,1,0.8015246028447442,0.2977280111744417,0.5049601766973578,14,0.093164259946121,60.0,24.24713152173456,44.49656144786647,0.1740797707557752
replay_attack_000707,replay_attack,1,0,0.6764054091484398,-0.3095568451816308,-0.1160625410796927,-12,0.5360651558155424,190.3856245533851,19.330962285563277,31.861287170646904,0.2246791201047713
replay_attack_000708,replay_attack,1,1,0.9192889757980394,-0.5140796186926466,0.3830643210614999,15,0.1869523655630594,175.9727131295382,28.00766919327329,77.62885488220317,0.2418566272581338
replay_attack_000709,replay_attack,1,0,0.7497707381415949,0.1559522151343539,0.3275844301454872,-4,0.2953175625793061,60.0,24.714838370858715,81.9851216286284,0.1619799204693057
replay_attack_000710,replay_attack,1,0,0.6967318198111487,-0.4430160109885279,-0.3504241813050392,-5,-0.0167449413552255,280.02791735004683,20.881300222897192,58.11051914376074,0.2451830298489516
replay_attack_000711,replay_attack,1,0,0.6188059043695338,0.4763955057593822,0.611663027177423,3,-0.5445087192183925,354.18662541259096,26.692941500367912,56.57054685617601,0.212667260091376
replay_attack_000712,replay_attack,1,0,1.0,0.5955113151838415,0.6777348313286421,-4,0.081369298637698,108.81102254093854,26.66585474792953,198.25993277922024,0.1853952054159734
replay_attack_000713,replay_attack,1,0,0.7008184764667086,0.0344750820389779,0.5458642024227242,10,-0.1093624440810337,127.88498742383118,20.046389429017815,143.74954757295484,0.2351682837770438
replay_attack_000714,replay_attack,1,0,0.5836131615107167,-0.3159249918213453,0.0602512931622549,-11,-0.0456829247840531,187.10409601042443,17.678035158920835,111.3272871423574,0.2337345629919338
replay_attack_000715,replay_attack,1,1,0.9266604014664088,-0.1055710369804047,0.3114298081175942,13,-0.0938928439378171,167.7606410271391,15.796438536703484,69.67650819127553,0.148899115513145
replay_attack_000716,replay_attack,1,1,0.967479004742498,-0.1519044729437264,0.1591220992882509,14,-0.3862069472613171,252.98776159871807,34.58280279466189,113.99148113435564,0.1602130410874717
replay_attack_000717,replay_attack,1,1,0.855935760084581,-0.0497585221369846,0.2302810651438475,-10,-0.4435854440045039,76.49437852404473,21.49453259750204,68.92068504188622,0.2367976239394395
replay_attack_000718,replay_attack,1,1,0.7856151031028913,-0.4022639304518299,0.4371118029581667,9,0.3082635321876473,116.74343662331049,23.714028447966744,84.33785458766437,0.2130575079699913
replay_attack_000719,replay_attack,1,0,0.5267789172291142,-0.4656326711567674,-0.1216302824704591,14,-0.0100720655562854,227.4450952674833,16.787224771326485,201.42310559774305,0.2472312374364443
replay_attack_000720,replay_attack,1,0,0.612342302935754,0.0065809746468315,0.357649265228861,10,-0.2542740926628456,283.75311360706866,26.804787169270696,5.830555111290813,0.1407628704136515
replay_attack_000721,replay_attack,1,0,0.6169114605652629,0.0382574064904516,0.4733190908269514,7,-0.317718926663593,146.41275121398286,18.86219817349497,95.72496215069094,0.2188298619467737
replay_attack_000722,replay_attack,1,0,0.5047947080173385,0.0120073480174154,0.3710144198191292,12,-0.4455770104343174,355.159359583918,27.61905957367465,15.252005618385738,0.2204226518869495
replay_attack_000723,replay_attack,1,0,0.6623523342131493,0.0018708529154871,0.1658969778640558,14,0.3638779046255738,136.074156193837,16.803829203952276,2.7112359831526334,0.1189134923213478
replay_attack_000724,replay_attack,1,0,0.5806591719475063,0.5434556627974949,0.6034723190797088,1,0.5994986187981762,60.0,18.023952548912906,5.638872223263306,0.1502211774605512
replay_attack_000725,replay_attack,1,1,0.8913127619737566,0.03951502004187,0.2076183395598474,8,0.4813570530242884,229.31463866371092,28.93705780937435,70.5683725701563,0.1367298801997084
replay_attack_000726,replay_attack,1,0,0.7502479603905782,0.2506244879952254,0.4575519036176807,7,-0.456855020592968,132.74878370263346,23.138486413329407,5.428160393453581,0.1566696316990709
replay_attack_000727,replay_attack,1,1,0.8263262243745761,0.4368434581723079,0.4678858614450576,-4,-0.1033598597553892,263.6917748622301,27.344878137233987,79.98417297037932,0.2770793582536263
replay_attack_000728,replay_attack,1,0,0.6738377295975475,-0.2032865104978864,-0.0603824910560889,15,0.1376648388526417,231.55009204910215,27.068731339082195,63.7653051575607,0.2221998690235638
replay_attack_000729,replay_attack,1,0,0.6178373823798808,0.168926142556499,0.4775614552027689,12,0.022342485319072,121.3405802769546,11.725312510055623,20.71944657308004,0.2393011495574426
replay_attack_000730,replay_attack,1,0,0.6386988277777769,0.3094874406979286,0.6382516608669393,-13,0.1685220446659141,153.08415741573413,19.43030125253876,37.32395251537013,0.2187899691003902
replay_attack_000731,replay_attack,1,1,1.0,-0.2591583938630686,0.257295063859113,12,0.3549541678367977,126.70658169616942,21.159129169048285,23.16837192925489,0.2559684639252722
replay_attack_000732,replay_attack,1,1,0.9578442020013814,-0.1039347807078596,0.331467558045872,13,-0.0480483969359145,268.1909607357355,28.2390751576175,25.09094612292773,0.1626222175726902
replay_attack_000733,replay_attack,1,0,0.5898427827916632,-0.0253487258229333,0.4238572604946365,9,0.0762167631313399,125.636511230565,35.0,69.72429924999628,0.1258890042676116
replay_attack_000734,replay_attack,1,1,0.7939287247789028,0.1450001375810271,0.4283440292045783,8,0.5691603521566333,129.20736583604008,15.62352316916111,67.1274151753191,0.1646252530001963
replay_attack_000735,replay_attack,1,0,0.5563338740389616,-0.65667830234789,-0.3018312547480308,15,-0.4391377689960715,142.81021597715238,24.569828136604148,16.107501508941674,0.2446804435018973
replay_attack_000736,replay_attack,1,1,0.8249824396743256,0.5044799015866889,0.5725923196377078,3,0.182624931153115,152.64674406961282,22.45144532241453,56.14767355186493,0.1748525700881825
replay_attack_000737,replay_attack,1,0,0.6150572271754443,0.2271003386137103,0.5355940415180014,3,0.4636832679183544,71.99334463722649,31.009073163324643,110.9886553396939,0.155775611116771
replay_attack_000738,replay_attack,1,1,0.9272007697205092,0.0613531905753205,0.1405919361771824,2,0.5492058110342901,134.59460277958505,13.838583577761469,7.511776526087559,0.2391217985582301
replay_attack_000739,replay_attack,1,0,0.5669266068643459,-0.4391448851626329,-0.2281608353394671,15,0.5004428784839509,70.66245860521565,14.708394241751416,55.0615472995626,0.1918650233700204
replay_attack_000740,replay_attack,1,0,0.3199402303456264,0.1420147182220767,0.2195265518336212,3,0.3287287299782727,111.27102790502217,25.63091628383809,1.478004851443529,0.2217225857823345
replay_attack_000741,replay_attack,1,0,0.6468292046777208,0.3564646843902057,0.5237879724010219,-13,-0.4480792165304502,172.15638181313057,32.49021441766318,57.5881440710033,0.2742727671705509
replay_attack_000742,replay_attack,1,1,0.7948574111831209,0.1054042196159737,0.4067424282232085,7,-0.3715664392521892,253.66052964565935,22.72167320811516,17.907962431270875,0.1640491774248688
replay_attack_000743,replay_attack,1,1,1.0,0.126230314887652,0.2819140351891789,13,0.299401299568368,238.7481454480635,28.47495681648908,22.100075372628865,0.1520321673004386
replay_attack_000744,replay_attack,1,0,0.6962411881382069,0.2141358212620779,0.2634188168327244,1,0.3904750194029732,258.7127542205769,25.713672901864328,73.40560715332673,0.1478892253115892
replay_attack_000745,replay_attack,1,1,1.0,-0.139711296646364,0.4003418361943874,8,0.4016624124682538,281.8886935169364,18.21117309805572,104.63404812456336,0.1521873280473671
replay_attack_000746,replay_attack,1,0,0.7897499405211752,0.0709942038901871,0.3754378218052611,15,0.0867825054090933,254.26525245914385,8.30266710201344,48.39045774809327,0.1902949765525028
replay_attack_000747,replay_attack,1,0,0.1474987517444693,0.0043096720424009,0.0763257850545267,3,0.5126118306257365,147.88537654201704,35.0,67.03760898854145,0.265057528180735
replay_attack_000748,replay_attack,1,0,0.7635113857041427,-0.251862809961598,0.2431465864386583,15,-0.1295092613103934,267.1371697245985,22.16883201831058,20.399647378385893,0.2245657418047408
replay_attack_000749,replay_attack,1,1,1.0,0.452812528683228,0.6494552645344932,3,-0.6834782788269688,60.0,24.442902354713425,139.42932425389654,0.2041328949316799
replay_attack_000750,replay_attack,1,0,0.6763167050074664,0.4074099438394772,0.6654166127099069,2,-0.4454270521783111,72.87697152089325,21.007160616257405,65.26534756610921,0.1676883473807727
replay_attack_000751,replay_attack,1,0,0.3291974966801095,0.0644943506900751,0.3660596865195607,11,0.405097941485389,60.0,30.985090372540093,38.687836004949006,0.2150216693551644
replay_attack_000752,replay_attack,1,0,0.6577149220314925,0.467513696560614,0.7927484203354968,4,0.2647212331844404,206.01849593947367,16.647532824599935,107.75629231922366,0.1974270634680276
replay_attack_000753,replay_attack,1,0,0.62369284622596,-0.0876791256331123,0.3181409542219192,12,0.3709679180923008,158.76801379049627,13.672569582684527,29.464794495013138,0.2346521441962316
replay_attack_000754,replay_attack,1,0,0.8505370181177264,0.7436095150829762,0.7670033906679266,3,0.4404510569100033,60.0,29.0234452002944,54.48445322246948,0.2367455405732394
replay_attack_000755,replay_attack,1,0,0.725398259992271,0.217380863530382,0.5629013352590446,15,-0.0284554371373625,338.4427005887975,35.0,70.57004617033405,0.2651421980755174
replay_attack_000756,replay_attack,1,0,0.6164622921128166,-0.1415810387699048,-0.043172583485948,11,-0.3962411465635048,213.4672663748715,17.53733887385575,84.34707679842614,0.1217440222456923
replay_attack_000757,replay_attack,1,0,0.6599734726204111,0.1503233514853977,0.6245575392717292,6,-0.1274520348485008,356.11069485173306,34.31641319028755,115.69033895997472,0.2003091144787736
replay_attack_000758,replay_attack,1,0,0.5032068443727662,-0.1963182420702928,0.3858058810131712,6,-0.2579780504942354,316.08081993464634,33.81191808953294,44.51950445089683,0.1581901860155356
replay_attack_000759,replay_attack,1,1,0.9163561741860784,0.1338590761224248,0.467942200512413,-10,0.6542454049135331,76.38473421146543,17.89020431173816,75.08570227921822,0.2590173600911157
replay_attack_000760,replay_attack,1,0,0.6512066822659441,0.3978946519993809,0.4218713684874282,4,0.0693604764808832,230.5280472054536,27.486771951257424,28.223105116452786,0.2381234019507082
replay_attack_000761,replay_attack,1,1,1.0,-0.0926322907150798,0.3274957135090293,-15,-0.235199996042566,168.95365475222255,28.885902857940216,118.8000602458082,0.2272744526264121
replay_attack_000762,replay_attack,1,0,0.7156245590872281,0.2687303516347879,0.5579870721029278,15,0.001004707836056,411.1665853945788,25.55223707675814,85.50584918508241,0.3098501905374144
replay_attack_000763,replay_attack,1,0,0.4158142484759575,-0.1976761979621651,0.0962371426643848,-15,-0.2033011378276732,294.5953127189719,23.90946574090394,116.42681105218468,0.1994333344777848
replay_attack_000764,replay_attack,1,0,0.6438946354739156,0.223741691020576,0.3854384561755281,8,0.2172687794694798,160.39489854260435,24.32595448234355,78.2282355381077,0.1895480872300999
replay_attack_000765,replay_attack,1,1,0.8151032254930508,0.1740533789970358,0.4450333963963772,15,-0.5556685879217432,144.48355381796972,25.56584046119337,84.55790161978263,0.2799666099352285
replay_attack_000766,replay_attack,1,0,0.5788649074478099,0.2736058654365702,0.3624256474792519,-15,0.225949934680348,299.67048838744927,15.209654020784509,8.989806479094952,0.1658495149469424
replay_attack_000767,replay_attack,1,1,0.8379828041145468,0.0750439973260716,0.4710363426201943,15,0.395614509335925,109.92594207468518,15.136131764844116,21.593413781044674,0.2839376736355378
replay_attack_000768,replay_attack,1,0,0.8523766930786167,-0.2849103588598125,0.3115073251960603,14,0.3394639990692492,158.42559973857837,17.253812475890967,70.19945465384029,0.2326195228337082
replay_attack_000769,replay_attack,1,0,0.5820118476007367,-0.14058842096985,0.141287839676816,15,-0.0150884347535501,300.06272868692304,26.601976479100934,9.633584481899646,0.1316871500828771
replay_attack_000770,replay_attack,1,1,1.0,0.1671660294940659,0.5285153599441405,4,0.2894475405884407,338.29503376012053,21.44006769343955,21.700795873476707,0.1482289357978275
replay_attack_000771,replay_attack,1,0,0.7760808496094344,-0.3254643898814321,0.4179451210917591,-15,0.0363896233663149,62.576896278446,17.67991367233305,39.71808414159976,0.2274660679186744
replay_attack_000772,replay_attack,1,0,0.6773094879350114,0.1230975712948963,0.4182332023894685,5,-0.2994909625491171,121.06992691528382,35.0,53.14235014339819,0.1781611136945853
replay_attack_000773,replay_attack,1,0,0.3793996050478422,-0.0194443253286607,0.3871448549728049,-15,-0.1865989971556817,140.83011985321303,23.042556748304712,70.43851768535121,0.2360521101397791
replay_attack_000774,replay_attack,1,0,0.0809427089574378,0.56766810851071,0.6036894220691016,-5,-0.349126207818698,94.36028070824062,19.528403539924348,87.91437764939242,0.2443223410401946
replay_attack_000775,replay_attack,1,1,0.8988769254757307,0.4006976373552429,0.4006976373552429,0,-0.047280108506936,234.7026532388064,23.34597491671968,117.59524304382722,0.2074841769322977
replay_attack_000776,replay_attack,1,0,0.5143263661186814,0.1562025555187877,0.3626390793530354,4,0.0337514433767736,101.98574228361656,28.516916576853635,30.43977668979028,0.2142283820215693
replay_attack_000777,replay_attack,1,0,0.6249841225791186,0.1539441916357821,0.2245853592461655,2,-0.1035842841917996,209.73592973759276,27.596826954464333,53.74578052968322,0.1606667987171644
replay_attack_000778,replay_attack,1,0,0.7173997780293482,-0.3499377749565507,-0.0013281532358107,-10,0.193510894360323,309.612705653768,22.29622716751451,10.142884169062585,0.1858863616365017
replay_attack_000779,replay_attack,1,1,0.8095527358906816,-0.0589750232004804,0.0098652015722,-15,0.0689190700610769,210.80430791150667,25.930107654099167,21.88596966139604,0.2136654470329504
replay_attack_000780,replay_attack,1,0,0.4947126077843992,0.0012712931000372,0.4219521469588242,9,0.0720280056905942,156.23693280896163,25.21162621096487,136.22847731963228,0.1602050151657621
replay_attack_000781,replay_attack,1,0,0.669908765327653,0.0982644743637602,0.6062567669398965,15,0.5287619554523857,219.452014576563,22.755690710725137,35.33185443328968,0.1903784530496104
replay_attack_000782,replay_attack,1,0,0.6572749158925462,-0.2232278668333441,0.2262941712356408,15,-0.251917963026879,128.78868826506616,20.882448910505587,37.76701061392627,0.1851650151913244
replay_attack_000783,replay_attack,1,1,0.9261237314405232,-0.0506796866750405,0.5979232390417966,-14,0.0440417438250645,317.6047987471602,16.788831754451465,146.0383143754995,0.2698429354013025
replay_attack_000784,replay_attack,1,0,0.325345438444753,0.3318167149300771,0.3663316010021064,-1,0.1463679432717051,295.6299362319836,24.97402592739532,36.989567098510975,0.212292016988594
replay_attack_000785,replay_attack,1,0,0.4443699911685431,0.2453336772987996,0.4647058675713554,12,-0.2919387602781411,339.93809789186287,26.9037446471796,52.79011447084444,0.2564271380351623
replay_attack_000786,replay_attack,1,0,0.8830928474318148,0.1650618010870699,0.5595050787282992,-14,0.1213027360872564,187.43050243029256,24.958770629771863,30.26397066342719,0.1769209390674967
replay_attack_000787,replay_attack,1,0,0.9046937462789872,0.0650908083808361,0.4105552570768521,15,-0.0490402775507243,119.57170152731872,34.2675235987656,55.39833035378473,0.1983571047177498
replay_attack_000788,replay_attack,1,1,0.8751669456097437,0.5113646653967138,0.586054230427115,3,-0.0926271534460643,156.91465976402932,26.35993014098876,8.252115854717673,0.231634056733146
replay_attack_000789,replay_attack,1,0,0.5464881679395557,0.0229106621494478,0.361250260701436,12,-0.4578431351833077,75.29363142811474,31.80219739357501,164.27586698807318,0.2153907566682414
replay_attack_000790,replay_attack,1,0,0.252135999506414,0.0942189439903184,0.2758330163110698,8,-0.3398764627017521,264.4801212314867,25.26516488827817,122.55587378144044,0.18082246932117
replay_attack_000791,replay_attack,1,0,0.9991686630188904,-0.3602157841031592,0.4636785450221282,-10,0.5271432775291992,60.0,17.814936385464556,157.8771560958701,0.1968865655114372
replay_attack_000792,replay_attack,1,0,0.3832068061675477,-0.0129613268731918,0.4296662515808552,-10,0.1028995636803108,194.2500718975984,32.763508664509075,148.0951534706808,0.1661386510617888
replay_attack_000793,replay_attack,1,0,0.5053082283050729,0.0754629730929431,0.2948946317854067,14,0.5164798830768924,237.96847871817909,23.313414610408717,100.73955029554251,0.1673286751479478
replay_attack_000794,replay_attack,1,0,0.7540486086727163,-0.1925908647421415,0.3100139396409389,-15,0.3813349886923364,251.6313553113138,25.24457252478957,94.67475505192805,0.1805124789579026
replay_attack_000795,replay_attack,1,0,0.9611800315385136,0.0366062387353854,0.2507556183738626,8,0.2606060349204154,223.4763172109948,31.91098315013244,187.95542925794453,0.1383742349655077
replay_attack_000796,replay_attack,1,0,0.4777153682224319,0.3583940567845801,0.4571446307239984,1,0.6361699309591262,61.4407282635936,26.50439952695234,115.16649071464444,0.144450427437813
replay_attack_000797,replay_attack,1,1,1.0,0.0757902912722077,0.591128791456657,12,0.7236816630133701,143.58259820752798,18.389083065727327,27.46370635075386,0.1775706583043954
replay_attack_000798,replay_attack,1,0,0.7259487628971025,0.0554256951672703,0.6333214118226667,15,-0.0013868935828687,263.59527379930955,22.53270737489168,26.479303650490223,0.1709957955148393
replay_attack_000799,replay_attack,1,0,0.3567756825277922,0.0431278280004384,0.080489362869303,-3,-0.0151870011034991,115.9323919781543,26.56371899429697,143.88159391497123,0.2381712887376387
replay_attack_000800,replay_attack,1,0,0.9077581328422488,0.1352944515477648,0.517890434201447,-13,0.3015645336419697,216.1889743896048,29.79290467808032,61.45296736002013,0.1969304280007917
replay_attack_000801,replay_attack,1,0,0.3626595273595525,0.0536743180183859,0.4632288235601398,13,-0.0295753331486012,81.32556025141099,21.32329348431009,123.10084408255304,0.2227894469878655
replay_attack_000802,replay_attack,1,0,0.5536000688536665,-0.0518288138503622,0.2534204333446525,8,0.6595124940077949,125.83168748252189,28.44358044629668,112.50221332126642,0.1475762752730762
replay_attack_000803,replay_attack,1,0,0.5807229162950395,-0.0580186581526661,0.1489070031160612,3,0.0026062719642219,212.4033164548052,22.74334945393056,25.030745443257672,0.1732953477342127
replay_attack_000804,replay_attack,1,0,0.5572427832175566,0.4562021883954099,0.7235349370366501,7,0.5902640696556608,244.87467982391175,27.366848601994263,74.87521019152499,0.2731218351297421
replay_attack_000805,replay_attack,1,0,0.6230280302616089,-0.6407327039159938,0.2086748028792933,-15,0.134368865350762,186.6521810587332,19.58185830871758,8.15941232417326,0.2427157171870109
replay_attack_000806,replay_attack,1,1,0.8387224361537432,0.0026303907345771,0.3952170544786607,13,-0.0914946400374486,237.54134853821228,16.498131646760747,163.16903344491902,0.1538632073073048
replay_attack_000807,replay_attack,1,0,0.633751396398984,-0.1030782979230913,0.1480448302191062,7,-0.2463507831192091,298.404576822571,20.94402863190333,68.31580214218992,0.1499745584576208
replay_attack_000808,replay_attack,1,0,0.5881239316450952,-0.044118141676641,0.3611372332721304,-4,-0.0352453493010293,235.17598086911784,17.487637599729,119.58875109055792,0.2136816102912827
replay_attack_000809,replay_attack,1,1,0.9390932893537576,0.1712234581064286,0.4510719348211753,-15,0.6172640361049665,291.68193820614334,27.5899797884205,120.73603189919572,0.2335613630291571
replay_attack_000810,replay_attack,1,0,0.5395538188756545,0.1666979208033112,0.4782086895881899,9,-0.2326146200149632,195.95215513387052,25.1861032794154,91.18719024232615,0.1922842584617703
replay_attack_000811,replay_attack,1,0,0.5323159950220636,0.2471058202987772,0.4547459216135125,4,-0.2682430850785683,97.6875436793857,23.08491224600233,15.285734462945731,0.1847512809290543
replay_attack_000812,replay_attack,1,0,0.5004190496501633,-0.3089833735257258,0.3113702987466634,13,0.0678333323688754,96.9802856905379,20.74909204161767,9.660784747253814,0.1553118284752416
replay_attack_000813,replay_attack,1,0,0.2169518453286101,-0.0081729546434405,0.1304589996781141,-13,0.1637795272772249,277.8149640900938,31.247929578469897,99.05953739694316,0.1349276284420732
replay_attack_000814,replay_attack,1,0,0.7511499991494335,0.438654436647885,0.5580597537477854,1,-0.1324296184505839,128.88910673822244,16.18778764869859,35.79818456504856,0.1774425223422389
replay_attack_000815,replay_attack,1,0,0.8771775722998494,-0.0730848579322456,0.2181702233582313,-12,0.0688406101914662,288.67194011940387,33.976247088193766,17.91120149023203,0.2780717501562484
replay_attack_000816,replay_attack,1,0,0.5293169945153817,-0.2298807754418572,0.1642917194939551,-13,0.5242350349900846,179.33701105133798,35.0,27.730500915619,0.2309099015189986
replay_attack_000817,replay_attack,1,0,0.8649205551675196,0.0973478889791198,0.2751262610449702,5,-0.0654794434128945,187.66477371815904,21.094545891377585,14.550931929256857,0.1209227994024555
replay_attack_000818,replay_attack,1,0,0.4959799584543901,-0.1555964975030125,0.1898550045366442,15,0.3408882472597275,182.3887038001047,22.70950952205925,125.54792260842385,0.2458143391889955
replay_attack_000819,replay_attack,1,1,1.0,0.2377138344144275,0.4216055938832007,-6,0.4536545136017818,157.22652242948075,16.18479653907519,18.0871690712869,0.178225118942557
replay_attack_000820,replay_attack,1,1,0.8527960560332369,0.3510163964943761,0.4508962791921523,2,-0.1077402011915645,321.4132315042488,19.339465597249053,128.70387154706452,0.2325890008725777
replay_attack_000821,replay_attack,1,0,0.5068380845938998,0.5590054910515978,0.5590054910515978,0,0.541023907034344,158.3123472967765,28.623296968224768,86.55189419983577,0.2362815782652744
replay_attack_000822,replay_attack,1,0,0.627921909297477,-0.1994334488159475,0.068259604692624,-15,0.3434966717644064,380.13672108153867,21.255328701984624,2.7284780297662223,0.1582953052047762
replay_attack_000823,replay_attack,1,0,0.378481819513138,-0.1133341763491237,0.5095272801546198,-12,-0.1569121360116855,203.0546586595443,14.632063478697624,46.38618585631888,0.1894671370604803
replay_attack_000824,replay_attack,1,0,0.6987686029393351,0.2476185462864031,0.3435986347616016,15,0.2922932512291159,229.17320000806956,31.302511908486125,91.6454722175412,0.203502475222781
replay_attack_000825,replay_attack,1,0,0.4512966245026494,-0.0829252579643581,0.7073031654362705,9,0.0465777140691673,211.2760067615201,19.77748877125381,76.28977690765119,0.1694026755260951
replay_attack_000826,replay_attack,1,0,0.9044359292941428,0.0229905518226484,0.1954811206918447,8,0.1765937506671234,308.3139287168342,20.937249620771937,59.81156420304317,0.1432602541190142
replay_attack_000827,replay_attack,1,0,0.5895766526218881,0.2722221439629856,0.3920426224498514,3,0.1427846824577623,60.0,22.486898033461987,15.783193384845204,0.1463496836517412
replay_attack_000828,replay_attack,1,0,0.7219049639541852,0.3292206178924733,0.4432424956192231,-2,0.6757825024473235,138.46374440126291,17.315370137155703,14.423763769017512,0.2234565782152199
replay_attack_000829,replay_attack,1,1,0.92344980209462,-0.0404300231647951,0.2447903976951521,15,0.5018816147280416,150.94482820415055,24.43940046073268,40.75091531544496,0.2402180251665993
replay_attack_000830,replay_attack,1,0,0.6162804228583394,0.5080662163130463,0.5286075780472532,-1,-0.0694900011693775,241.5739144211381,16.556447927527586,82.73882798959616,0.2451450143192252
replay_attack_000831,replay_attack,1,0,0.7608679057800394,-0.0740651436185557,0.4446852350480628,-15,0.1364787705248845,60.0,17.545501807363852,83.03248139613441,0.2211348620003126
replay_attack_000832,replay_attack,1,0,0.7649850758195218,0.2936213742325831,0.4784618381636218,4,0.3729307148711307,132.83585667349632,24.314095083475795,46.787416071934665,0.1937315805500473
replay_attack_000833,replay_attack,1,1,1.0,0.0566564362993814,0.1741962144612223,-5,0.3754462863338499,331.0636976693225,22.08548828945937,49.6070354689063,0.2470246285628687
replay_attack_000834,replay_attack,1,0,0.4743933085434559,0.0152844941278828,0.2462180725158256,-6,0.0885948701786463,238.8989055666933,20.81438402774501,128.95226298322018,0.2440650838871729
replay_attack_000835,replay_attack,1,0,0.5583592162959496,-0.590249738328892,-0.1290500595480259,-14,-0.2490011568333012,168.96111768056235,14.456752103416465,83.74361678072091,0.2598576782013894
replay_attack_000836,replay_attack,1,0,0.454933040945006,0.2342365504710198,0.6517689957091926,8,-0.1496306031597017,215.3669229357795,31.88924890612671,93.8395837896951,0.2051881781562647
replay_attack_000837,replay_attack,1,0,1.0,0.1575550380438252,0.3097673510851307,-14,0.3614929511452567,202.03696590816887,29.63471537453736,88.22793066845959,0.1447919537058421
replay_attack_000838,replay_attack,1,0,0.6913398250912889,-0.0588750574073066,0.0984635389499506,-15,-0.336891299209714,185.779769514264,35.0,128.42496749393868,0.2543559283324486
replay_attack_000839,replay_attack,1,0,0.7344557306192405,0.4444716901317158,0.58281143751256,2,0.1208670066637681,134.7983617654573,27.348413386529675,65.43639582940641,0.2201466003539625
replay_attack_000840,replay_attack,1,0,0.6200028187322093,0.5630794035352741,0.6364341068117935,3,0.2096105689962137,151.90563434953864,12.641094303500424,110.50074297958,0.1693964867640612
replay_attack_000841,replay_attack,1,1,0.9349904651377028,-0.3401183814014673,-0.2271439308837314,-12,0.2757641403435295,123.78378637934928,24.695704938098697,38.26074750346444,0.2337631787278143
replay_attack_000842,replay_attack,1,0,0.5392226778479607,-0.135003540070627,0.2046577792339107,15,0.5202103620425983,165.96966025801228,31.85638925796961,36.96682158991497,0.2082824157510178
replay_attack_000843,replay_attack,1,0,0.824998134098555,-0.1087767524109712,0.1216994965785839,11,-0.1053457291465942,137.74926510287318,20.393091961257493,79.35737760877116,0.144846597865575
replay_attack_000844,replay_attack,1,0,0.6257976680588242,-0.216783160448288,0.1609291095660648,15,0.1717808744211462,117.86579560455036,22.70184984338692,140.49593963084777,0.2514809633537501
replay_attack_000845,replay_attack,1,0,0.3583566404882792,-0.0627371878150375,0.3958166177232381,-12,-0.0943876029045489,60.0,28.997108277494338,122.69578035438252,0.2110697406582148
replay_attack_000846,replay_attack,1,0,0.5605535533487751,-0.4659345369373568,-0.2662341593785743,-13,0.5371351869178819,144.0408853601245,18.2208973334656,3.7646118252931657,0.2304366254102671
replay_attack_000847,replay_attack,1,0,0.9117083932593196,0.1473769165881733,0.3798141205293318,-15,0.091889436648959,175.3504146642217,23.83543341692098,44.72483743454731,0.2578312967135853
replay_attack_000848,replay_attack,1,0,1.0,0.153103202687772,0.1861575426135033,-4,-0.5136807475978885,60.0,24.34885312292669,76.87365558869718,0.2913265417901416
replay_attack_000849,replay_attack,1,0,0.4161772458582027,-0.0147004047638493,0.1556790544881427,-14,0.1345219690170897,209.13902692280405,23.399665899668992,86.80046122762887,0.2121457179499808
replay_attack_000850,replay_attack,1,0,0.5255550826354558,-0.0531151211187937,0.2742315377247729,7,-0.1148516109756567,214.49282861780367,30.11453917079601,1.8278476993474584,0.1888347612557827
replay_attack_000851,replay_attack,1,0,0.6168748986879283,-0.1879783619454746,0.1684077342120324,-15,0.5936280437940608,129.90143163616517,27.11573200374292,126.82970456361464,0.1427964986742299
replay_attack_000852,replay_attack,1,0,1.0,-0.2628597090287324,0.3662363802145317,15,0.2900463667946826,336.49550088941606,28.802383275285987,97.62200297769846,0.1922876877584063
replay_attack_000853,replay_attack,1,0,0.3656885739094855,0.5356336371563885,0.5802149691532257,1,-0.516980915691768,209.39576696158,26.20831987280813,38.82570572518863,0.1979956798345133
replay_attack_000854,replay_attack,1,1,1.0,-0.2046863191186295,0.4193327196947437,-15,0.1239076210871112,60.0,35.0,78.65448000848474,0.2632891931391244
replay_attack_000855,replay_attack,1,0,0.4777427914861309,-0.1300797003969687,-0.0847437357887866,11,-0.2401604134105205,112.85592447948603,15.562305581975934,62.60843110639045,0.2880896839316056
replay_attack_000856,replay_attack,1,0,0.3943162286366846,0.0930262810873171,0.0930262810873171,0,-0.4494403167420745,179.08474273805385,21.895054771120943,77.31585900003726,0.2626269732700443
replay_attack_000857,replay_attack,1,0,0.8276662530108674,-0.1588552227032812,0.0727942289189289,10,-0.0102834262331109,126.40257241873697,17.497995186601724,70.74389120808445,0.1956026232325236
replay_attack_000858,replay_attack,1,0,1.0,-0.2191200826595217,0.1623176291983917,-9,0.2579480176391188,119.48107344209149,26.071567258343848,5.438041677668984,0.2695517574653155
replay_attack_000859,replay_attack,1,0,0.6569152817515491,0.2147390677575955,0.262250406797024,2,-0.0589652041112108,227.4635367470576,30.08958838063128,16.9243762502566,0.1991376593144604
replay_attack_000860,replay_attack,1,0,0.4954857406586871,0.6384043830427417,0.686435280498612,-4,-0.2060476798961679,326.16359868986683,28.14557349050925,80.96879325465986,0.2212610224356565
replay_attack_000861,replay_attack,1,0,0.5337891352873083,0.3529904829474756,0.4940729906634262,6,0.2635911975912124,205.86134101486283,21.589303694953205,31.99721650703745,0.2477447910092668
replay_attack_000862,replay_attack,1,0,0.4789384569384149,-0.1075403775322943,0.3739483701174148,7,-0.0842574846758959,172.22924010614096,16.833613061303872,139.24350163286266,0.1678187008205443
replay_attack_000863,replay_attack,1,0,0.7908142217786172,0.411343597564244,0.4857141063374688,-3,0.3146399159785311,154.38211284146269,18.749063936199832,61.53912635955973,0.2013772984235692
replay_attack_000864,replay_attack,1,0,0.7573843672905617,0.0214115130355209,0.1860283523977088,11,0.4045513350581369,60.0,22.79878986911379,86.62013770116125,0.1445853394963271
replay_attack_000865,replay_attack,1,0,0.5917915950986148,0.5051136204934082,0.5051136204934082,0,0.1246474270215192,89.39785985823715,18.971074148149484,2.126035687600748,0.2620738822353602
replay_attack_000866,replay_attack,1,0,0.7666322578205264,0.2325622064545109,0.394140665927018,5,0.0290299667644253,265.60869290109986,27.50837560266222,166.5116794426011,0.1509032652490255
replay_attack_000867,replay_attack,1,0,0.4815139921690774,0.1223910990403214,0.2476258849629151,2,0.3641717625864645,93.9089976664779,29.94375434810445,63.65170954855077,0.1761277324194269
replay_attack_000868,replay_attack,1,1,0.9748094638931208,-0.1665845564796733,0.3677388954148693,15,0.0756241529518071,60.0,35.0,72.24452110560259,0.1940937547847566
replay_attack_000869,replay_attack,1,1,0.8305127696260569,0.3541341463792636,0.5639593056854806,14,0.1505061359529491,238.0503757175491,24.95464577037038,171.95197808805202,0.2798917751224332
replay_attack_000870,replay_attack,1,1,0.9221578786383644,-0.1196839577134602,0.1170065671560062,11,-0.3317596439226207,202.91282553160264,27.419566022947567,78.71761934649362,0.2666826427618454
replay_attack_000871,replay_attack,1,0,0.5438431513644217,0.1431066019130589,0.3543927328324998,7,0.0387945552905234,153.49817770810282,30.49482980757616,126.49586840121438,0.208751875681993
replay_attack_000872,replay_attack,1,0,0.5826906204466001,0.0216772613214662,0.2091250936961612,-15,-0.474910392721921,153.0217949667344,21.068470478978288,2.214247729102432,0.2257908672059934
replay_attack_000873,replay_attack,1,0,1.0,0.1015280181784089,0.2458284395351488,-4,-0.5896465282839711,60.0,11.164456125363063,36.16663879252696,0.1945177085901455
replay_attack_000874,replay_attack,1,0,0.3381388144363791,-0.1620136977465728,0.2111723074353063,-6,-0.1172832858222132,124.7998310756782,23.4461460056985,24.004026916941815,0.164702415397388
replay_attack_000875,replay_attack,1,0,1.0,0.2978778162677549,0.4439526691296447,-15,0.1368944804325413,230.33800873604943,25.748147559786133,106.36953003332758,0.185827901637003
replay_attack_000876,replay_attack,1,0,0.7786071272032571,0.0149236164117007,0.1432368691543828,6,-0.2053041590471508,253.3684613474676,21.272013642745502,17.767656031441376,0.3220749945572036
replay_attack_000877,replay_attack,1,1,0.8298233391916243,0.6879752298814338,0.7028659976157647,1,-0.0400082737452592,189.8277673719968,35.0,122.81411547997118,0.2492021549600075
replay_attack_000878,replay_attack,1,0,0.759982616251992,0.1200269227676285,0.1967868772160346,7,0.4814291168179897,153.42367562612537,30.88408820733368,31.050843151259016,0.196870239815094
replay_attack_000879,replay_attack,1,1,0.8174342956718588,0.3775626424545844,0.3775626424545844,0,0.3894346111937884,82.46693467108811,27.265897800730617,102.55154802072492,0.2054033198375358
replay_attack_000880,replay_attack,1,1,1.0,0.60889961171869,0.6213056975547736,1,-0.365745872316902,114.7568238825298,26.91933705791889,70.42048657243558,0.2144925711122214
replay_attack_000881,replay_attack,1,1,0.8095996534503451,-0.1390469256859581,0.4253401061367696,10,0.0860468137495405,224.22619030593432,25.683310882928744,36.14815523324218,0.2228496737482238
replay_attack_000882,replay_attack,1,0,0.8430795445858793,0.034382805972236,0.2907373488821952,10,-0.5328556881924145,176.7167758491879,31.70413770840741,84.35185987385677,0.2829944553245249
replay_attack_000883,replay_attack,1,0,0.646128683233441,-0.2041694647653878,0.2748097105344408,6,0.2167702993737648,281.7880606933135,25.570711451390174,18.738509930915903,0.1580216151662324
replay_attack_000884,replay_attack,1,0,0.4713136686303812,-0.1094172723260838,0.5065231265324894,-14,0.2702017579786086,134.87959528936886,18.889125450973157,126.40906725664868,0.214074345278323
replay_attack_000885,replay_attack,1,1,0.9227180392567604,0.1922089598465182,0.2374622739774694,-2,0.3372357476355595,79.40992219420013,29.101214631466288,49.46564514622264,0.1181715040390777
replay_attack_000886,replay_attack,1,0,0.7050579076317197,-0.6197028703655322,-0.2532162551625116,15,0.5349367689648962,319.88682548815973,19.030380350145904,39.967029229868274,0.226483699431696
replay_attack_000887,replay_attack,1,0,0.6863977856863697,0.2571627571511584,0.5005174023143656,8,-0.0209921110489366,112.73988157232976,31.89141572284186,50.648395853090605,0.1851893626606059
replay_attack_000888,replay_attack,1,1,0.8396851097420184,0.351309681262197,0.4282683964715936,1,0.3998553146222601,164.10697888085227,26.626483757775866,144.81472225473178,0.1909207046190719
replay_attack_000889,replay_attack,1,0,0.6932742589223021,0.0186308691660114,0.2950561324104684,-14,0.2456918507873303,196.65872911131757,29.68591064646862,61.81483846832374,0.2461164355619413
replay_attack_000890,replay_attack,1,0,0.7524494238844595,0.1894883112803687,0.6134567048114364,10,0.5557332055787156,193.94920243303417,24.395782174116736,160.52597371418645,0.2517629027951101
replay_attack_000891,replay_attack,1,0,0.5364436838049655,-0.284190696716013,0.2560580345447696,-15,-0.1675777943414594,160.77423309661685,30.832266034963155,83.8054202829997,0.2795921320741288
replay_attack_000892,replay_attack,1,0,0.2136580404356315,-0.2404765910957594,-0.0748347186178277,-7,-0.3773382941564556,320.7071289947543,27.06502474564591,12.591401987481332,0.275286571500029
replay_attack_000893,replay_attack,1,0,0.5418172624080154,0.2792339643477526,0.600513625964654,6,-0.3319810593249813,184.4752589315684,27.576747780854944,95.51163237377293,0.1727896635286246
replay_attack_000894,replay_attack,1,0,0.7099232524253931,-0.4861413497654415,0.238410108159821,15,-0.1006015889563292,184.33260128525905,17.337957835993034,4.534738817590338,0.2051592127504739
replay_attack_000895,replay_attack,1,0,0.6904634578161679,-0.1332678906852539,0.3861420966456685,5,0.2064225226334074,207.68702834310065,26.405379136062624,55.52563462722475,0.1788591309063317
replay_attack_000896,replay_attack,1,1,0.8469364372440417,0.2996903117914027,0.5003162319546227,9,-0.3939065361798917,93.94454211831145,15.634033822702326,1.0249175595647555,0.1899796980674647
replay_attack_000897,replay_attack,1,1,0.9514189451516576,0.1925030910868592,0.3186988270987838,12,-0.2139011291604717,227.0745162960212,35.0,41.74832950622643,0.1879816888310181
replay_attack_000898,replay_attack,1,0,0.6700148312402338,-0.3114540970012115,0.3831475882956773,7,-0.0574427759237866,213.37057070865643,35.0,7.739434078703823,0.1612525372653727
replay_attack_000899,replay_attack,1,0,0.6643796121608027,0.4722191511546012,0.7172666286237416,4,-0.3749762283354019,138.83183193215262,16.93658613696843,85.16522410896796,0.1815228931646674
replay_attack_000900,replay_attack,1,1,1.0,-0.3362399775344422,-0.1645559105279764,14,0.18791967928517,89.46602141701854,20.838681507548632,89.94610726625538,0.2575864460051362
replay_attack_000901,replay_attack,1,0,0.5110295900883037,0.0690451883892816,0.2885134946381381,15,0.1493285033718674,249.5700181808782,16.94967976590102,109.83743345429356,0.2171897017528535
replay_attack_000902,replay_attack,1,0,0.757524505514173,-0.1054523556750656,0.4896348648591052,-15,0.4269300511882307,133.827735630069,24.69810414926837,179.95435249455943,0.2693047600791712
replay_attack_000903,replay_attack,1,0,0.4694010148454272,-0.2100694024337552,0.3081969907112303,8,-0.1132009903452311,107.70959723421272,25.988444762255504,66.78643593420846,0.1430286339925032
replay_attack_000904,replay_attack,1,0,0.4753261041347799,-0.0605968830333604,0.34068578550919,6,-0.073313679789426,60.0,30.361354795348845,143.12491559835053,0.124493917824544
replay_attack_000905,replay_attack,1,1,0.8466666085793175,0.3228735893592394,0.5118891545382318,5,0.1013030648154674,269.7692220110704,11.80294678678646,121.58578364963547,0.1388143642107036
replay_attack_000906,replay_attack,1,0,0.6785703455856843,-0.3311249237530332,0.3599963015846597,14,0.2569676298065292,242.99090673145872,31.77806778022812,128.771349488875,0.2063121388131804
replay_attack_000907,replay_attack,1,0,0.7618880975917165,0.1895525015924203,0.2088140954843799,-4,-0.3231678982124017,138.41614139844435,11.744806606525808,123.53239218818074,0.176858748458995
replay_attack_000908,replay_attack,1,1,0.8330577595649565,-0.0043770606053516,0.0569878288803687,3,0.1109588517667735,206.8517177060358,29.65700095904243,99.9941769979065,0.2085145357915579
replay_attack_000909,replay_attack,1,0,0.5940070355629732,-0.1392618543194896,0.1461363611649486,-14,0.3711945866213786,167.49409965322087,24.967184329384683,106.58988326982832,0.219750334096203
replay_attack_000910,replay_attack,1,0,0.5057202473464208,0.4336925826390622,0.5713908696467094,4,0.5529429691008053,60.0,23.17660353791511,54.65536624550096,0.1673179888323626
replay_attack_000911,replay_attack,1,0,0.8547703074478621,0.1972033920066553,0.3369063058445881,-5,0.1537927353279603,150.5791580777722,14.824192083127574,80.78186166408116,0.2387073736008054
replay_attack_000912,replay_attack,1,0,0.5144202637732085,0.0466827841044283,0.3700973080392666,7,-0.0705471887975934,210.6494368424278,22.04492812019571,73.82911435512399,0.1442613735108948
replay_attack_000913,replay_attack,1,0,0.6681679051904605,0.2176351797111514,0.3490244723084204,-10,0.0883837434443717,208.83341209732487,35.0,136.80087484797633,0.2397787932938518
replay_attack_000914,replay_attack,1,0,0.477560227448865,-0.0349923898797618,0.2779947828627132,-9,0.2802478571374823,112.15385655320156,28.01400625937538,101.69779324440668,0.1369555739434736
replay_attack_000915,replay_attack,1,0,0.8797767581849487,-0.0229720642438893,0.0196894848472121,-3,0.323750488406874,169.86312078803053,29.257830346602294,31.23215795502638,0.2495055946858956
replay_attack_000916,replay_attack,1,0,0.7254906845627267,-0.3461221544189345,-0.1261049105498666,-15,0.7302151264827234,254.58768383023448,22.9546124289745,14.0611815729362,0.1906156464432984
replay_attack_000917,replay_attack,1,1,0.8603966848269069,0.0042585870516112,0.4153610739432596,8,-0.0942164018100994,156.22540288361031,26.19713076453128,42.16469764001502,0.1499902828569232
replay_attack_000918,replay_attack,1,1,0.8769825359313734,0.0151409648012711,0.562335486975072,10,-0.4477141148038611,220.25501427581628,17.59084503929354,5.547190504239609,0.1727094382252193
replay_attack_000919,replay_attack,1,0,0.8791657681051378,0.4467400640156743,0.5467585480008322,2,-0.3443444479792542,143.2301825785022,35.0,21.320254257805303,0.16476264850292
replay_attack_000920,replay_attack,1,0,0.400367175312589,0.201026748310876,0.4134167946800883,-8,0.2225537614877135,278.5055506246868,26.281421541727948,71.91298821358512,0.1923377724595492
replay_attack_000921,replay_attack,1,0,0.488339221411871,0.1519053688092937,0.1818543863695197,-1,-0.3155149858934491,141.82943786681628,23.094575307673853,36.93779298025156,0.2307743721787015
replay_attack_000922,replay_attack,1,0,0.5698766553196132,-0.0538106720967044,-0.0109976295210828,-1,-0.012638717480809,83.96065631615146,21.00597909519619,87.85956960497548,0.2664189663342478
replay_attack_000923,replay_attack,1,0,0.5232229383556357,-0.253111883109382,0.2615064166379418,15,-0.1845447393320217,164.80163539565172,16.071172652702337,56.4533130578041,0.2308855102967043
replay_attack_000924,replay_attack,1,1,1.0,0.1161982933813395,0.4397858795491685,4,0.299630861794575,183.50378312542384,21.838085722746516,0.1207310856512222,0.1635846679109682
replay_attack_000925,replay_attack,1,0,0.4010353377004121,0.0772589628797904,0.2686352354427112,2,0.1225487274952816,120.84153361325988,29.248109718041523,76.51739407469572,0.1432431291916013
replay_attack_000926,replay_attack,1,0,0.7228325846236703,-0.0962531960375612,0.0367897609965987,4,0.5501476560330875,232.0043880758165,21.456752284676167,125.93840206311232,0.1628443483297994
replay_attack_000927,replay_attack,1,0,0.9787586228474886,0.0580218602038224,0.0828628857075139,1,0.4420599387506682,228.24336714104172,13.555378213960765,84.13008680095629,0.2555860489899313
replay_attack_000928,replay_attack,1,0,0.5520474160799209,0.4837568333005533,0.6769228946066922,15,-0.6033078189516611,362.10319826975046,25.79276784834679,81.55693138339282,0.2681128748340921
replay_attack_000929,replay_attack,1,0,0.2355193612933309,-0.0258149150737455,0.0955151873950051,-10,-0.1839703886574343,268.499337059209,21.4792660683405,83.55331234811517,0.1350596738180747
replay_attack_000930,replay_attack,1,0,0.5833305192162016,-0.0872255622702577,0.2187155277689575,-15,0.2707979201965541,69.75498435863966,18.8422282697355,52.86051059417839,0.2734192609060741
replay_attack_000931,replay_attack,1,0,0.7790698294010305,-0.0002964573548414,0.5647989710972434,8,-0.330789948710287,187.97771711945495,15.216975525592437,75.16394828599124,0.1482596317075676
replay_attack_000932,replay_attack,1,0,0.3883577858501757,0.0193351762069103,0.2626845948168447,-13,0.3464344091434151,95.20997611455124,24.289101371723927,74.47661280083945,0.1406478132308863
replay_attack_000933,replay_attack,1,0,0.454497949870238,-0.4129533598789761,0.4452766716122413,15,0.1963953703601506,60.0,26.06491307742508,45.406057927592926,0.2252717235725279
replay_attack_000934,replay_attack,1,1,0.990845533778008,0.3808909188999124,0.7341391550468156,-8,-0.3470305337085371,156.58915647472634,24.15836325900373,109.62671800447748,0.2755740466668189
replay_attack_000935,replay_attack,1,0,0.996475697419534,0.307144902411737,0.6695963838428426,8,-0.1367057218316284,191.91190057073285,19.12095071364548,26.91848964905131,0.2481192435727771
replay_attack_000936,replay_attack,1,0,0.4405198386704614,0.4889920463188586,0.5712367670784958,9,-0.0332446982630956,189.3420670279732,20.774831225600117,81.01576280612429,0.2049601590886652
replay_attack_000937,replay_attack,1,0,0.5269007637485585,0.3847605215568984,0.3847605215568984,0,0.242069502102969,60.0,25.020673344429667,65.06437011457602,0.2588741608384367
replay_attack_000938,replay_attack,1,0,0.6344499128167814,-0.1163074411594586,0.1876550517420785,14,0.071594125395127,83.85561729559663,21.745322027290392,98.07167344182012,0.2000543310205486
replay_attack_000939,replay_attack,1,0,0.8842947076386414,0.129594297085968,0.3139198061890753,5,0.5125424455334198,237.94185401043077,30.668165978786853,22.830969910917304,0.1210922211644115
replay_attack_000940,replay_attack,1,0,0.7373273724772554,0.1131358213585822,0.690682117989246,15,0.2467523399949945,60.0,26.02851250356688,23.88960085383095,0.2511548715609311
replay_attack_000941,replay_attack,1,0,0.4887447082453779,-0.0477544049347625,0.1367695356903722,12,-0.0470525548337979,193.3377959443435,26.413611421790407,16.266639681447487,0.2251954038467708
replay_attack_000942,replay_attack,1,0,0.629047477510597,-0.1787774233561912,0.129936752903276,7,0.1489510823457603,202.5922422329853,23.676101993502705,53.99831766707086,0.176904862356205
replay_attack_000943,replay_attack,1,0,0.6346553020520094,0.4721969164748774,0.4727919230486664,-1,-0.1769762974772171,317.6054437498679,14.311074486308597,3.108832072049573,0.1470704344389814
replay_attack_000944,replay_attack,1,0,0.989550345924226,0.4094849708396943,0.5297383068641321,3,0.141600747343956,166.80503298500244,21.05049106508065,62.51872207750913,0.1947881076553773
replay_attack_000945,replay_attack,1,1,0.8891227254599894,-0.3922812429500717,0.1021372783966501,-15,0.0428929015660076,72.64747675580975,35.0,120.49289730041806,0.1758324733342697
replay_attack_000946,replay_attack,1,0,0.335442958771219,-0.0655754558372033,0.1070041429722587,-14,0.5925197333060745,158.07818142630322,24.2743405151032,198.11817901762495,0.2091834232589665
replay_attack_000947,replay_attack,1,0,0.8414135062335761,0.0630297719963856,0.2844420090654639,-8,-0.1158057494609814,145.56524613037934,27.193962990513725,109.84041940581528,0.2560399359625642
replay_attack_000948,replay_attack,1,0,0.6990711043069531,-0.2387006070434053,0.2425624448197815,-15,0.0538191511112316,246.67616618407584,25.730715612859058,132.2832306379839,0.2071683470949695
replay_attack_000949,replay_attack,1,0,0.5984517340402215,0.3972227515008592,0.458221221779691,1,-0.4366566074947142,178.6586732637994,34.82376777954392,41.922309358591,0.1702278527101477
replay_attack_000950,replay_attack,1,0,0.9021850951290384,0.2618839266845496,0.3779309145960495,-3,0.2015105399579033,198.09273031884857,17.642578355010194,138.11807113197386,0.247231066914337
replay_attack_000951,replay_attack,1,0,0.9269524966943636,-0.0880536399439027,0.4311125653814157,8,0.6600519425382217,187.22019399907097,28.30600351525612,82.54174152099588,0.1722909113119072
replay_attack_000952,replay_attack,1,1,0.9477406988393644,0.3976875587512987,0.5255514484393364,7,0.0264083861094975,148.6042436879563,25.228497346869432,75.33936348173182,0.1785345233886888
replay_attack_000953,replay_attack,1,0,0.7613560023911206,0.2235332507671689,0.4686394110104984,6,-0.3951012364442107,219.00840407742075,35.0,25.33119961932877,0.1624265019783507
replay_attack_000954,replay_attack,1,0,0.7566432207782317,0.4147512036010376,0.4203504737469849,-1,-0.4909688822314861,134.92800144528974,23.469718470732545,13.033051567092826,0.2617068174899712
replay_attack_000955,replay_attack,1,0,0.2971679501014187,0.0977922435981498,0.399540375193139,10,0.3218080126621163,307.08135148273595,14.517292943746432,44.34692123808878,0.2806645488230629
replay_attack_000956,replay_attack,1,1,0.8787291271976262,0.6362259026230345,0.7214514066861207,4,0.5023295228275876,97.86572043320336,29.00189488789991,62.51465668397067,0.2022512795440212
replay_attack_000957,replay_attack,1,0,0.5336801638475728,0.2182914064389043,0.2636795216759547,3,-0.3091734511604676,150.36512092656534,11.130680532375791,32.456496869481995,0.1801360206017625
replay_attack_000958,replay_attack,1,0,0.4916280146645381,0.0203587583355256,0.1074474968608464,-5,-0.262814407234156,176.04214513057445,20.01111852467163,32.52291982685186,0.2332079017680579
replay_attack_000959,replay_attack,1,0,0.5694904071910841,0.3505088743165356,0.3505088743165356,0,0.5795759676536131,262.2044050983,10.84989977667028,45.06082516708162,0.1466110195720461
replay_attack_000960,replay_attack,1,0,0.6125581228921047,0.0072749624242847,0.0835309764105053,15,0.1361939694146603,90.67830158000574,33.13193700475603,59.36931221230472,0.3006720683451032
replay_attack_000961,replay_attack,1,0,0.6194670520965828,-0.4488233134544651,0.4820133324499154,9,-0.1182729488700794,176.6390836161504,25.51657264899073,95.62832538446324,0.1726101131289283
replay_attack_000962,replay_attack,1,0,0.4188568744393415,0.0341734613003373,0.1220018018179946,-13,0.6818964971352447,60.0,26.32036094557992,13.427905280671348,0.2463108479145114
replay_attack_000963,replay_attack,1,1,0.8698842849879409,0.4918247093979153,0.5834337100134219,4,0.0988070838405368,152.67654498467556,24.841727406538283,112.0380749590052,0.2339556163398425
replay_attack_000964,replay_attack,1,0,0.4876273030107036,-0.2372160353362276,0.3759061834569547,-15,0.0711432175324367,169.6703192507929,20.65222199875573,71.48730848019581,0.272259385901367
replay_attack_000965,replay_attack,1,0,0.665513895432182,-0.284378222692343,0.1013240684616953,-10,-0.2561868719676906,237.17624034895516,21.508671096034053,114.92281008279434,0.23806326478759
replay_attack_000966,replay_attack,1,0,0.5250055080030298,-0.2853426456885451,0.0779560787171372,-10,-0.2278764604151428,181.59359757818,32.23989109057598,54.1798967825317,0.2924458223334565
replay_attack_000967,replay_attack,1,1,0.9422641926618672,0.058427137799098,0.1957857615060166,6,0.1419282164520773,119.13491064897448,17.97462779388349,143.81535315115127,0.1212699093878356
replay_attack_000968,replay_attack,1,1,1.0,-0.2989646031298539,0.0612645147062633,-15,-0.2674810516892915,277.24877882613146,22.497381095831315,111.10406272877847,0.2548766628937646
replay_attack_000969,replay_attack,1,0,0.5120183158826883,-0.0794318992691911,0.1087504439765509,-15,-0.2426659017849066,280.0333492415538,20.660059875921004,54.26281665090447,0.1986342924286049
replay_attack_000970,replay_attack,1,0,0.6407839341276051,0.1123975424396458,0.2993566420314922,9,0.0369244782610069,137.4795430310784,18.41367650200049,107.45925347659757,0.1585434967185716
replay_attack_000971,replay_attack,1,0,0.964440372790742,-0.3431479218164005,0.1879248621858639,14,-0.1195026516193286,140.81445490644225,27.480908986317115,63.32992874022247,0.258691171392215
replay_attack_000972,replay_attack,1,0,0.3313505725531835,0.3244626201806083,0.518829659128893,-7,0.2841398986229074,169.38565126257066,26.86181033497152,23.54953788244348,0.2515956584705714
replay_attack_000973,replay_attack,1,0,0.6677522858584575,0.175985528983994,0.2556611998052228,-15,0.4688206694165685,89.45703126692406,14.330953112052368,115.4881868050836,0.2234156427424516
replay_attack_000974,replay_attack,1,0,0.8667120121459639,0.0589204067542408,0.5898219138438797,10,0.192957599959938,180.09227588547944,34.438825340931814,87.09869299477236,0.2296418115257612
replay_attack_000975,replay_attack,1,1,1.0,-0.0356590451570076,0.2497946870071802,-12,0.1457123000995156,84.45353311412762,17.377410031894435,49.10912527802963,0.1599743774246638
replay_attack_000976,replay_attack,1,0,0.4837276110419931,-0.2918307560938292,-0.072507587762371,13,0.0189188136075237,124.4574602183855,21.551986321620763,110.5804420577444,0.2261742538777446
replay_attack_000977,replay_attack,1,0,0.7116714458440995,0.2488168906732629,0.2956028421063626,2,-0.4818767496877395,245.5793648342604,15.613939758688185,51.63228631008656,0.1780295930833795
replay_attack_000978,replay_attack,1,0,0.675886740294173,0.416345519909299,0.4672809245868771,7,-0.3355557128287869,189.7620638214482,25.19161823892881,101.78417242209244,0.1696244089222849
replay_attack_000979,replay_attack,1,0,0.8471521036581637,-0.1389249203336307,0.0546043305467798,-11,-0.1069553187956297,240.49072946347505,26.36231974873016,11.322565690908078,0.2314135444261088
replay_attack_000980,replay_attack,1,0,0.8790870191673793,-0.3253860012287555,0.1202071070438305,15,0.0641872300445011,252.6822882304488,24.71580109543182,70.33110803828998,0.2579768009597211
replay_attack_000981,replay_attack,1,0,0.6129583465610678,-0.0352010705620243,0.1830509209615663,-15,0.3350445292335253,135.84590197336863,26.241519308671528,23.124915150278284,0.1743658473533192
replay_attack_000982,replay_attack,1,0,0.6950506176394037,0.4180354180286529,0.5445404144059981,3,0.2533897820187707,127.55626782372993,25.644490883591,44.614536029027015,0.2388515908139589
replay_attack_000983,replay_attack,1,1,0.9583862403120168,0.3897093520407475,0.5641480411034232,2,-0.0067653344697382,223.0508477975673,33.69226767062532,120.24405481023952,0.2354136905754213
replay_attack_000984,replay_attack,1,0,0.467730649160254,0.035995032887838,0.2929118470349944,5,0.0963557778636263,176.7282982171191,22.700318963933103,34.25826867450938,0.1535796358721445
replay_attack_000985,replay_attack,1,0,0.6380539779686868,0.2036396145495034,0.5096531012613911,6,0.2508492316839415,63.02112713216212,25.319912992494444,117.70171682515678,0.1577581071024044
replay_attack_000986,replay_attack,1,0,0.0551860484167219,-0.3271865795734181,0.0375065071818161,14,0.313954456447996,241.73466193876573,17.583193583804235,57.68753114042686,0.1625132028948133
replay_attack_000987,replay_attack,1,0,0.4792815816053795,-0.1239935140145132,0.1157579135579487,-12,0.1299922290966772,312.5613703955846,26.37008853989768,70.61901788916522,0.1556132600171517
replay_attack_000988,replay_attack,1,0,0.4981979820465787,0.3039691395968748,0.4084189381503436,-15,-0.277567067959162,179.3770409981489,25.064623252428333,41.59103475453637,0.1571568950158968
replay_attack_000989,replay_attack,1,0,0.5298648897117813,0.3333120690419785,0.4427642129491551,-12,0.2892783821673458,183.08972430534104,28.49113590692928,46.62027904269843,0.2550617843796242
replay_attack_000990,replay_attack,1,0,0.3348229288200153,0.1876063690823477,0.2661760456527717,-12,0.8252101679887727,144.67413366134286,28.45291166398235,9.52189256249376,0.2122309374052669
replay_attack_000991,replay_attack,1,0,0.5251907401815485,0.0427636002374115,0.489468246194418,-11,-0.1419397488889271,290.76816414229035,27.967284070904466,35.06461487480199,0.2120885644885471
replay_attack_000992,replay_attack,1,0,0.6052594092839785,0.1751273778076815,0.38611674630081,5,-0.3742721180122635,85.35529529331369,28.930440563849302,81.3520627081417,0.1806263420638437
replay_attack_000993,replay_attack,1,1,0.8643980300694215,0.5507556579163875,0.6968676146101956,9,0.1694480566393549,119.14293665762813,23.41866501952463,14.178428604957183,0.2170955272112379
replay_attack_000994,replay_attack,1,0,0.6501227685495168,-0.0266940223810001,0.0799601608711064,15,-0.6141712627707242,393.5041573980892,26.125967893514755,36.94104731901732,0.242022457689843
replay_attack_000995,replay_attack,1,0,0.8728708252747381,-0.4255435966417729,-0.1956237476724047,15,-0.00952247579861,60.0,34.056134634420324,76.39373015505534,0.1712341058970508
replay_attack_000996,replay_attack,1,0,0.3240816125807018,0.1780504649925496,0.2476671874948121,-3,0.3306974355338766,156.88853795083156,19.18534131718141,172.64634390814692,0.2431355221022577
replay_attack_000997,replay_attack,1,0,0.4991986871105478,0.3294868458757138,0.607879987704765,14,0.0201372458373555,206.6770803765587,16.14911352340427,109.05919771739777,0.2550324521128576
replay_attack_000998,replay_attack,1,0,0.3145599340212965,0.4835025081548469,0.5817711834006523,3,-0.1340751909402723,249.3332817947458,22.122019552874395,151.6276841174902,0.2065303854596817
replay_attack_000999,replay_attack,1,0,0.2806551329070842,0.2008551868875094,0.2876834913989744,7,-0.2128608208880485,184.32233139733452,14.440515802861263,109.46456942772105,0.1965950267038949
hardware_injection_000000,hardware_injection,1,1,0.8689830092426164,0.1499797800332712,0.3095208269185663,3,-0.0744342927752436,142.9123339989108,20.93813460137974,96.20708714202851,0.1329874445505375
hardware_injection_000001,hardware_injection,1,1,1.0,0.01748695053175,0.1826093577099603,3,0.118514353160921,60.0,12.211139280790691,47.344269939721656,0.148652808221494
hardware_injection_000002,hardware_injection,1,1,0.9500652834840834,-0.0463623603855661,0.3158738474468424,7,0.2749516174347303,137.01584923956884,6.107902627843462,195.77619623195451,0.162217798817748
hardware_injection_000003,hardware_injection,1,1,1.0,0.3601839626399368,0.3601839626399368,0,0.4873447010273748,254.85339584738628,16.394632884723062,109.37953778503793,0.1445816814089892
hardware_injection_000004,hardware_injection,1,1,0.8628113325990919,0.0693329607760052,0.5050568490877149,9,-0.007735638412478,241.65957749107108,16.869305680046445,14.176915342782664,0.1877365220535915
hardware_injection_000005,hardware_injection,1,1,1.0,-0.0623833690464042,0.2030377111858936,-15,0.48039933371559,303.0357448414281,12.508052957495352,33.678558679608656,0.1423456200406789
hardware_injection_000006,hardware_injection,1,1,0.8035742070752407,0.4330818066013692,0.4570579281648868,1,0.7497445701101074,261.2887330215174,27.234836985224103,37.46601883835949,0.1304284225105043
hardware_injection_000007,hardware_injection,1,1,0.8966335062702139,-0.0613280636825979,0.3247851023007564,4,0.6049690923221437,229.08064368247437,18.472732213207426,117.94241851874364,0.145273773285155
hardware_injection_000008,hardware_injection,1,1,0.8306740514724658,0.3288501682508696,0.3857067063691846,-1,0.5432943557007927,294.8745099070028,21.736038330329563,77.32393200119712,0.1361722073409746
hardware_injection_000009,hardware_injection,1,1,0.9082890644006631,0.4383170580007113,0.6079257136989463,1,0.021893267051332,138.36946415532344,6.517654518658896,82.95670229719279,0.1604324900053071
hardware_injection_000010,hardware_injection,1,1,1.0,0.2379612513337753,0.2669021638107266,4,-0.1213847020572781,270.89128655603145,22.011806414806436,57.85877052261989,0.1502085948120215
hardware_injection_000011,hardware_injection,1,1,0.8942721530416076,0.3777345620740863,0.4737040870511048,4,0.5453644707354872,229.99975583125544,26.637988118556866,27.156384298361857,0.157664541460502
hardware_injection_000012,hardware_injection,1,1,0.9035345828908418,-0.0699144251552848,0.4839875880733445,12,0.5317063635145577,292.7129693450286,18.577822636596338,50.051667783914354,0.1495084337359201
hardware_injection_000013,hardware_injection,1,1,0.9482504784643868,0.0447183387839808,0.2137076398517993,5,0.3216791711091804,352.0766337439385,25.854998240750817,153.1768590951192,0.1571695424670219
hardware_injection_000014,hardware_injection,1,1,1.0,0.1348891149498115,0.527986228765673,6,0.4762497095485611,139.11851565975203,27.132700221958004,26.882953446889346,0.1789620684166486
hardware_injection_000015,hardware_injection,1,0,1.0,0.4428996645485233,0.502278710424867,1,-0.4397147248722787,469.9013237481637,32.15209708307034,210.80459878141423,0.1291444224933086
hardware_injection_000016,hardware_injection,1,1,0.9034687179382764,0.1574905583580513,0.222143767229579,3,0.206174960252794,153.60852131881785,12.569548753977289,127.58226943050904,0.1430485820491651
hardware_injection_000017,hardware_injection,1,1,0.9657726581271708,0.6504537819591224,0.6504537819591224,0,-0.2756171996061476,258.6389385781751,29.25345902817748,50.44945555241355,0.1919792077657824
hardware_injection_000018,hardware_injection,1,1,0.84338473254164,0.1765785694209874,0.4482415546622765,3,-0.0446388271701833,125.81322069471096,15.989431520607717,216.92702501166303,0.1842478755490062
hardware_injection_000019,hardware_injection,1,1,1.0,-0.2227570152425969,0.4356343118153528,9,0.3267956551215789,234.17444729380625,23.53034393569376,14.089750275737032,0.1760481576089222
hardware_injection_000020,hardware_injection,1,0,1.0,0.0970886071952739,0.5021560324231377,6,0.7680674319182644,290.39509183177216,10.353202168212992,157.45891104245092,0.174336250837649
hardware_injection_000021,hardware_injection,1,0,0.8035569115553909,0.0007487920690191,0.2835074936351809,11,0.5908574751436144,252.40258378340835,16.165753444603254,26.35771683108408,0.1585752748847008
hardware_injection_000022,hardware_injection,1,1,0.8549353895214336,-0.0199010847126031,0.1880565435215208,7,0.0483810381562538,240.35944160909068,23.717497315535077,109.82110097006608,0.1540953322578444
hardware_injection_000023,hardware_injection,1,1,0.93837188069648,0.306058866402572,0.3270994260339817,1,0.4240454754152083,255.579223177597,26.27414964017981,78.66425267766779,0.1407008332164813
hardware_injection_000024,hardware_injection,1,1,1.0,-0.2870984734523194,0.3041459078300633,6,0.6368815333464803,168.39587820901272,18.23069123262878,40.24809250187506,0.1880440153787478
hardware_injection_000025,hardware_injection,1,1,0.7971489159797529,0.4066243033712647,0.4333969769942261,5,0.1521281201820543,250.33072203045705,12.437534698848868,68.03216018720768,0.1390797238330736
hardware_injection_000026,hardware_injection,1,1,0.8405361032978995,-0.0135820380689564,0.3926285715652871,9,0.2735634415359976,313.96066099012046,8.993556335216566,9.381738052149316,0.1687029488335583
hardware_injection_000027,hardware_injection,1,0,0.7211872045622684,0.0198349741410242,0.216446769772879,6,0.690567147628414,165.00452207169343,16.568113538937254,150.28059108440647,0.1278264260517714
hardware_injection_000028,hardware_injection,1,1,1.0,0.5314071242700507,0.5655101684250282,1,0.2907248447523325,151.46761619586707,10.289403491849724,15.882944181494452,0.1894199522824342
hardware_injection_000029,hardware_injection,1,0,0.7122087020752808,0.4718233974756932,0.6999424392319158,4,0.4526202824073916,153.92313766193922,16.046741556051515,12.6898383531519,0.2179499479569489
hardware_injection_000030,hardware_injection,1,1,1.0,0.310104946866546,0.316910570699878,-1,-0.1131426593341011,209.2850594575304,27.25837007175037,12.564784716918323,0.1324763464024241
hardware_injection_000031,hardware_injection,1,1,0.8185735720920501,0.2952624310450646,0.3764377257543604,3,-0.0728821439363791,163.37769202242578,22.739052339192757,154.9249218902216,0.1534990436958888
hardware_injection_000032,hardware_injection,1,1,0.8850696364107097,-0.1728578015689777,0.2831946045676477,6,0.3987260448778464,199.07202393254772,25.555302248419142,140.5877315028997,0.1394239471942243
hardware_injection_000033,hardware_injection,1,1,0.7902540108860373,0.140309916987236,0.2558998995464751,2,0.3741983637523876,156.06744002953695,23.69277304101288,53.801556207342514,0.1282490016022975
hardware_injection_000034,hardware_injection,1,1,1.0,0.5355866833613039,0.6574170252010569,2,0.4913210011527245,136.08656711303385,16.25531909830763,69.71583681974205,0.1581522435359378
hardware_injection_000035,hardware_injection,1,0,0.7192025401468001,0.2143116188649791,0.2426981117912924,1,0.2144241209441538,137.56396790616435,29.40037539664672,28.9755501430745,0.1424955761457131
hardware_injection_000036,hardware_injection,1,1,0.913971151970423,0.5485836903082304,0.6421572367991111,2,0.405297851278204,270.22053029952866,27.464180407259903,234.6883955723065,0.1837973148731094
hardware_injection_000037,hardware_injection,1,1,0.9246280152909576,0.2249315796335274,0.3046151627151071,5,0.2444954648410335,60.0,14.069547432787308,120.5124461612522,0.136048094004663
hardware_injection_000038,hardware_injection,1,1,1.0,0.2966610223343094,0.3179368446400787,1,0.4326122923469672,141.31335765605436,33.09447068001269,186.2096380381988,0.1224630076166019
hardware_injection_000039,hardware_injection,1,1,0.9707798631553766,0.2949540504495757,0.4778445019188881,3,0.1004518483444589,203.66684524729095,25.153472501572725,80.45313471390591,0.1669547879914701
hardware_injection_000040,hardware_injection,1,1,0.9277112866651273,0.4309835272321371,0.458531568757382,1,0.5879397589904626,309.60058272446145,25.74717280346629,87.40481292326142,0.1558555970452141
hardware_injection_000041,hardware_injection,1,1,1.0,0.0247755634323731,0.6734169422382744,8,0.3790209782159489,350.4770895249877,29.88721370600172,37.66931088522983,0.1714196678732133
hardware_injection_000042,hardware_injection,1,0,0.7368348342067707,0.2103377143313161,0.7037986482323755,6,0.0930943089856518,142.81962602341883,16.94376468914031,122.68704863466462,0.2045144670635353
hardware_injection_000043,hardware_injection,1,1,0.8955467920893168,-0.2460166292198825,0.384861122274062,11,0.4822515856086016,295.01826825473256,28.63315424054313,89.52049614855021,0.1574452672472522
hardware_injection_000044,hardware_injection,1,0,0.7775338968903454,0.4005347134767595,0.4005347134767595,0,0.3343952600046769,374.8750569820544,18.791965271616963,22.37433698678207,0.138717063299021
hardware_injection_000045,hardware_injection,1,1,0.9679205849586928,0.04497937683443,0.6332537522569004,5,-0.0635004322239051,237.2026732407107,22.2150420606628,36.80107737035486,0.1627328676453805
hardware_injection_000046,hardware_injection,1,1,0.9083451544233953,0.0741338145157873,0.5448876171983285,12,0.5458825577723392,203.9655757725968,14.321027748450184,19.15424460017797,0.1661010196992505
hardware_injection_000047,hardware_injection,1,1,1.0,0.1307650085914398,0.225540789506674,7,0.4123585793817645,323.14484826691626,18.24175573571218,160.45666981395794,0.1346255659830937
hardware_injection_000048,hardware_injection,1,1,0.926647812767318,0.1095947124245698,0.6701403599661631,8,0.3291656958595371,239.7248865759617,18.18722734325037,109.20958980447573,0.1693917066096527
hardware_injection_000049,hardware_injection,1,1,0.9047258824985228,-0.036496781171271,0.114025181916417,15,0.5481440880687721,265.10023056085606,26.726677700118096,45.5561701296994,0.1279720690857486
hardware_injection_000050,hardware_injection,1,1,0.9084114764398632,0.169825168108765,0.489708578904223,6,0.4293447469928155,105.5470965877305,26.50854542378748,0.100184467491573,0.134161627392763
hardware_injection_000051,hardware_injection,1,1,0.8217340279114058,0.3776730615691718,0.4320353362489219,3,0.12047944960471,60.0,21.200055049117456,0.0972274263186818,0.1461896378828779
hardware_injection_000052,hardware_injection,1,1,0.9800325542009108,-0.2473334632055986,0.4382434810217335,12,0.0914520829722869,152.74605254396687,17.36304919403966,128.25916185734553,0.1800620394438454
hardware_injection_000053,hardware_injection,1,0,0.6092584301013029,-0.0321654472248369,0.0874383569233142,4,0.8048855009949535,365.4768250125094,12.340623461037094,12.751912628656498,0.123613559208812
hardware_injection_000054,hardware_injection,1,1,0.9599433433743834,0.2340645329627822,0.3420808375340728,2,0.2174277111396579,278.2603499537018,26.019134700626463,84.74933863927004,0.1521529670628328
hardware_injection_000055,hardware_injection,1,1,0.923222858583874,0.3158842561005121,0.5768310378291419,4,0.7655024548331524,199.3929080010284,18.4782766497909,84.4011514481042,0.1872165766120884
hardware_injection_000056,hardware_injection,1,1,0.8268796599505022,0.1285711696404278,0.5012832068895964,6,0.2180231097406254,161.6026471047048,23.85352467508201,142.04445525364605,0.158981644571243
hardware_injection_000057,hardware_injection,1,0,0.7171591608974303,0.1191604711490999,0.1413159144006799,3,0.6875884023627272,163.52775175320343,21.30387820410569,18.232466691712503,0.131515656733643
hardware_injection_000058,hardware_injection,1,1,0.8670854774471255,0.1391568403845647,0.1824343440394168,4,-0.0206893045157621,322.6864770623502,24.10054329868209,118.4689333738907,0.1465464558025648
hardware_injection_000059,hardware_injection,1,1,0.941655376205722,0.4950305262410469,0.5512488620032618,6,0.519623690179116,229.7221216213413,27.48861699565965,61.57899487931412,0.1513525088172541
hardware_injection_000060,hardware_injection,1,1,1.0,0.1991210831465583,0.3189397965436282,3,0.5084896919168205,256.27785390603884,34.17394583755329,24.094984692367788,0.1470145175696647
hardware_injection_000061,hardware_injection,1,0,0.6887229771566605,0.1110450956133078,0.2901502537082133,-6,-0.1194311140877213,211.045703129924,19.580996659176236,124.79243162736655,0.1372770070124309
hardware_injection_000062,hardware_injection,1,1,1.0,0.2527392021106387,0.3288556937512503,3,0.0612922900006092,133.86069992846956,13.25468936202664,102.14849875842482,0.1364063739330459
hardware_injection_000063,hardware_injection,1,1,1.0,0.1381996566826883,0.6246883658177498,4,0.2916660055563368,247.1429018823565,23.35955239576131,15.740285492873824,0.1862882727995771
hardware_injection_000064,hardware_injection,1,1,0.8456766557078693,0.4496191563715362,0.5246394499397691,3,0.2809149188045514,264.069035377722,19.40598040516709,99.5774705363418,0.1823546823505354
hardware_injection_000065,hardware_injection,1,0,0.7723704655410534,0.2761665636888407,0.475086808016637,4,0.6337565374526659,222.84841975563688,15.130264293263632,111.35591608266874,0.1574506307177753
hardware_injection_000066,hardware_injection,1,0,0.6856464251714034,0.6064654017704038,0.6934147746390007,1,-0.1477112668595398,136.95102381947632,26.61775186029158,164.6141656345979,0.1648721212764925
hardware_injection_000067,hardware_injection,1,1,1.0,0.5710413374150224,0.5710413374150224,0,0.1403671785829531,270.6655733877644,16.35796211718965,108.90414333628628,0.1546083990884676
hardware_injection_000068,hardware_injection,1,0,0.9103603062545808,0.0376423356154333,0.2165253210451829,8,-0.3929523863682166,60.0,27.85800422587917,82.48336878309969,0.1407568176837565
hardware_injection_000069,hardware_injection,1,1,0.8858019061183098,0.5131210986876195,0.6234010996530354,1,0.1051405938317558,60.0,23.609372955465997,129.30659795929557,0.1650779177249985
hardware_injection_000070,hardware_injection,1,0,0.6302800251470833,0.0417542447633603,0.3916058243072143,5,0.1705509166401995,120.92624187401506,22.220945011600413,158.08156410437,0.1463451294078146
hardware_injection_000071,hardware_injection,1,0,0.6311645098232304,0.0813676855238315,0.4550590249408355,5,0.550681701056784,60.0,25.230741370986077,98.43630596928676,0.1437199040818463
hardware_injection_000072,hardware_injection,1,1,0.8060386929403527,0.1137706383977247,0.3349051469664204,11,0.7463356331534112,228.3295623272981,15.448766398424302,76.92818757458848,0.1557781893725549
hardware_injection_000073,hardware_injection,1,1,1.0,0.1915909012829435,0.512847513105146,6,0.5005062335590876,238.6577173141638,26.659865289030865,111.91645862698928,0.1254946679429805
hardware_injection_000074,hardware_injection,1,1,0.874101233641048,0.1461901618267019,0.2120924218882011,1,-0.1438705110489085,189.43340530121745,22.33768815866239,132.2354362179175,0.1443924096537384
hardware_injection_000075,hardware_injection,1,1,0.9957320353789167,0.3242559954764179,0.5926134287463292,5,0.2655611896828966,230.21690817387733,22.14987986436945,71.44684767307508,0.1765669842485376
hardware_injection_000076,hardware_injection,1,0,0.7398779970767663,0.6062779665742553,0.6062779665742553,0,0.1021083151819737,60.0,23.989241852509963,71.31381439142226,0.1376639535077813
hardware_injection_000077,hardware_injection,1,1,0.929549743437665,0.2462727635281225,0.3308841606184624,-5,0.401540998483378,356.4028284679368,29.90012049637149,119.59846250127758,0.1489612611462009
hardware_injection_000078,hardware_injection,1,1,0.8806293802352265,0.0017627191102127,0.2870779912255876,8,0.3564953806129906,63.2312083286368,13.69068134323616,62.467716293866566,0.1328281043389061
hardware_injection_000079,hardware_injection,1,1,1.0,-0.2356477227434751,0.6424675570092157,11,-0.0605810329463564,204.8427812004472,19.40684224765215,111.02639842732673,0.2036373780597623
hardware_injection_000080,hardware_injection,1,1,0.8696134262865126,0.3735444214273199,0.4350721571923168,2,-0.4960355913657856,208.2989512715919,17.932807400581293,147.54444424188927,0.1488869070641215
hardware_injection_000081,hardware_injection,1,1,0.8642734921867203,-0.0024928289650125,0.2238341482775249,12,0.279478992783058,254.60439376652903,17.83045883168277,66.95993601356838,0.1497862966493909
hardware_injection_000082,hardware_injection,1,0,0.6903163671521757,0.4634571340318812,0.4634571340318812,0,0.6592137865975221,134.15429866217306,6.0,154.65085318011126,0.1437515357806783
hardware_injection_000083,hardware_injection,1,1,0.7843000872739172,0.3727525468604633,0.7058714002532026,5,0.1283099206699268,249.3308920546444,31.942980441006277,127.41003443748012,0.1821122174367657
hardware_injection_000084,hardware_injection,1,1,0.9084372731242774,0.1277261261021694,0.3189755592170555,5,0.5384917609138099,256.1895703397772,21.693052684022224,103.30521181864424,0.1564239043663085
hardware_injection_000085,hardware_injection,1,1,1.0,0.3132627247914658,0.4758734578881082,9,0.7157479142727152,60.62620544291124,29.18799102656817,63.346832699525095,0.150682093708434
hardware_injection_000086,hardware_injection,1,1,1.0,0.2282831566873814,0.4412100997055237,5,-0.171346780963455,371.35597558990526,21.332851756069985,27.450069450762285,0.1373011705381202
hardware_injection_000087,hardware_injection,1,1,0.97479961731333,0.5912476496722742,0.6688865982617823,7,0.805414798405826,144.45179745045124,32.29185075832578,61.746255902463375,0.1948446511167354
hardware_injection_000088,hardware_injection,1,0,0.519501551830525,0.2769003926615051,0.5037739486769564,4,-0.2814515747888513,269.4891736779939,17.906533881910676,28.01433694499859,0.1333770561030294
hardware_injection_000089,hardware_injection,1,1,0.985880153776247,0.0732593600366562,0.3419645954742474,5,0.3394430455607325,123.67951698225724,29.407191744159874,25.74703682988333,0.1657471320668842
hardware_injection_000090,hardware_injection,1,1,0.7921399572122833,-0.0775615813875404,0.4005772217061666,-15,0.0356215609501403,60.0,11.42449626078232,118.03393600483264,0.1391500993361034
hardware_injection_000091,hardware_injection,1,1,0.920712367859702,0.0938831969264266,0.3240405506800606,6,0.0725830082043163,183.33888823785315,21.03669531773325,87.12757786421324,0.1438312576313526
hardware_injection_000092,hardware_injection,1,0,0.7599523556384707,-0.2449856087937483,-0.0239355178867898,15,0.1620002634090262,94.83417970816178,16.445111267996523,72.80699248333161,0.1360711033784152
hardware_injection_000093,hardware_injection,1,1,0.8569694148523942,0.4080574636510013,0.531438460891372,3,-0.0335172782854238,206.33230546208256,22.42621546534256,202.3339247947361,0.1707216561401262
hardware_injection_000094,hardware_injection,1,1,0.93093418698759,0.1099933690268954,0.3039808558225389,6,0.1974758600636834,210.24642468046375,18.489930190015077,106.35164039399253,0.1207125136368278
hardware_injection_000095,hardware_injection,1,1,0.9179676061013238,0.6436994562064658,0.7106921652643702,2,-0.6348841896026932,134.58257205681826,23.78491159446881,116.97188779664152,0.1961249883902423
hardware_injection_000096,hardware_injection,1,1,1.0,0.1274195457856005,0.5219590983019988,8,0.708255832437174,239.38432427498367,33.376471060014026,101.21012178454464,0.1578662414669381
hardware_injection_000097,hardware_injection,1,1,1.0,0.1360799513622508,0.2805423032185057,-11,-0.0356034897787413,253.9568936359216,21.141940053888145,24.8715326615295,0.1365282809384586
hardware_injection_000098,hardware_injection,1,0,0.725895457431306,0.4760160693538434,0.6011087315902507,-12,-0.0833806383503565,304.2261852459191,29.15508832608524,150.81224763445854,0.1774493139278793
hardware_injection_000099,hardware_injection,1,1,0.8900428511106006,0.2646310084835535,0.5535747382710292,4,0.4530067183865914,222.14778268465508,13.398684785999857,155.33061257997997,0.1708531789205608
hardware_injection_000100,hardware_injection,1,1,0.9220488177242168,0.3626550875653001,0.568882076541909,3,0.6188900196628528,236.13381711831948,10.28969400633616,40.51245686662975,0.1451824979795138
hardware_injection_000101,hardware_injection,1,1,0.7947469923777513,0.2115611507585443,0.3420460850073989,8,0.4897375126545504,344.49817906045007,24.6633415496672,52.09398910942153,0.1367667572181743
hardware_injection_000102,hardware_injection,1,0,0.7657100489965675,-0.0035704716852065,0.2895729157540221,7,-0.1078342400249171,175.0479170747585,22.020242853864477,0.4800160759354668,0.1709349992063719
hardware_injection_000103,hardware_injection,1,0,0.6342866503237418,0.2323372099626849,0.3309565361494204,2,-0.1159267208055276,135.76641969522225,14.768862692914425,36.16588092564285,0.1227250279569653
hardware_injection_000104,hardware_injection,1,1,0.989099034263598,0.3815640248285829,0.6155736992093384,6,0.1699373921370875,214.0356073087101,9.656234433353358,97.38605252761016,0.1955919143906586
hardware_injection_000105,hardware_injection,1,0,0.7513602348032055,-0.2672514680743429,0.7082715725818456,10,0.5859620221264673,517.6548001327117,21.61685010446154,60.81027595145553,0.2002657989617568
hardware_injection_000106,hardware_injection,1,1,1.0,0.7379866744225113,0.7379866744225113,0,0.2438244318413578,173.4217330402221,34.28137447128559,104.40097225175091,0.1735566137872757
hardware_injection_000107,hardware_injection,1,1,0.9278029420987164,0.2983747738435765,0.3063669781554739,-1,0.7013049013177819,243.61054629537085,20.70506400606911,125.2264551513952,0.1528440231056584
hardware_injection_000108,hardware_injection,1,1,0.8425449538967312,0.1271849361363697,0.3093437942719025,7,0.0078636237522973,162.10488762230386,29.005946509779054,0.0866137149617714,0.156443097253771
hardware_injection_000109,hardware_injection,1,1,0.9078708822640824,0.1852147719221826,0.3565722475768708,4,0.5840726355227916,358.1926365551798,23.00554703284663,47.83015964747234,0.1570576200296256
hardware_injection_000110,hardware_injection,1,1,1.0,-0.1570077840515644,0.2527456240506782,10,0.130103769953719,60.0,13.904476944911504,7.76235567739414,0.1370096723989086
hardware_injection_000111,hardware_injection,1,0,0.734273508656782,0.2255330806592452,0.4667551400616336,4,0.3097018696928129,278.03564311197295,9.803568582666117,90.98911835377358,0.1250793003804836
hardware_injection_000112,hardware_injection,1,1,0.8763609042149016,0.0200189341321515,0.2449896232182578,-11,0.2678117358662642,217.72975909228924,18.958075507621203,126.63996613951576,0.1698883327957899
hardware_injection_000113,hardware_injection,1,1,0.8960158825924389,0.3948764329592434,0.4338397375737295,1,0.3999572361260978,209.27073363480585,25.159182109309715,14.969766738852485,0.1688931657202557
hardware_injection_000114,hardware_injection,1,1,1.0,0.1264877756582206,0.5580730071039259,7,0.6897448971511948,288.04735524518577,28.532377910061665,19.31273969016836,0.1586750840560688
hardware_injection_000115,hardware_injection,1,1,0.9291833329403204,0.1631858479187577,0.6317481046544768,7,-0.0153929130750562,270.3713001935186,11.554438656665544,17.62516896773605,0.16691794980226
hardware_injection_000116,hardware_injection,1,0,0.733831718756497,0.4875874639615494,0.6081417263561794,3,0.6705502509091529,166.18079568113154,15.69663458465664,113.73853327405908,0.1976847022646012
hardware_injection_000117,hardware_injection,1,1,0.8574579530526684,-0.0775790669943693,0.4878497610331233,9,0.2057927059675589,192.7727889023867,18.5649662166998,153.55338710946037,0.1499980814086389
hardware_injection_000118,hardware_injection,1,1,0.882307510531599,0.3632390097439851,0.3989025156209613,1,0.2614751257454654,333.7045793392922,28.490780766933646,43.550749292493975,0.1687298628832883
hardware_injection_000119,hardware_injection,1,1,0.9039216936845678,0.0302597684647843,0.3390100315903901,-12,-0.4155046204420135,257.4930463300184,19.546896943233765,48.0003467066262,0.1300696231979751
hardware_injection_000120,hardware_injection,1,1,0.9253957923748946,-0.2132545828344607,0.4067713387575247,-13,0.1145392223177185,234.3805222093584,26.60606372621112,107.7814633493102,0.1457812283081367
hardware_injection_000121,hardware_injection,1,1,0.9758535740924,0.2019706150218045,0.2579781898799435,1,0.1726138604240942,203.4743108374257,18.40212389249463,23.69511485762737,0.1566800137136121
hardware_injection_000122,hardware_injection,1,1,0.8201541147102743,0.2796555107999577,0.3855420670403587,4,0.5263126293819411,110.4194127931286,16.29789668532272,91.71734832256011,0.1265539197578964
hardware_injection_000123,hardware_injection,1,1,0.8592948340711624,0.0645100989640962,0.4265313198043517,7,0.4210056595733729,251.1960949834564,14.337513618593556,17.585259497815812,0.1454386666821049
hardware_injection_000124,hardware_injection,1,1,0.9023060942550276,0.3905209569750152,0.5934985173096312,6,0.3614728052422021,211.25154846479847,15.762353431849148,5.206811177416839,0.1569997574183866
hardware_injection_000125,hardware_injection,1,0,0.6804118821773274,0.2945887027005608,0.5416155846031668,7,0.2245822020952068,69.93447338439663,17.927452990214185,87.94684700246462,0.1757028685497618
hardware_injection_000126,hardware_injection,1,1,0.798553998211892,-0.0232418301510356,0.3625119562587042,10,-0.101530780825699,208.63476151299508,23.952775828621885,152.52077037086934,0.146117439872952
hardware_injection_000127,hardware_injection,1,0,0.7415416157578429,0.0381239417787728,0.3822433399451841,12,0.3080938277810437,60.0,14.913415177013457,5.325420099821216,0.1434181339164212
hardware_injection_000128,hardware_injection,1,1,0.8964383244190911,0.15075152866656,0.6105688045095897,7,0.2055828353922751,182.5401360612755,27.47806546898019,86.8367322018967,0.1635855735781164
hardware_injection_000129,hardware_injection,1,1,0.8439511077463135,0.4467446104223552,0.6632208427570379,4,0.2882933201620413,333.32268607532706,12.603446721770148,9.424485600583964,0.1855873223552201
hardware_injection_000130,hardware_injection,1,0,0.8855567487631775,0.2593999585817358,0.3753779989115219,3,0.3306500780198598,189.47885655919717,12.235711776138173,79.9946387133231,0.1335798241185252
hardware_injection_000131,hardware_injection,1,1,0.9070346371248892,0.3875250216407043,0.3875250216407043,0,0.6588971456974249,124.752379405696,9.86601727132047,43.33051301932387,0.1561336122210739
hardware_injection_000132,hardware_injection,1,0,0.7026240523348715,-0.1474229251808637,0.4071296424496654,12,-0.0001807253178748,337.5784323189,25.189026647533854,67.75824649070589,0.1731907377726198
hardware_injection_000133,hardware_injection,1,1,0.8461393114504345,0.1480614297023285,0.6152127463776372,7,0.1690332093863855,157.9469011037611,17.619787874473346,62.03040866179062,0.1818564803517705
hardware_injection_000134,hardware_injection,1,1,0.864619237391937,0.0080277526317041,0.6069130982047747,7,0.3299314539446578,150.41023231909287,23.080077835465957,100.79357429032537,0.181802421251005
hardware_injection_000135,hardware_injection,1,1,1.0,0.5692540579623172,0.6229755555580254,2,-0.0728630625290298,308.4280395538132,26.665400311518283,103.32799273236752,0.1629681497262634
hardware_injection_000136,hardware_injection,1,1,0.8292120705804076,-0.0379434876542014,0.5631457947488175,7,-0.0633527769820376,311.3226160432443,18.62477248763435,41.59965483132508,0.1765607288588053
hardware_injection_000137,hardware_injection,1,1,0.8961963880267255,0.1880721959470355,0.3580005676173943,9,0.5183526415741291,421.91425391034943,24.26916650753656,144.8721040034628,0.1282862424774763
hardware_injection_000138,hardware_injection,1,0,1.0,0.053611925540659,0.2713692705413142,12,0.8561380790590345,60.0,16.015299967701296,12.37816101509361,0.1480465506193768
hardware_injection_000139,hardware_injection,1,1,0.9232351835757316,0.0104142784451704,0.0198772114706149,-15,0.5222669665721358,240.15312703842216,23.57330035641929,52.40709411444463,0.1257689260600682
hardware_injection_000140,hardware_injection,1,1,0.7996709890233762,0.043195572196899,0.0439527292436677,-1,0.0591128135369011,217.06189714611256,12.151249179323802,70.22861715717136,0.1421894991832895
hardware_injection_000141,hardware_injection,1,0,0.6949274542950948,-0.0909061445842557,0.6883377335877126,6,0.219603907009641,312.8335830179818,10.016232287184444,59.84160977191162,0.1831728857807832
hardware_injection_000142,hardware_injection,1,1,0.8653634761983435,0.653012174844354,0.7342123316592479,1,-0.0792243802896098,234.9550659033493,26.761712166084703,11.370488130424818,0.1824101845891336
hardware_injection_000143,hardware_injection,1,1,0.9870293675557872,0.3345503358436473,0.6598824555034074,4,0.2833396729783706,141.01072364580955,25.873725356822558,40.15568786322526,0.2142047874820152
hardware_injection_000144,hardware_injection,1,1,0.970175253300396,0.2506615220035826,0.3375901715802407,4,-0.3882475123782582,320.1945990522396,14.762235636797245,65.94385134765768,0.1427750408567969
hardware_injection_000145,hardware_injection,1,0,0.7390966579220432,0.0673759720576899,0.0955107415633608,14,0.4491845243647965,245.41644713485417,29.025263905894487,96.66670348842658,0.1417687921652791
hardware_injection_000146,hardware_injection,1,1,0.9397822791329864,0.2419747279972346,0.6790941513561637,5,0.437632070624329,126.37272566655572,21.102101780908505,7.46013755760228,0.1838406615160286
hardware_injection_000147,hardware_injection,1,1,0.834710033473483,0.3628205193458835,0.8269165126565461,4,0.1225685883238861,243.3649659276616,17.07006718720322,79.08621016950505,0.2106415183476506
hardware_injection_000148,hardware_injection,1,1,1.0,0.3296188452265109,0.4270758511434383,2,0.1965721393773945,321.9053401451972,17.90278870987196,150.25512614454783,0.1775270446550773
hardware_injection_000149,hardware_injection,1,1,1.0,0.1136648034027337,0.159167319403081,3,0.4245270064129997,146.9275096507214,23.644476689921017,147.19046546816446,0.1305171796857235
hardware_injection_000150,hardware_injection,1,1,0.970929652075798,0.5292477922391094,0.5745328396796081,2,-0.0703275790338597,186.0191820428455,11.544397088800212,24.18112673731254,0.1815214186080141
hardware_injection_000151,hardware_injection,1,1,1.0,0.5098869902827413,0.7142802410420406,4,0.5489972196076676,190.4235041239134,16.716931645201768,97.50826726848194,0.1943465545115048
hardware_injection_000152,hardware_injection,1,1,0.8412573986871625,0.2619996768397775,0.447990030121923,-6,0.2010057375024022,160.9374311077526,23.39437831452626,162.15830655037132,0.1296234998656486
hardware_injection_000153,hardware_injection,1,0,0.7277254709049901,-0.1057556206193375,0.3079782030496211,8,-0.1255668022136892,166.47293329009693,21.57541441968838,52.36376377787866,0.1803894812707913
hardware_injection_000154,hardware_injection,1,1,1.0,0.1031172606778873,0.224971393680079,-4,0.6858395167954235,168.322359235893,22.609336722818544,85.61823542211445,0.1650275014649966
hardware_injection_000155,hardware_injection,1,1,1.0,0.6288670579698444,0.6679049922404214,1,0.1901485173843689,290.34208709832933,27.44981826136411,38.00214019968116,0.1739469364182123
hardware_injection_000156,hardware_injection,1,1,0.9589691281472597,0.2028116824213775,0.3610183279860394,2,0.3653110900908309,319.62638015605467,32.888894988387044,103.80084754914785,0.1232369061196714
hardware_injection_000157,hardware_injection,1,0,0.7342239340316525,0.1660485427622737,0.5313907657449084,4,0.5016334676962271,280.16818946175124,16.188868542504554,69.37438870902024,0.1679751925049711
hardware_injection_000158,hardware_injection,1,1,0.8900173632723912,0.3624842607045544,0.566391397899746,3,0.3069611250599912,60.0,34.62319504189564,30.484097739359505,0.1332308824769662
hardware_injection_000159,hardware_injection,1,1,0.9722930858704708,-0.0540051002285496,0.2491412075220883,8,0.449122260732802,77.6944174365467,28.1878170811274,80.16398919764762,0.15127665056146
hardware_injection_000160,hardware_injection,1,1,0.9784251786327444,-0.0161664803939943,0.4911006980206193,14,-0.1769574386872573,249.33457769676392,27.181257449817057,109.69448255747356,0.1628121785602537
hardware_injection_000161,hardware_injection,1,1,0.8372072000138031,0.5039430717216336,0.5462545468496101,1,0.2672470868293179,145.82156013983035,14.502189535231167,111.99781681636672,0.1729584103314144
hardware_injection_000162,hardware_injection,1,1,0.9332507260446726,0.5024947095396775,0.6800424108923484,2,0.0331825846801141,287.96334140988506,20.31889726255153,66.92007133071019,0.1761095360021056
hardware_injection_000163,hardware_injection,1,0,0.730631532836616,0.1449267700556549,0.2541322962307419,-10,-0.2090614688481756,121.15662885504032,30.185149255044387,21.030209267219035,0.155666409032041
hardware_injection_000164,hardware_injection,1,1,0.9513434793134036,0.1921555413539666,0.5003313687594054,4,0.3310240790186703,341.29971442636065,14.245485647393489,14.674321563886522,0.1358751551357823
hardware_injection_000165,hardware_injection,1,1,0.925067855095392,-0.2256067030609312,0.5318996181740424,11,0.6322456906373779,195.1340863093467,23.988807012384363,7.585647181504541,0.153099664469673
hardware_injection_000166,hardware_injection,1,1,0.981356559992201,0.2913334445952869,0.4291140506914228,3,-0.3529052742712802,148.0025844962182,15.661182496667251,182.41889860594503,0.1194698034978902
hardware_injection_000167,hardware_injection,1,1,1.0,0.3842276333734689,0.5031837598413085,1,0.0850268477980468,312.93707359996426,23.845327545498783,106.54298637011182,0.1651258453402448
hardware_injection_000168,hardware_injection,1,1,0.7965161732223708,-0.1526925377914798,0.1445364364307414,13,0.3289222776593,162.54082627062758,22.55360815706759,171.8807447280205,0.1442654405022531
hardware_injection_000169,hardware_injection,1,1,1.0,-0.2882996513635538,0.2384897882974146,13,0.7207900473005335,159.11144983329504,21.65856363863413,88.42081504339939,0.1543195719879768
hardware_injection_000170,hardware_injection,1,1,0.9617567326439098,-0.0298600432933215,0.4621744077995718,5,0.701932985093186,60.0,6.0,51.46048276390562,0.1840807690805926
hardware_injection_000171,hardware_injection,1,1,0.9012372403010602,0.4414106743334437,0.5261729973810181,2,0.4262493587008349,60.0,31.90811660418442,139.24238430381033,0.1841547831924758
hardware_injection_000172,hardware_injection,1,0,0.79260188206957,-0.0334356529941472,0.4187669165192362,11,0.2044673094713289,99.88998693211968,28.92447553310801,127.29078627335856,0.1379950963482994
hardware_injection_000173,hardware_injection,1,0,0.6682264729121219,0.0566257372725961,0.2280899410407753,7,0.5816989315362516,210.4283350658652,28.149729039048168,5.543961337748939,0.1720580822484117
hardware_injection_000174,hardware_injection,1,1,0.982191501515727,0.2744689017466933,0.5539970558144882,6,0.6460265819459534,181.1645014299412,32.363920040516255,56.87787423945045,0.169492890114185
hardware_injection_000175,hardware_injection,1,1,1.0,0.2839403347387692,0.5480294144870889,3,-0.0180372789602038,129.09886157553694,23.141847037190495,154.39875960803715,0.1684609431150404
hardware_injection_000176,hardware_injection,1,0,0.7633803889863808,0.0194274939169167,0.4089068435172145,8,0.7596079846408539,332.0106456148583,16.505594160008684,194.5441265180457,0.1405079559514731
hardware_injection_000177,hardware_injection,1,1,1.0,0.3848680786211098,0.4896449112842391,2,0.3232949459886228,60.0,27.077247800842382,246.13841947170903,0.1285317348330439
hardware_injection_000178,hardware_injection,1,0,0.7077149449301324,0.520328850169742,0.5341603594467865,1,0.6002972424632709,89.13720740343231,31.365690971300417,179.77596681397966,0.1404267814014954
hardware_injection_000179,hardware_injection,1,0,0.7641488765338444,0.3962532860713894,0.5065818151618947,8,0.648658679154945,228.51734151430568,24.37206251091668,46.476304856722585,0.1444457469210843
hardware_injection_000180,hardware_injection,1,0,0.766472431250484,-0.1023060612629534,0.5440292485157718,7,-0.0100371559625587,183.2433011217803,12.094131427054169,87.23714738350905,0.1711475952770005
hardware_injection_000181,hardware_injection,1,0,0.766660391010296,0.0110086056965816,0.6447819497496944,7,0.3843639137868979,164.27315625535093,22.35699217036391,79.90738628933775,0.1521009457152293
hardware_injection_000182,hardware_injection,1,0,0.9124589286211467,0.1682574721699805,0.3950690730432014,3,0.1204342991328381,60.0,26.24886580058137,123.65446632664865,0.1494447684000206
hardware_injection_000183,hardware_injection,1,1,0.8575418227605828,-0.008004244827683,0.0992527817107238,3,0.7529739793005024,179.83347738227567,25.622470047168967,30.49527404510922,0.1278414497232939
hardware_injection_000184,hardware_injection,1,0,0.7725184950375766,-0.3892073406480801,0.3939587995231717,12,0.4688706879338979,314.7188279225044,22.25669860013249,81.51513801581623,0.1537215251458739
hardware_injection_000185,hardware_injection,1,0,0.7750659983152264,0.3289153613180504,0.426187598892301,3,0.6571321214038854,237.76028983516576,24.0514627184174,165.00057884553917,0.1459037448099861
hardware_injection_000186,hardware_injection,1,1,0.9054987741526722,-0.3175855000406294,-0.0236963043106438,-14,0.2342068142661622,193.9025844130072,17.758547210436035,68.28619239641984,0.1347179281690243
hardware_injection_000187,hardware_injection,1,1,0.7852935631248602,0.3774318531466003,0.4400328506931989,1,0.43845654999024,327.95914273541604,33.2646848777679,61.85982697690047,0.1697026546571366
hardware_injection_000188,hardware_injection,1,1,0.9531072301491006,0.1495995398858642,0.3372234366345561,-6,-0.1372760233663656,335.18091711083525,19.833578834075997,34.508183644344044,0.1554743507180285
hardware_injection_000189,hardware_injection,1,1,0.8391093850713842,0.0394385132682151,0.1597212666887301,2,-0.4367932889638296,245.4415504799995,29.59544662159913,98.09376343771096,0.1559541937889388
hardware_injection_000190,hardware_injection,1,1,0.7868331148621128,0.2428052839188161,0.5195579066676429,2,0.1330834554897996,265.5641853666949,20.139805562194507,156.93327716199832,0.1521734722420283
hardware_injection_000191,hardware_injection,1,1,0.8562539747938017,-0.1207416023212738,-0.0565568957071868,1,0.4189811933774567,103.13996675333551,18.26753246303587,80.40526297981505,0.1291357443254589
hardware_injection_000192,hardware_injection,1,1,0.8900849909149755,0.2792469292501507,0.3625112015272264,3,0.1057886023691988,360.065611215418,26.61846316815161,46.18696793639364,0.1383525576061925
hardware_injection_000193,hardware_injection,1,1,1.0,0.3430434860339093,0.5114254991553855,3,0.1957680528866877,272.9589615519613,23.518930059201093,48.812964161838,0.1585979287584943
hardware_injection_000194,hardware_injection,1,0,0.7321354629269434,0.6067777738646615,0.6631425003201431,1,0.8063236585189326,244.43907938027888,20.21438624619896,92.94924087376609,0.2057719384296941
hardware_injection_000195,hardware_injection,1,1,0.9076562807424068,0.5050027639386439,0.5346490054452265,2,0.3650290255733741,60.0,26.700897351494667,89.57143079987334,0.1627159791046631
hardware_injection_000196,hardware_injection,1,1,0.8552120605943313,0.5060978271004235,0.6040797271033332,2,-0.3438889610213647,243.48011621250748,21.602969711758327,9.4029273142,0.1506411071255576
hardware_injection_000197,hardware_injection,1,1,1.0,0.452857109043322,0.6651856738002535,1,0.6086595288791088,287.9331197324615,19.506269809174896,91.67977060176334,0.1694178198676877
hardware_injection_000198,hardware_injection,1,1,0.8949397197125896,0.4970508023451182,0.5594280967114396,2,0.415857520049997,60.0,28.310027890523106,17.065795487338278,0.1571555863645064
hardware_injection_000199,hardware_injection,1,1,0.8414638160642358,0.2957386331012736,0.550389958637378,6,-0.0794990319582905,157.6720943261428,33.633608262484415,79.87214380266742,0.1471687852022906
hardware_injection_000200,hardware_injection,1,1,1.0,0.1317554806599397,0.1458462243146904,1,0.2141483736155549,129.52259433462075,21.161258946300013,106.13126942230178,0.1339674412555375
hardware_injection_000201,hardware_injection,1,0,0.6844178922029015,0.2703124597092429,0.404150468478257,7,-0.2938880488989212,234.7052857670637,35.0,19.868482375201424,0.1647040108153166
hardware_injection_000202,hardware_injection,1,1,1.0,-0.0179138110821506,0.5343868087565404,8,0.1656691411944926,263.45202305022326,31.19525915478293,17.178444913238536,0.1739619978416456
hardware_injection_000203,hardware_injection,1,1,0.9896100449912372,0.1933304255411153,0.2423951078898408,3,-0.0288195405376604,406.6942823182756,27.6998238953754,154.26297586641437,0.1331745220871198
hardware_injection_000204,hardware_injection,1,1,0.8298985704733424,-0.0253702516029976,0.0408862763974925,-14,0.4961585452419867,155.29902841318057,22.56163614977397,56.77794312598894,0.1339602254408818
hardware_injection_000205,hardware_injection,1,0,0.7192420692414199,-0.0671481214423026,0.3590225338135696,15,0.5616077339452489,125.9891962864795,16.644213329235136,111.92843724131772,0.1523808497058165
hardware_injection_000206,hardware_injection,1,1,1.0,-0.1819166073047493,0.6443033595389248,10,-0.7179398110898787,202.3544675366817,12.527050185203649,94.45197628423216,0.1592623525084788
hardware_injection_000207,hardware_injection,1,1,1.0,0.4596154816414383,0.4863119203532545,1,0.2656337856423721,341.4231362995861,23.81782690353698,14.703897036548083,0.1486099701859738
hardware_injection_000208,hardware_injection,1,1,0.8000115429543363,-0.1600787770751062,0.3416602631486867,-15,0.1792208459034502,402.9497744320617,32.92263028204436,136.4156964124585,0.1254263254823464
hardware_injection_000209,hardware_injection,1,0,0.6792379651147776,0.3546330796750473,0.422433389166331,2,0.5730756051014377,214.17686475740717,24.463965469761728,118.03407211853116,0.1760645942813692
hardware_injection_000210,hardware_injection,1,0,0.9565612782892028,-0.1365532343427298,0.5330137774980188,7,0.122974890498347,357.5818261814475,21.83049102421088,66.17086891145375,0.1737183055611427
hardware_injection_000211,hardware_injection,1,0,0.7276528527883246,0.5289219928800601,0.5289219928800601,0,-0.4770223331873012,332.8874517501111,21.45912519611368,115.78204370204926,0.1657892504207578
hardware_injection_000212,hardware_injection,1,0,0.6742461114171411,-0.0174600644618171,0.6705981911453366,6,0.5334081051273996,64.09624814221789,19.63632013447288,110.12291785004476,0.1573970900113208
hardware_injection_000213,hardware_injection,1,1,0.9405063095159096,0.0546397895549072,0.3042130262871902,15,0.2168622485783641,193.8037668188806,19.14694849175099,18.894626191848253,0.1714192187275792
hardware_injection_000214,hardware_injection,1,1,1.0,0.4894029247679237,0.6079796873302457,2,0.7307436475838328,386.3865236090171,26.982701820241463,66.53283264177715,0.1654515821369394
hardware_injection_000215,hardware_injection,1,1,0.8988666349216445,0.0132736511545121,0.2248853260279131,7,0.1158752343716768,177.91028254656115,10.68908797447286,117.8362752322766,0.1514738489624136
hardware_injection_000216,hardware_injection,1,1,1.0,0.3284188934161989,0.4045507769510698,2,0.6581059788311971,109.8037221461014,22.213911580894123,33.466117352236495,0.1516446192842769
hardware_injection_000217,hardware_injection,1,0,0.700921389970489,0.4580959130109062,0.4897011669786078,1,-0.3781708998316061,99.26812826411688,35.0,211.3952831491009,0.1563425456980022
hardware_injection_000218,hardware_injection,1,1,0.90428824082621,0.310643065227845,0.5040109498784582,5,-0.3375908838721447,186.2429395473145,24.600849899543043,110.7925616842889,0.1731243926003317
hardware_injection_000219,hardware_injection,1,1,1.0,0.1947104375494797,0.4351494035303025,-14,0.4836219260670306,132.69751276450128,34.566588850327484,57.63357243426775,0.1389345352095811
hardware_injection_000220,hardware_injection,1,1,0.8187610885509825,-0.0800791080260843,0.584853310614421,12,0.1536578494892852,275.04695878914424,13.499793234587935,4.467905485281733,0.177800869147878
hardware_injection_000221,hardware_injection,1,1,1.0,0.1257288746440552,0.4389357701623956,5,0.125391884936028,305.62517236598217,27.46920657540177,85.7402895617526,0.1954861523162573
hardware_injection_000222,hardware_injection,1,1,0.887345842592518,-0.2537234766289485,-0.0069684797656447,-14,0.157424706428702,393.13339467778553,22.211399008961585,25.06110042938039,0.124225170023835
hardware_injection_000223,hardware_injection,1,1,0.9100164575027088,-0.1257002765252461,0.4870006036695337,8,0.561540056305972,338.77401706685384,21.397481592898124,98.2608675534492,0.1624360891483771
hardware_injection_000224,hardware_injection,1,1,0.8144760818866251,-0.226946511812854,0.2724713528118497,-14,0.5660124123123192,60.0,12.773886359062182,86.42244852378461,0.1534605062278837
hardware_injection_000225,hardware_injection,1,0,0.7538459844302703,-0.3570524784300655,0.067844605752633,11,0.0585595422394825,169.44079618576296,16.446180069289813,207.5545920963661,0.1535309216468776
hardware_injection_000226,hardware_injection,1,1,0.8752420860689655,0.296782011343656,0.4448011374179025,1,-0.021759081005874,331.64900650013703,18.613104158991668,31.80120880260668,0.1662016518651986
hardware_injection_000227,hardware_injection,1,0,0.7716601504675689,0.2232621613665757,0.3006348177251233,1,0.6716902546994585,112.77771515061946,23.684205646603264,91.57829831599588,0.1669334885127354
hardware_injection_000228,hardware_injection,1,1,0.923157429964274,0.116710006710592,0.2210148843460616,-12,0.0365109054581025,264.58843006993686,13.231181693977687,55.416710015612686,0.1343938989167132
hardware_injection_000229,hardware_injection,1,1,1.0,0.1355712691501205,0.498340044916378,5,0.4736287295261019,60.0,26.51689434482744,42.24709742936499,0.1499570202094833
hardware_injection_000230,hardware_injection,1,1,0.7893612789400442,0.2412796427562298,0.5460020241857794,7,0.2636947627729668,249.30340145881723,23.8902454947964,121.04935497893824,0.1664546090993673
hardware_injection_000231,hardware_injection,1,1,0.8127262837416762,0.5521936124004776,0.6382431259027032,4,0.6454196325881536,326.97385908123385,29.312045322952983,9.764738946906904,0.1448489201427906
hardware_injection_000232,hardware_injection,1,1,0.9016549862778852,-0.1032462362115482,0.40026441721877,10,0.3481006659021179,243.2364638128273,27.97580183938606,19.344749463218925,0.1576825364071969
hardware_injection_000233,hardware_injection,1,1,0.9657252048884706,-0.1917786726875372,-0.0710158038876255,-7,0.531924925383475,253.82548289151396,35.0,96.50879014656104,0.1653270182475366
hardware_injection_000234,hardware_injection,1,0,0.6370565670491186,0.7118117096947735,0.7118117096947735,0,0.3944408391557,262.5650525363546,24.25768816044356,122.18466844089347,0.1644618083155771
hardware_injection_000235,hardware_injection,1,1,0.9484872615964806,0.0834648901486701,0.1529941289003734,1,-0.121326169446091,259.5467626250255,12.208922369520774,29.956460716656903,0.1702372347512898
hardware_injection_000236,hardware_injection,1,1,0.9622812467355748,0.3235746705773063,0.3372371070994132,-2,0.2373297708389317,256.56677469027045,23.076239181279103,24.24846639778376,0.1539334640416108
hardware_injection_000237,hardware_injection,1,0,0.731158975805602,0.2165556800741886,0.3173983827918264,3,0.3453504094241311,225.13782134588828,20.03296063785088,118.6306241283374,0.1564410475836756
hardware_injection_000238,hardware_injection,1,1,0.9552589349704134,-0.1771826637748869,0.3888171810572514,13,0.7268211233227,155.67439336092713,20.840476910646164,15.967760834883222,0.1287531488336324
hardware_injection_000239,hardware_injection,1,1,0.8077501866846873,-0.0950334320278931,0.3070510351048622,15,-0.1422532283532943,258.5961270125848,24.56879691282588,114.94351295516076,0.134809352522833
hardware_injection_000240,hardware_injection,1,0,0.7432708619310061,0.4504723810976034,0.6188726032236664,2,-0.3338307085659605,188.0089387151339,13.258855262448858,142.3108512895989,0.1615546828505253
hardware_injection_000241,hardware_injection,1,1,0.8392408640264258,0.2085890917647866,0.5380653849683831,11,0.2591263577177676,276.0814646383445,34.70791946841715,60.03030967909741,0.162541046158378
hardware_injection_000242,hardware_injection,1,1,1.0,0.2355795554202005,0.2898888592607859,3,0.0132211326124081,319.93869962482466,33.42048310896585,11.59084540912707,0.1378599569449289
hardware_injection_000243,hardware_injection,1,1,1.0,0.6084624836179371,0.7213708109650374,1,0.7001562271424268,120.90103138307856,35.0,55.72910372199893,0.1893688520139714
hardware_injection_000244,hardware_injection,1,1,0.9488782613931768,0.4169721742749909,0.4731539818908685,2,0.4977046442502036,215.4498546381897,31.88301624721911,142.6602092395055,0.1647667551222522
hardware_injection_000245,hardware_injection,1,1,0.96133508239827,0.5090585488474051,0.5701187118409925,1,-0.3120091451572139,104.99409729045158,23.65515921431966,3.4983976053481314,0.1719170912960499
hardware_injection_000246,hardware_injection,1,1,0.9030460917653912,0.2252062417493007,0.2774754964882359,3,0.5644506344424796,60.0,27.053899934730133,88.32977529964528,0.1423634751984087
hardware_injection_000247,hardware_injection,1,1,0.9135284891475156,0.5393181136947063,0.5393181136947063,0,0.1359070039850029,346.5379058375257,22.752574005310617,18.23447830792267,0.1299838277373018
hardware_injection_000248,hardware_injection,1,0,0.686878691577196,0.1939848518735179,0.2896955390829695,1,0.7167882862494709,260.66079334192415,9.367431653872224,22.89946236954134,0.1301486478700522
hardware_injection_000249,hardware_injection,1,1,1.0,0.1770231755529759,0.3603494203730566,6,0.1565023909074948,232.1317832573934,19.333672110361345,102.73203416785512,0.1737505296152658
hardware_injection_000250,hardware_injection,1,0,0.7588904355713451,0.0784816564953468,0.3437548869063507,5,-0.4933549472977999,220.3395578763725,31.88099150296015,2.0550649659178504,0.1220367017164016
hardware_injection_000251,hardware_injection,1,1,0.936652416778574,0.0993522489680273,0.2479240741308457,7,0.3010296614411963,210.7608261374888,22.358820504610485,233.00554426194492,0.1341617670402805
hardware_injection_000252,hardware_injection,1,0,1.0,0.1173018369765008,0.2848041291665491,6,0.385877084741312,325.28069042869765,6.0,189.29385840147805,0.1319124531504843
hardware_injection_000253,hardware_injection,1,1,0.9441457973247234,0.3757323296681592,0.563605783850854,12,-0.4151524627654384,159.6810173764739,12.29501365787777,148.99581328492454,0.1611429722773333
hardware_injection_000254,hardware_injection,1,1,0.8388466473377202,-0.0181524509520318,0.7315764812987161,6,0.5239844192176479,352.50667455526184,26.864233658373067,70.59175104070601,0.1796245779642281
hardware_injection_000255,hardware_injection,1,0,0.7880868686653322,0.5557443129264708,0.740913698420188,4,0.0192915953511912,183.80035671929184,19.780143845620334,74.23790452269068,0.1653350842521239
hardware_injection_000256,hardware_injection,1,1,0.9511094922238336,-0.1102451613237109,0.3944997291183589,7,0.1157590068633996,221.0935287958104,20.413094389201618,53.03487862269404,0.1650484757523333
hardware_injection_000257,hardware_injection,1,1,0.909197094552431,0.2607361823564924,0.3781494663007035,5,0.6996493179134536,232.03884610385904,16.243450935787813,17.809856631963548,0.1522974869485718
hardware_injection_000258,hardware_injection,1,0,0.7027393669098994,0.147449944570416,0.4943900511181922,4,0.5181683029674862,245.7744172484501,24.467879032373403,10.177960392673484,0.1815228671962289
hardware_injection_000259,hardware_injection,1,1,0.8961363521958232,0.1913484999586125,0.297010213837667,3,-0.451593001118148,317.63803844877333,19.72364842058971,164.8150747205594,0.1286383693836263
hardware_injection_000260,hardware_injection,1,1,0.9019692390063188,0.2567716183422658,0.3619003241076728,4,0.0104374690119665,416.1648289783016,6.0,144.38004994496805,0.1505771664775069
hardware_injection_000261,hardware_injection,1,1,0.985273757497652,0.0048611923596481,0.4159964461025206,8,0.0292078896222696,269.8916647112753,14.63928170538814,23.035563900528693,0.166173723030639
hardware_injection_000262,hardware_injection,1,1,0.8603531379253639,0.2555568117404726,0.3528574709055554,7,-0.2195449331149369,284.9291042507342,25.811657705585684,39.36353812672815,0.1734779983218371
hardware_injection_000263,hardware_injection,1,1,0.8304262810531015,0.1931899754666917,0.4747982456554288,8,-0.0505281675720557,272.32627051724444,23.24773436814929,140.43299418664876,0.1814611091427276
hardware_injection_000264,hardware_injection,1,1,1.0,0.4857283843994858,0.5639065624387337,1,0.0308191643764879,243.3628435135488,16.83792738394929,185.88076104129075,0.1726607482163631
hardware_injection_000265,hardware_injection,1,1,0.8193397831360074,0.2041214209405899,0.3573163147181737,3,0.3137332823786786,209.45271994942408,30.58909853466725,118.72075861371856,0.1791192319289598
hardware_injection_000266,hardware_injection,1,0,0.956075929879114,0.0278864698053324,0.7709816609773826,6,0.0944797811204269,288.2011503987675,12.969738701828618,98.56329420726205,0.1929523633210126
hardware_injection_000267,hardware_injection,1,1,0.893410131538505,0.170990464936982,0.3548656227870047,4,0.6629984892951327,281.1629982447133,10.284214166932946,97.37444130873234,0.1340130310260311
hardware_injection_000268,hardware_injection,1,1,1.0,0.0933157053730197,0.3079934208803422,6,0.0983309269365159,285.7304958543235,23.054226174070145,144.24173395116455,0.1304271038433737
hardware_injection_000269,hardware_injection,1,1,0.8057614424248825,-0.1081645304537503,0.5856856256069921,14,0.6945689360916669,167.01154787397886,20.04223255450406,114.63610265679482,0.1742604853644359
hardware_injection_000270,hardware_injection,1,1,1.0,-0.0688780670226515,0.362847381408338,11,0.3835247112394607,429.7699757172815,20.3300316032256,6.257416709255708,0.131892059348514
hardware_injection_000271,hardware_injection,1,1,0.911630998982257,0.6748248862237057,0.8186581308218068,2,-0.4589432113500462,271.46809511181937,23.716648224353506,38.64790402082676,0.2206528281679081
hardware_injection_000272,hardware_injection,1,1,1.0,-0.2212162794330236,0.3795512059761566,7,0.2289729090388272,190.7168709845371,25.95083164596923,50.84542770611941,0.1585840041222533
hardware_injection_000273,hardware_injection,1,0,0.7784045526482251,-0.2281471792663661,0.148831172078104,13,0.6488727671307106,228.8295955923283,6.0,35.72958313377271,0.1184760100495224
hardware_injection_000274,hardware_injection,1,1,0.9376329507586818,-0.0513186383388379,0.5715725084241507,8,0.2549225160087897,217.58934796274065,13.047360280980598,71.4872794525581,0.1808681580237193
hardware_injection_000275,hardware_injection,1,0,0.950156219226588,0.1302380525229466,0.2344341532364217,3,0.3966748410733225,60.0,24.47810064677417,30.250076488725306,0.1460013435229218
hardware_injection_000276,hardware_injection,1,1,0.9195302700744395,0.0780804086609076,0.4621378187082736,5,0.1365898498746053,154.337805144367,19.614829184367657,100.03784381298142,0.1629221309181547
hardware_injection_000277,hardware_injection,1,1,0.8412310127276554,0.4580305519813344,0.546099551675582,2,0.3315297918731434,290.0531861666642,18.805451535368345,179.64523810667956,0.1333678240796776
hardware_injection_000278,hardware_injection,1,1,1.0,0.1441283265598313,0.4382540097838027,6,0.201182873498869,243.91482611208764,29.48626804902195,147.59821415850803,0.1490549086412294
hardware_injection_000279,hardware_injection,1,1,0.9859085342939023,-0.0777920904054522,0.2475544423524925,5,-0.2334079907884858,271.58614587694166,13.840106493736084,29.891253794933867,0.1462855685377933
hardware_injection_000280,hardware_injection,1,1,0.8425998122781778,-0.0205402931893731,0.3691730711446389,12,0.5017162727954517,377.3517590888543,18.04183455372654,107.66493344513884,0.1330202207398406
hardware_injection_000281,hardware_injection,1,1,0.8885336488077252,0.08978885833557,0.1560064216615575,12,0.4436060055642578,199.7920341311823,17.481303314130578,57.73762863941752,0.1429349455209212
hardware_injection_000282,hardware_injection,1,0,0.7076469775118197,0.3513643660016012,0.4143254641468102,4,0.4449891646592746,231.22987307230125,11.35951514987418,55.27399389118257,0.1399126019481157
hardware_injection_000283,hardware_injection,1,0,0.5678339297463799,0.2495473524750338,0.4200300605202203,13,-0.0754271339428353,252.88738194492308,9.37270010466442,105.01238283901908,0.1662580488558468
hardware_injection_000284,hardware_injection,1,1,0.9668075335553388,0.3404584381617819,0.4208867928038608,1,0.2046467839053194,80.26137477365165,27.6115461541032,44.48013470896952,0.1283690543653783
hardware_injection_000285,hardware_injection,1,1,0.8625825673145222,-0.0509643085729117,0.1822233501291612,15,0.145383826572808,218.9270925091054,14.364580741184447,167.50290695133185,0.1384292151593059
hardware_injection_000286,hardware_injection,1,1,1.0,0.0040116900187018,0.3774549215299638,7,0.1705334771014157,255.40131840764397,23.77426908131328,70.31839868669016,0.1544115667978743
hardware_injection_000287,hardware_injection,1,0,0.7735995285403506,0.3757226717175164,0.4095075803458,1,0.1342878518918355,181.52559084889344,8.39320049432689,129.57309900504148,0.1652208735204629
hardware_injection_000288,hardware_injection,1,0,0.7972957200936487,-0.1564096864913609,0.5147961755254576,12,-0.0491877936983245,241.95124427362575,18.003041511023355,10.559174200715674,0.1636645515858162
hardware_injection_000289,hardware_injection,1,1,0.9861687614356582,-0.0424892391088532,0.3536647579946962,10,0.4371743385449982,105.82059372235248,17.233528769635683,48.2119333365587,0.1304396984609478
hardware_injection_000290,hardware_injection,1,1,0.9054602443229872,-0.2635643999957004,0.2297179841256436,-13,0.4221253120827214,146.22548897879744,16.78166999094665,154.8688521210707,0.1651388145388705
hardware_injection_000291,hardware_injection,1,1,1.0,0.1312761128837511,0.304118700016984,-5,0.4091144917433869,104.26096154119402,28.97523719280837,148.56795447239614,0.1621366065557453
hardware_injection_000292,hardware_injection,1,1,1.0,0.3019143547587453,0.4409113823005854,3,0.1721620601927078,259.2030090612237,21.815974720653955,51.40688883388263,0.1375549304546565
hardware_injection_000293,hardware_injection,1,0,0.9143296477716824,0.2684325452192135,0.5543748301799789,5,0.6170790529409033,224.6815067337371,20.03468740269536,48.19407950571454,0.151167639272789
hardware_injection_000294,hardware_injection,1,0,0.9279228982780966,0.2165133075534393,0.2882946045392791,1,0.1598793547796417,151.28552024345842,22.629619894020045,75.6342875365621,0.1547481592833713
hardware_injection_000295,hardware_injection,1,1,0.8948222928040556,0.0930465744281842,0.3395735011233842,8,-0.0678282274149063,178.009071616083,22.74290506357877,1.997472630736226,0.1578097388132175
hardware_injection_000296,hardware_injection,1,1,0.8485068490770136,0.1337699477982296,0.2398336480523631,5,0.4789423349234583,334.7868379882356,24.990682148420422,14.631080589522227,0.1384840633452567
hardware_injection_000297,hardware_injection,1,1,1.0,0.4737773799492267,0.5140715561668298,2,0.5670757625501646,221.36566955950883,25.703994544730115,35.423209022511486,0.1543108488300769
hardware_injection_000298,hardware_injection,1,1,1.0,0.1231034852105335,0.2976154456124454,12,0.6706503714137475,60.0,21.12283409279008,128.72837668758143,0.1323959174250256
hardware_injection_000299,hardware_injection,1,1,1.0,0.2236951539780051,0.3172627593892472,1,0.0320688560189078,309.8137089197622,24.045216751100845,91.70880961617826,0.143554780183335
hardware_injection_000300,hardware_injection,1,0,0.823964567789545,0.0881879659232033,0.3840277423684546,4,-0.291269969811548,221.04841633739363,20.404432914489085,28.824695256477824,0.1436226367822416
hardware_injection_000301,hardware_injection,1,1,0.8160494971179361,0.1563561103492989,0.3540286611155129,2,0.1558771795409693,360.11778847189686,6.54587626723983,151.8825007159745,0.1405230142650596
hardware_injection_000302,hardware_injection,1,0,0.931165158421538,0.2951236760353887,0.5032426946188476,2,0.5497592639839824,325.55839862472857,19.12267398866853,65.22937148274775,0.1509401606727327
hardware_injection_000303,hardware_injection,1,1,0.8506879745367611,-0.1818331416291916,0.3137284361451098,13,-0.1969083838730127,307.45492921424375,23.170909623001403,82.6237119192077,0.1622770746928111
hardware_injection_000304,hardware_injection,1,1,1.0,-0.0648843809082362,0.4003386447850355,14,0.517219670889944,344.96088341894256,31.587278923497596,12.892026417775682,0.1750330321497702
hardware_injection_000305,hardware_injection,1,1,0.8830882570553636,0.3299062671859913,0.5838822541244258,7,0.5851106244552149,148.6633145387279,25.81464991631387,109.68165454476772,0.1503995244934247
hardware_injection_000306,hardware_injection,1,1,0.8331700464243449,0.1808690547581471,0.6193800484128374,14,0.4343719695755381,251.0354542203337,17.22769911801645,118.39821315963546,0.1594079221773285
hardware_injection_000307,hardware_injection,1,0,0.8171294403441057,0.5968261888746037,0.679686038585217,1,0.440571872767145,342.8426363375819,18.97100418630552,1.0936836387779465,0.1941554556544023
hardware_injection_000308,hardware_injection,1,1,1.0,-0.0785782795926773,0.0518465786068544,4,-0.0981101590758932,416.4592740706879,25.50980297876554,142.94517511858572,0.1435027661960052
hardware_injection_000309,hardware_injection,1,0,0.8664549961639023,0.3145843017876406,0.3517787129485119,-1,0.5614922456877205,107.36236636597498,20.56236474442296,169.84508652716676,0.1705726560580199
hardware_injection_000310,hardware_injection,1,1,1.0,0.4895911152897356,0.5816727009553336,2,0.2565284829784374,214.39872055173203,19.696731169326483,94.97698733841312,0.1749889305610632
hardware_injection_000311,hardware_injection,1,0,0.7725687862358502,-0.1852689649851695,0.2197030064898601,11,0.4746582002991055,207.3176254221558,10.214693047361232,69.61772011599672,0.1748442979666946
hardware_injection_000312,hardware_injection,1,1,1.0,0.131284566857573,0.3982905313799919,5,0.5506848113757526,183.0948932434149,27.735549452185843,52.57334697661384,0.1789492650639574
hardware_injection_000313,hardware_injection,1,1,0.8071113276123834,0.2649773777620596,0.5229286318917872,10,0.58836020993529,123.01950529070736,10.820647582404783,180.16142388729452,0.1510895338650364
hardware_injection_000314,hardware_injection,1,1,0.8189748642142337,0.0691268717292327,0.2849793850494762,6,0.7072117500915496,199.2389303084888,15.742212719916566,124.04324203149773,0.1413999939109262
hardware_injection_000315,hardware_injection,1,0,0.8627569874706252,0.2014294232483328,0.275648711628462,2,0.3512442881724805,211.64678937222035,7.248633452160455,113.1040208891892,0.1744995662956296
hardware_injection_000316,hardware_injection,1,0,0.9043812129640812,0.3007026156963259,0.3752938198799401,3,0.1929525739832197,250.13228529328003,23.31711975419915,40.608231200728,0.1467134918561654
hardware_injection_000317,hardware_injection,1,1,1.0,0.2629753902542753,0.4781500913920199,2,0.4621873604625104,363.535838332157,12.7855112537337,77.40858825669426,0.1735096205989764
hardware_injection_000318,hardware_injection,1,1,0.9203085250732148,0.2756877776749022,0.5188635097196449,4,0.4610898771289183,201.07671584899856,7.032066506793507,188.1152764838447,0.1743068021613871
hardware_injection_000319,hardware_injection,1,0,0.958497988880512,0.439259288884175,0.649829802732698,2,-0.0602236251026643,109.2285161807971,13.189380844501573,32.3593627109659,0.1659364885095025
hardware_injection_000320,hardware_injection,1,1,0.9361166307907042,0.1075370957335024,0.4455572822996785,9,-0.0269123824718802,174.3886450285077,18.237426780804988,149.90850015177205,0.149502987235874
hardware_injection_000321,hardware_injection,1,1,0.794037153627235,-0.0070065092703121,0.3222447295577861,11,0.4796646166753771,249.45427304781708,7.195574109177018,70.64191879140154,0.1376870814991709
hardware_injection_000322,hardware_injection,1,1,1.0,0.6843606639012029,0.7170642120057381,2,0.130408173277752,341.4254972251592,19.54859775953318,52.79965854598773,0.2022239998222017
hardware_injection_000323,hardware_injection,1,1,1.0,0.3369966347788251,0.4834583483201248,3,0.233336277258061,151.5315152396276,32.84019688481752,227.0058563275071,0.1632128583307714
hardware_injection_000324,hardware_injection,1,1,0.8951083045872782,0.4780905389463645,0.7077138144298639,3,0.7126995093515156,60.0,23.684043896567893,79.26263895908974,0.1897214295787508
hardware_injection_000325,hardware_injection,1,0,0.8297890915362063,0.5328357676836046,0.5983686491209965,-12,-0.0125257631500545,193.76459423199827,29.42949819297925,61.00409564755378,0.1652384689969997
hardware_injection_000326,hardware_injection,1,1,1.0,-0.2357460530832118,0.3831226557248536,14,0.3957726970790751,188.2239221065817,15.243143568657056,43.49724884937188,0.1533043600595919
hardware_injection_000327,hardware_injection,1,1,1.0,0.4645729992935281,0.6018019017654239,8,-0.0304632141747803,386.68066020660046,17.580179446664303,137.88407903984643,0.1624460215317573
hardware_injection_000328,hardware_injection,1,1,0.9058985456165124,0.24186058343535,0.5867371048818374,5,0.1997547058050804,248.0096782626441,15.348495017972514,114.14259020793756,0.1694261180409706
hardware_injection_000329,hardware_injection,1,1,1.0,0.6353469465940533,0.6353469465940533,0,0.703552778007077,164.8428145528138,24.012167268759537,207.34975185525627,0.1756126344083456
hardware_injection_000330,hardware_injection,1,1,0.9806035153435096,0.3938086081316632,0.599030449667777,3,-0.1130657862050445,125.7589218671094,11.512010681624083,168.45810417561358,0.1570980963944401
hardware_injection_000331,hardware_injection,1,1,0.883143515939311,0.5048981338845282,0.562872983954634,2,0.4831303729333693,297.62878250158985,14.94820782949317,99.5762619676298,0.1482924281728991
hardware_injection_000332,hardware_injection,1,1,1.0,0.2493250604914085,0.280127096758958,1,0.1300762436457509,271.5076141902026,10.817477328918928,80.73498731984746,0.1400775491370575
hardware_injection_000333,hardware_injection,1,1,0.8080679244161135,-0.0200493056536843,0.0021486744909323,-4,0.3336371172957861,221.40916695908768,23.368800134739253,132.323373461785,0.1307787217400763
hardware_injection_000334,hardware_injection,1,0,0.6243267100336631,0.3507336880633103,0.519640072588458,13,0.7510796310071998,243.86716409611125,12.399551197528876,86.13366255671285,0.1697668853888718
hardware_injection_000335,hardware_injection,1,1,1.0,0.2976299271042593,0.3739068725098138,2,0.1481822189780519,167.08691320005653,15.898626618499108,133.29257598449823,0.1641559987694818
hardware_injection_000336,hardware_injection,1,1,1.0,0.2282069966561969,0.539903052241713,7,0.187866141848318,133.12451207501454,17.873416991251297,127.29240997968228,0.1548015296224804
hardware_injection_000337,hardware_injection,1,0,0.8013766395401525,0.0401628017814241,0.1814663743901422,5,0.5578767289436484,197.5861375293092,28.427808891494077,204.3241677344566,0.1502037663148592
hardware_injection_000338,hardware_injection,1,1,0.8588687682099232,-0.036248937440752,0.3098277827442564,13,-0.1439278982745459,337.8054929540715,17.048701971835882,91.18087668987692,0.1643558695352605
hardware_injection_000339,hardware_injection,1,1,0.9921608228992308,0.4345595983229534,0.6183650102507009,4,0.1171037237318019,67.11417233696321,19.13401361582408,62.01818193391965,0.1741042189779051
hardware_injection_000340,hardware_injection,1,0,0.9876290715450065,0.4225308589656165,0.4653037913165593,-3,-0.0400359649691862,164.9449265659677,15.43429076127991,182.95097487943184,0.1778038579373353
hardware_injection_000341,hardware_injection,1,0,0.9839018256319868,-0.1126584976565255,0.1611110918619933,-15,0.2735097545670412,157.7194172209026,22.71466218016233,193.12412000577143,0.1589134640226382
hardware_injection_000342,hardware_injection,1,1,0.836478177821916,0.6235271476244441,0.7013895639047727,5,0.470741943883012,292.4388429113237,20.523580273764043,106.02101075449444,0.179034752834053
hardware_injection_000343,hardware_injection,1,1,1.0,0.0006480409472612,0.2486252826333127,-15,0.2703331018546301,63.83863497400319,29.364080747028986,23.97388874693729,0.1409858750046105
hardware_injection_000344,hardware_injection,1,1,0.938813123440143,0.3765651500521874,0.6109224517987404,5,0.3337884401313649,127.63384781678668,16.357718542384013,77.69428299570782,0.1848351504882122
hardware_injection_000345,hardware_injection,1,1,0.9743072012030676,0.1522618099071969,0.2748987660403437,3,0.3267761499691128,93.53426832934004,30.64435962508804,162.81710798185537,0.1416481217711745
hardware_injection_000346,hardware_injection,1,1,0.9611088171708712,0.0930521052442367,0.3062213723427692,-15,0.2244336924189519,266.36317519624254,15.517435188947132,89.98189325450672,0.1617017551481465
hardware_injection_000347,hardware_injection,1,1,1.0,-0.0289844195630562,0.4051074410515976,14,-0.1868903905585722,277.09248058127315,24.220817952460926,152.0817600717794,0.1511853209987946
hardware_injection_000348,hardware_injection,1,1,1.0,0.0525652656890464,0.4899794502928078,6,0.0012374849419716,193.60292786854015,18.491883134577765,19.8762613744005,0.1588130402127791
hardware_injection_000349,hardware_injection,1,1,1.0,0.3650651125831347,0.6509549637389458,4,-0.172240486882311,334.82882366664256,27.658166295477585,163.9047130053065,0.1797743904399986
hardware_injection_000350,hardware_injection,1,1,0.9880352254356064,0.3418097749055988,0.4686600502813271,-3,0.4539085697674345,113.3435890807922,25.03823466330493,89.27312818483662,0.1463227560135173
hardware_injection_000351,hardware_injection,1,0,1.0,0.3348319370831527,0.5256459219039186,6,0.4411241679337808,198.54113324224733,27.25621917091535,22.10923916589273,0.1961959218505604
hardware_injection_000352,hardware_injection,1,1,0.8524351554257812,0.2310284836049329,0.2334158682885521,-3,0.3291602919390027,229.61319395421225,20.76630810903625,103.26974750014082,0.1272978074889022
hardware_injection_000353,hardware_injection,1,1,0.8421152433838975,0.2378603633139367,0.3276217668596956,2,0.629845409228945,145.76908576758254,17.859856079487688,207.30657410530196,0.1778533979717705
hardware_injection_000354,hardware_injection,1,0,0.7627156312433028,-0.0867348631326989,0.4909094056549473,12,0.431000620972661,94.0745097530447,25.35031140841211,72.59920890879667,0.1358236390243525
hardware_injection_000355,hardware_injection,1,1,1.0,-0.0882474649424612,0.8462594166550005,11,0.6377605223165715,301.93119359999383,20.122406351062352,184.5237383167584,0.2092792543653015
hardware_injection_000356,hardware_injection,1,0,0.916313194836702,0.1452200027089377,0.4317581969291141,11,-0.0460396654651465,243.51843450302405,27.367046472129825,159.4500516441953,0.1456485902699966
hardware_injection_000357,hardware_injection,1,1,0.8421613728446056,-0.2338945829544013,0.3260802541896079,7,0.2775950118268447,233.09509158601767,14.052870663684654,79.35167876273263,0.1606569124000459
hardware_injection_000358,hardware_injection,1,0,0.7476277645474031,0.5736047483110986,0.6772899139271923,1,0.3231767951007085,379.3843565403587,35.0,122.99286232035192,0.1665628427499802
hardware_injection_000359,hardware_injection,1,1,0.846295541078995,0.0272784449396553,0.4014440240342872,4,-0.2370692781848827,202.6634438159961,18.873377095325846,53.40817027444505,0.1895529532091269
hardware_injection_000360,hardware_injection,1,0,0.6501569830340517,0.0447868490815585,0.5437529911406396,5,-0.157700141644492,115.5405988726046,23.047513073002868,50.47825887738702,0.1484876868176533
hardware_injection_000361,hardware_injection,1,0,0.7652872285441181,0.5824663986972782,0.6910286669028985,5,-0.1455873035637926,282.622748335936,20.26594214619197,22.6678581986336,0.2018667688202617
hardware_injection_000362,hardware_injection,1,1,0.9171898527129104,0.4117094275564535,0.5472096595887787,2,0.6129862044223636,90.22743291460073,23.67990132589169,204.6589365482862,0.1964896836573244
hardware_injection_000363,hardware_injection,1,0,0.6984913571693481,0.0569929406568885,0.4884975003871938,6,0.1129381479275168,211.18917241546123,29.824700716126262,83.90043596120871,0.1703069745446055
hardware_injection_000364,hardware_injection,1,0,0.7220798169897611,0.1822928271724051,0.36376757662499,6,0.3446974328974235,282.74386051290304,6.0,167.36683404488954,0.1374889963351925
hardware_injection_000365,hardware_injection,1,1,0.8197028064287567,0.5750598434646915,0.8121488368910432,4,0.2117748564097669,319.6832540247034,28.07698812630725,17.597685182183852,0.1891544444443594
hardware_injection_000366,hardware_injection,1,0,0.6544796745294387,0.7279204680179575,0.7653630159988284,2,0.5742116505149087,189.5615216841508,25.651209242619487,31.481440791935093,0.2180773099995454
hardware_injection_000367,hardware_injection,1,1,0.9466898714523384,0.0788230812501606,0.2383290318473178,7,0.459795151048194,213.7853217376679,6.0,282.35490824561833,0.1122042550028602
hardware_injection_000368,hardware_injection,1,0,0.7211350376184635,0.3666875885155011,0.5745763673118347,2,0.1344362242115225,178.1971863074954,20.5303101567774,37.61042058778263,0.1520765180938252
hardware_injection_000369,hardware_injection,1,0,0.9365481841422716,0.2638849625013859,0.4305954258858535,5,0.523325175370098,307.3570223500128,30.6323496150511,26.37870506858213,0.1383277112754231
hardware_injection_000370,hardware_injection,1,0,0.9111994446089308,-0.0424110895655278,0.5937443976481102,11,0.5942845395692665,216.10742582784724,33.5619248997788,110.89599770012488,0.1988843576784701
hardware_injection_000371,hardware_injection,1,0,0.8539156473132967,0.5126202533677083,0.6072721270725623,-14,0.3903130381999876,277.210193021555,29.2454166718507,75.44504453105932,0.1939933545764088
hardware_injection_000372,hardware_injection,1,1,0.9861106746861544,0.1035066985903882,0.5561781820554061,12,0.3950516135501621,197.7274314092544,32.36125124133157,134.32585531350622,0.1409192828267585
hardware_injection_000373,hardware_injection,1,0,0.6097574345522865,0.0338259828229878,0.365696569281594,6,0.0657783219431979,141.73281436194043,11.48359396954146,215.2069056705471,0.1701912432700268
hardware_injection_000374,hardware_injection,1,1,0.8974131741134396,0.1768274249204402,0.5996785932801385,4,0.0142447841284506,109.250358557051,27.67417959227756,117.7312635973318,0.1693378719836612
hardware_injection_000375,hardware_injection,1,0,0.7444698358100712,0.0684382917750461,0.2907172952761654,8,0.0867741429948688,318.3914946564328,9.595022634162063,25.59890914118476,0.1079637536247128
hardware_injection_000376,hardware_injection,1,1,0.9282546639220765,0.6792388552241954,0.7171531186976958,1,-0.2507837924547584,199.87780791248963,16.862119339301874,44.38527409304312,0.1763642373020692
hardware_injection_000377,hardware_injection,1,1,1.0,0.6079213032283869,0.6079213032283869,0,0.1830849475079665,149.1521558621498,29.728703304161243,101.45254035117044,0.1506942914193896
hardware_injection_000378,hardware_injection,1,1,0.9691373200572916,-0.2327643540194735,0.7054685796923091,8,-0.0842235887432762,259.438952224211,20.76550015192557,118.06194027278045,0.1684819176196783
hardware_injection_000379,hardware_injection,1,1,0.9352498836788846,0.0271068042536555,0.075973305180039,-2,0.2444736171315748,76.87674365055335,21.827968831195733,18.55256629417447,0.1424374574152039
hardware_injection_000380,hardware_injection,1,1,0.7906436435975742,0.1033250675568571,0.6086739837281597,5,-0.2828879708794463,215.26642285471192,20.12607114894301,196.68728856314544,0.1967568431160727
hardware_injection_000381,hardware_injection,1,1,0.797892883749057,0.3006383728843365,0.3527677195812615,1,-0.307738805323653,136.92733016911112,12.671560612572351,77.65875201414683,0.149403957480875
hardware_injection_000382,hardware_injection,1,1,0.8651564174138026,0.65390192801836,0.65390192801836,0,0.2483770225100981,224.91425266492095,6.0,174.85330824999937,0.1661941735978785
hardware_injection_000383,hardware_injection,1,1,0.9793419297458016,0.0721421743794979,0.2174533688561371,2,0.1445195123636058,251.83182287335356,30.19879610806285,129.91053080601534,0.1565504739541091
hardware_injection_000384,hardware_injection,1,0,0.7260132877036005,0.1360314264365124,0.3016021336563029,15,0.765208775126811,148.93837520736815,19.135616867557616,157.0899371334229,0.1550114609106877
hardware_injection_000385,hardware_injection,1,0,0.7643986087473469,-0.1817884966182875,0.4191054096258232,-9,0.4893499907123198,381.0399197622789,6.0,89.0405867472331,0.1680088215964713
hardware_injection_000386,hardware_injection,1,1,0.8473305527809358,0.0859621246042628,0.3912674818195699,5,0.4946181578930649,221.482848544396,27.766069194708702,187.07495121654227,0.1326493212866571
hardware_injection_000387,hardware_injection,1,1,1.0,0.4135328237997907,0.4135328237997907,0,0.3521137384283548,230.75341196188117,15.500353179611963,150.3836332106605,0.1554625903910169
hardware_injection_000388,hardware_injection,1,0,0.8015245336541322,0.3143444943532028,0.33983028976276,1,-0.1952041943383831,124.2435951818894,13.032871131693884,119.56147546525698,0.1416994735113289
hardware_injection_000389,hardware_injection,1,1,1.0,0.3615010410255125,0.484422982476325,3,0.5029115318746001,86.350408802,9.711998884106931,215.9377595591123,0.1446599445254342
hardware_injection_000390,hardware_injection,1,1,0.910807227400572,0.5259981630473604,0.6800271643525662,4,0.6725225353871745,408.2758117462887,12.489192920025618,148.1690929152998,0.182872115139618
hardware_injection_000391,hardware_injection,1,0,0.7909812781844291,0.5358323576767344,0.6821587890526393,1,0.6941301772109557,178.10359707023406,17.02042536086115,22.19456338535865,0.1721974055100982
hardware_injection_000392,hardware_injection,1,1,0.8582902203847309,-0.0173455582057523,0.2521739880320021,6,0.3813220434094702,288.4353611493966,27.011672960826665,43.60748817700659,0.1417551587856094
hardware_injection_000393,hardware_injection,1,1,1.0,0.3398739162676032,0.3755308130829514,1,0.1218319327926398,258.99850175100414,20.53881050008747,48.197414743315306,0.138470436452655
hardware_injection_000394,hardware_injection,1,1,0.9769423184086312,0.292962449419387,0.3495651812157306,2,0.5619988491239261,81.90731800801407,32.244777110870324,153.9722978376847,0.1240571085620188
hardware_injection_000395,hardware_injection,1,0,0.7257237594257918,0.5160356472159843,0.631447847166714,6,0.1898112592601001,307.32226499049926,17.564463662849732,34.20867637014808,0.1670102635749387
hardware_injection_000396,hardware_injection,1,1,0.8837071500443954,0.4881327936742408,0.5888860284647383,2,0.5079334986760827,224.73821913189843,24.8007826796348,16.482385940385733,0.1700355156767024
hardware_injection_000397,hardware_injection,1,0,0.631910862035733,0.1467945344426811,0.5070119236479647,4,0.2401593024220126,160.07996525960542,22.450141365712724,92.9668712015918,0.1350045081347926
hardware_injection_000398,hardware_injection,1,1,1.0,0.6135529896372498,0.6623735112128845,-4,0.6777657472992812,148.78164261050583,24.838899205583537,164.67747356751246,0.1600552413851806
hardware_injection_000399,hardware_injection,1,0,0.806771671256919,0.1035872024250495,0.3174392644971806,7,0.7183760062660477,195.4877905646834,16.906086392104378,51.64191026025912,0.1336517465887858
hardware_injection_000400,hardware_injection,1,0,1.0,0.1705889828427092,0.4184138350321261,6,0.5700969671656348,262.7449876514672,11.98619534230727,16.719201158650037,0.1583378117030139
hardware_injection_000401,hardware_injection,1,0,0.7729470913892414,0.1798073778049413,0.3818748487987634,4,0.5535453097946552,238.2929356852717,19.03016867476019,16.494930801364816,0.1294954572519915
hardware_injection_000402,hardware_injection,1,1,0.9325791144905616,0.1966628062162194,0.4647253248983907,3,-0.0609131925716084,132.5420100353727,14.163449684882243,107.15358766457896,0.1475661055387012
hardware_injection_000403,hardware_injection,1,0,0.9539954527676898,-0.1454299988950654,0.3338715536132774,15,-0.2886082168380695,206.86198010316295,17.87911747980781,49.67591084998938,0.1328902813799185
hardware_injection_000404,hardware_injection,1,1,0.7865761876252847,0.2447925797846065,0.2582250350941466,-1,0.1460838934472289,345.61586628986856,24.79303340966859,53.80746120449928,0.1329626692642994
hardware_injection_000405,hardware_injection,1,0,0.6652906273012008,-0.0864984511349166,0.5248328113104456,12,0.619881209186991,131.2852567051362,30.102856124593043,57.18509817463937,0.1357992188987171
hardware_injection_000406,hardware_injection,1,1,1.0,0.1217451730078658,0.3127601773282799,15,0.699023561440494,345.4178166001654,26.91264643352699,66.79169167948902,0.1406808931060727
hardware_injection_000407,hardware_injection,1,1,1.0,0.5314260992844917,0.569850034969958,2,0.5487267845996464,329.6416438778227,24.81104201891604,130.34737665157235,0.1652396914011193
hardware_injection_000408,hardware_injection,1,0,0.9184735141478404,0.3930507305864583,0.5429774061120409,2,0.1783450611905694,362.5549508591589,30.463916256334294,47.43570041644285,0.1621427235652698
hardware_injection_000409,hardware_injection,1,1,0.8372170033138661,0.2834656211009994,0.4032610137119783,7,0.6795108414153965,262.00419694943577,20.544944113004277,66.20151896508872,0.144500036146895
hardware_injection_000410,hardware_injection,1,0,0.7518863466814302,0.2252637101457878,0.2983386132612397,5,0.4450353576477242,136.8622231195688,22.49884030020081,69.81233772952275,0.1520962476354115
hardware_injection_000411,hardware_injection,1,1,1.0,0.338870519793964,0.3608533245935967,2,0.3592135901309451,271.3627573090224,19.880391236240957,92.31053361582735,0.1689973674092576
hardware_injection_000412,hardware_injection,1,1,0.9704488056953936,0.6189131068722307,0.6774372833635242,2,0.6214602266999023,216.19283473912787,18.16857777673313,50.34756380517986,0.2060838137261958
hardware_injection_000413,hardware_injection,1,0,0.7605051654142084,0.1113232606368584,0.2143060195836279,3,-0.2840244930349498,269.2893553044533,20.439684617637152,181.7642887185821,0.17097299678191
hardware_injection_000414,hardware_injection,1,0,0.7717771323673616,0.4818368595535566,0.4909789769271301,1,0.5398070593419713,334.4871592222213,20.40834163242542,49.80388987363588,0.1545140405415538
hardware_injection_000415,hardware_injection,1,1,1.0,0.5296177131587714,0.5736497723490522,1,0.7112122411669275,60.0,26.280522095387543,168.56605747246277,0.1848634863598361
hardware_injection_000416,hardware_injection,1,1,1.0,0.179915651535819,0.4971153049583176,7,0.4029084226099834,323.2510395339977,15.931768414815192,126.58436895290228,0.1491238834303744
hardware_injection_000417,hardware_injection,1,1,0.8989461525249027,0.5809666213056457,0.5809666213056457,0,-0.0177175023701835,99.03033180567115,19.183494137947097,188.92764333572728,0.1493480974197214
hardware_injection_000418,hardware_injection,1,0,0.6231202282305951,-0.1678823984836804,0.6035202880167163,14,0.2431158271509481,323.6104525731673,9.762999869148874,167.85481649313118,0.1730782448463074
hardware_injection_000419,hardware_injection,1,0,0.6015252114185854,0.4027607476084368,0.553863908735505,2,0.6394032017520449,152.35686838829565,13.958582985425185,115.15045486459576,0.1517879859508502
hardware_injection_000420,hardware_injection,1,1,0.9165495714734496,-0.1185268947122816,0.3486335033172545,5,0.5980122377012972,130.20428842266466,27.012604842464214,102.07928992909036,0.1628413433661779
hardware_injection_000421,hardware_injection,1,1,0.8572950618920738,0.0395784238089905,0.4220233643896585,9,0.0790380241508818,186.1342828739264,22.99766877192797,90.83212576878188,0.1543956076121569
hardware_injection_000422,hardware_injection,1,1,0.8156505831234427,0.5435414856728978,0.5596380999358479,1,0.5410506693048509,185.8858197204616,28.89184076187617,7.1905090539763705,0.1674886789862685
hardware_injection_000423,hardware_injection,1,0,0.9690052686687972,0.255455820837553,0.5053490694273894,3,0.4730156539157695,346.0036947869601,15.434847748804918,79.00354944190663,0.1496736106019167
hardware_injection_000424,hardware_injection,1,0,0.6579457115486647,0.3642025578117014,0.3642025578117014,0,-0.0053362002876955,94.34173157952524,28.124641880263624,93.179825803079,0.1505888931474966
hardware_injection_000425,hardware_injection,1,1,1.0,0.0868632301986652,0.3754942217593328,-15,0.2581770760434093,164.57158682261377,29.166548519191693,14.196478004908355,0.1565592611231533
hardware_injection_000426,hardware_injection,1,0,0.7275015136156836,0.5680485603938571,0.6129173010996966,1,0.6950256858526468,188.17318731742748,21.44001301602514,104.47530108721756,0.199432938638236
hardware_injection_000427,hardware_injection,1,1,0.8534168708072788,0.3007459246565166,0.6042867357376004,4,0.4637898139896775,206.6415319349496,25.681814885991145,34.04508179790128,0.1432045692004748
hardware_injection_000428,hardware_injection,1,1,1.0,0.502910941833557,0.502910941833557,0,0.7024807259123,239.24043442797077,13.297297705281158,29.82922264349152,0.1402393924680306
hardware_injection_000429,hardware_injection,1,1,0.8356733056822825,0.0219022840010301,0.2459977539719717,3,0.4380258373173225,424.0387639974128,26.34155746358224,149.7708170836833,0.1157528058704304
hardware_injection_000430,hardware_injection,1,0,1.0,0.6557255762473517,0.6557255762473517,0,0.5196208816235215,155.85399532356283,17.361015263422885,48.1266303687314,0.1643073689954988
hardware_injection_000431,hardware_injection,1,0,0.7631321509195399,0.4261286842159504,0.5920674938827118,3,0.5513843191839529,223.6858916693405,24.91429009202719,174.31496802850927,0.1685852830305571
hardware_injection_000432,hardware_injection,1,1,0.9361174586836524,0.2657012832066873,0.3239012625250184,3,0.4206697541610231,214.86832277764617,6.854779860306934,30.48413420914289,0.1554131166896091
hardware_injection_000433,hardware_injection,1,1,0.8708814670918258,-0.0463489911037146,0.5049900227222915,7,0.2602797588976146,262.7544696724721,27.53314293414242,166.2172233826446,0.1670505107546548
hardware_injection_000434,hardware_injection,1,1,0.9395593022614396,-0.0687195467483416,0.4040347926956524,8,-0.0910891861079059,233.52187013494097,14.995278130606334,165.0871807823325,0.1517824240706806
hardware_injection_000435,hardware_injection,1,0,0.787860850674425,0.3015161041733208,0.3670757104365786,2,0.2590189495250614,320.7329479301469,21.34401432664036,81.95835259175738,0.167774950917157
hardware_injection_000436,hardware_injection,1,1,1.0,0.0539029851940069,0.3223898049545878,7,-0.1724156481395086,172.57184261704947,21.533576699083447,87.18720506037847,0.1438795676708827
hardware_injection_000437,hardware_injection,1,1,0.9403918902876278,0.1348061631202923,0.285750053476125,3,-0.0783369195290916,294.98486354806295,16.376788084607732,62.59252465779427,0.1353773554015843
hardware_injection_000438,hardware_injection,1,1,0.9882760946122754,0.2272546671836159,0.4625512899768808,5,0.4680513128527181,114.19749761799456,28.060983306321283,69.5208583174353,0.1435024192179549
hardware_injection_000439,hardware_injection,1,0,0.6645108998551255,0.0800311214138717,0.3018533977282305,6,0.2304922363402304,204.9059512127859,29.31497898385927,81.13025115003018,0.1531796325679968
hardware_injection_000440,hardware_injection,1,1,0.8794072733182455,-0.0493289502038407,0.1148297679645267,6,0.4372653679683411,105.47466777350516,11.37365117379493,209.41322890239505,0.1281383274732176
hardware_injection_000441,hardware_injection,1,0,0.9394870544334896,0.5477849541839267,0.5785818348323878,1,0.3894387796661638,88.54718637086819,17.75742298419732,57.69041556285143,0.1708377275671774
hardware_injection_000442,hardware_injection,1,1,0.9338133059412403,-0.0483127080824935,0.3074867783230018,7,0.1648624310707421,261.898225831508,27.96079778177744,139.15182381413956,0.134928566728377
hardware_injection_000443,hardware_injection,1,1,0.9655314514065612,0.0781169615798072,0.2009259789216444,4,0.410131267025555,60.0,26.12150046443389,85.53050428323486,0.1415711352367646
hardware_injection_000444,hardware_injection,1,1,0.8858335005644014,-0.2687250096199143,0.2969328628267351,13,-0.0373529845834697,272.3790711598904,14.219632340601288,87.61336516265094,0.1736500301020553
hardware_injection_000445,hardware_injection,1,0,0.6794023548654493,0.5291466491540897,0.5973581949192339,4,-0.2474752588865459,204.975659649202,9.682240264681392,157.16633005240746,0.1481679813532683
hardware_injection_000446,hardware_injection,1,1,0.8416863102615466,0.0195733291289767,0.2957350385993724,5,0.4243447108658366,338.64969169069906,21.037676518154527,164.1999294299851,0.1665221815524216
hardware_injection_000447,hardware_injection,1,1,0.7823569416278641,0.1280423543955451,0.3199239976475367,6,0.3089408655662929,171.674347065503,16.624457298950258,88.92386309796231,0.1231620664915423
hardware_injection_000448,hardware_injection,1,1,1.0,-0.0891515715936158,0.5869363258051921,7,0.1141055765717787,309.5184695898256,19.893406228245794,23.61659719903252,0.2000289692765269
hardware_injection_000449,hardware_injection,1,1,0.9900640745274518,0.4452467123234918,0.4694560916496829,1,0.5342243781536336,217.242943151044,17.631119438415595,236.99752060161003,0.1460309441857526
hardware_injection_000450,hardware_injection,1,1,0.9023639959147562,0.1202226977424164,0.2675356443106877,3,0.5138951631255764,214.7211472142324,12.052024226395805,63.41398903973965,0.1443572005059404
hardware_injection_000451,hardware_injection,1,0,0.7518706020936832,0.1708604317838793,0.2310948600229264,-2,0.1277532201725647,310.208164053895,33.800692244360434,64.08269405872394,0.1498119402095909
hardware_injection_000452,hardware_injection,1,1,0.8324835243839577,0.3841054035783864,0.3870172127437473,4,0.4969383503612573,175.55369134230858,35.0,54.79638198290431,0.166475536273492
hardware_injection_000453,hardware_injection,1,0,0.6892981098365336,0.6202083076954232,0.6202083076954232,0,0.3127420833003907,60.0,16.576978270225162,83.49560418409136,0.1843463543073916
hardware_injection_000454,hardware_injection,1,0,0.9467499535789424,-0.0033685798891992,0.3134812418178428,9,0.5766861358005678,380.02024145851897,32.73873727173242,9.90295425084706,0.1521375201959723
hardware_injection_000455,hardware_injection,1,0,0.6634531521758804,0.1309870791919785,0.1946303654741281,-5,0.4409996798844323,187.64145636802832,27.21666537509221,34.309555503861645,0.1402764322446473
hardware_injection_000456,hardware_injection,1,0,1.0,0.3668100582925455,0.3689404875882255,1,0.6251818015727194,203.8546088592159,16.477015845722704,123.56891366413636,0.1597608334283419
hardware_injection_000457,hardware_injection,1,1,0.9975730457533414,0.708546743412826,0.708546743412826,0,0.0095762644637892,112.39468887072324,15.564442094904116,129.92985456848288,0.2192713820627483
hardware_injection_000458,hardware_injection,1,1,0.8579479117147966,0.2088111945057405,0.6035519779423681,9,0.2146513202432373,298.27920930058247,25.727485299662284,51.12869599091336,0.1768827106754179
hardware_injection_000459,hardware_injection,1,1,0.9145772230531242,-0.0654903374240203,0.2538644977770078,8,0.5376223286257904,246.2137830819172,24.539147312649646,147.00734869841136,0.1536970734397533
hardware_injection_000460,hardware_injection,1,1,0.9078969604697444,0.2986070874063464,0.2986070874063464,0,-0.0249133962434861,186.00190337292116,14.41203202823272,42.46091197578814,0.1755335681546963
hardware_injection_000461,hardware_injection,1,1,1.0,0.0746930521423281,0.7444063195281829,6,0.3347323498555695,236.5645271567585,18.351144158991094,49.81848270346977,0.191523367471353
hardware_injection_000462,hardware_injection,1,0,1.0,0.526022710129642,0.5773738570651588,2,0.3987905181696826,170.51298265888963,32.71939246530322,86.87704508355105,0.1568066565518867
hardware_injection_000463,hardware_injection,1,0,0.7798460160618879,0.0081869723410957,0.1969946698098611,5,0.327281533589778,373.8041900760777,23.318190313858647,95.68861073645506,0.1397612686375344
hardware_injection_000464,hardware_injection,1,1,0.8307319099501908,0.0039637122644135,0.1797001406086973,-15,0.5487712189163843,419.4333365055726,12.694679358002467,110.34458711393586,0.1600537361400685
hardware_injection_000465,hardware_injection,1,1,0.9936819317966912,0.1815427200178075,0.3032381830508996,6,0.514030489855449,229.14714922047827,22.60931890073099,78.07872708517571,0.1457583979529148
hardware_injection_000466,hardware_injection,1,1,0.8674129580271364,0.2399835993092061,0.5589499722389241,7,0.1345947989077915,89.58070454101534,17.82264223251968,63.18062549230969,0.190151184910444
hardware_injection_000467,hardware_injection,1,1,0.8197702786162875,0.1720567879445909,0.4708354106120098,5,0.5275796399249941,286.92822571493383,24.781983311390277,62.05410902689003,0.1763293166272344
hardware_injection_000468,hardware_injection,1,1,1.0,0.2460534641553775,0.3615210059611328,2,0.4764279349021884,433.6052713233226,21.67373392463318,167.91770302677713,0.1497716617808689
hardware_injection_000469,hardware_injection,1,0,1.0,0.5564378091321768,0.728970633229148,3,0.5630847170091743,256.0948536743055,35.0,121.08970946778751,0.1521913500806846
hardware_injection_000470,hardware_injection,1,1,0.8038111028734316,0.2692458464401545,0.3975849391583427,2,-0.1397498093315728,238.18626060049465,21.31960024175859,58.43381116701886,0.1411809931294901
hardware_injection_000471,hardware_injection,1,1,0.9837466172558884,0.3171509524262043,0.3557923195984238,-1,0.424293479550785,398.7288513539098,22.7495538000959,50.78394765732276,0.1395791515253424
hardware_injection_000472,hardware_injection,1,1,0.934644728920329,0.1691922846606873,0.2334296254440238,4,-0.1729609566288507,121.13034210921352,19.389034531471797,136.18714159170565,0.1235155910045937
hardware_injection_000473,hardware_injection,1,1,0.9012543637970332,0.4116150005806273,0.4946264913900328,1,0.3607016618407934,254.83984498791372,23.74176800284268,56.558821803490005,0.1439857468553746
hardware_injection_000474,hardware_injection,1,1,0.8220851287415218,0.4767420994501984,0.6377726803519942,7,0.5331202453209145,158.54317194271712,27.458020017680315,133.9238909167433,0.1876544008210845
hardware_injection_000475,hardware_injection,1,1,0.8397378306143474,-0.184132559662392,0.4443860908551712,7,0.2952864332924201,340.80012781227657,20.08911588190723,38.79107768257753,0.1750838750099798
hardware_injection_000476,hardware_injection,1,1,0.9557809869723926,-0.0200299879089645,0.1614953157674063,-12,-0.2205500076662006,334.09488385356843,20.550612811396352,167.41116356331122,0.1217113749302714
hardware_injection_000477,hardware_injection,1,0,0.6587019516397015,0.4771977546374642,0.6178373419862297,2,0.43708403742389,259.97882244902377,20.593540832917636,34.286636346006595,0.1709894641131913
hardware_injection_000478,hardware_injection,1,0,0.6908699412433894,0.0809530332021705,0.4384031065470006,5,0.66460990924981,274.54132309105216,18.20650130815139,196.39416239223817,0.1321822473571998
hardware_injection_000479,hardware_injection,1,1,0.8122988489586028,-0.1507228320926859,0.4377354853613402,14,-0.1608497226999512,347.7093293224192,16.5729269958849,42.57479598190288,0.1680989283495359
hardware_injection_000480,hardware_injection,1,1,0.8117199867123821,0.0154269440689541,0.4848978070864441,6,0.6930736743104753,96.40155894311764,19.54449278401077,52.713943606794274,0.1522702725835159
hardware_injection_000481,hardware_injection,1,1,1.0,0.4089726506397869,0.5268716099265808,5,0.4216136867043613,350.86140200499665,29.30442269388936,76.08085391944059,0.1461253790488696
hardware_injection_000482,hardware_injection,1,1,0.8434151069680257,-0.0079916422413847,0.4726530035734847,5,0.7554341130253844,137.81264286858857,19.570659230519308,41.457904567257046,0.1614949222526935
hardware_injection_000483,hardware_injection,1,1,0.9440913690355682,0.0675393845135215,0.1952515673346357,-12,0.6814926236576521,413.65858506165023,16.943650973700052,13.63045695001665,0.1541639984804194
hardware_injection_000484,hardware_injection,1,0,0.7869700595181099,0.1729499023660038,0.4801008267189606,6,0.7434119907064227,214.4877605241871,23.30931255698283,99.85089792210414,0.1582062093606129
hardware_injection_000485,hardware_injection,1,1,1.0,-0.0792052196174246,0.1294461665272541,10,0.4197573130708467,206.2229380594997,24.934246783441715,90.18669472417696,0.125978415131643
hardware_injection_000486,hardware_injection,1,1,1.0,0.1156792101644084,0.2319382751293656,8,0.4618727503320456,158.0926194268918,26.840897196689625,82.85714941213423,0.1567539297021901
hardware_injection_000487,hardware_injection,1,1,0.8024467973209962,0.154786710941447,0.3140139793687968,8,0.1903727867712684,223.69130490455663,27.8029533989944,50.95134829015439,0.1709242010681493
hardware_injection_000488,hardware_injection,1,0,0.7677086097959851,0.1888272567923653,0.2749039015010353,4,0.7274576537302425,274.57823983481944,18.8815930004409,11.32500737736686,0.1275894555480146
hardware_injection_000489,hardware_injection,1,0,0.772906443417058,0.3804709681069571,0.5506685414449908,2,0.4383560488205467,415.5145842528625,28.885205981743027,184.8750977256973,0.2104673186119627
hardware_injection_000490,hardware_injection,1,0,0.8697810641800973,-0.3347406941974791,0.4834473915742507,8,-0.0559012273036844,284.1547260256628,22.8863243741986,48.04450532181947,0.1685663113373959
hardware_injection_000491,hardware_injection,1,1,0.9174211556549084,0.1878238335485846,0.3748077077769141,12,-0.3745929315428123,226.75171957758604,20.822368932369532,58.98361821089779,0.1408357040385145
hardware_injection_000492,hardware_injection,1,0,0.7013675482720738,0.3446788156635442,0.6327195769636937,5,0.0387043935301403,311.17267508873067,23.250241291097492,65.92271342391464,0.1716904258275321
hardware_injection_000493,hardware_injection,1,1,1.0,-0.0640776503849807,0.1587028076856809,8,0.2708919085497274,60.0,24.786461533315816,80.4412107101393,0.1686159473033846
hardware_injection_000494,hardware_injection,1,1,0.8773029231139073,0.3213746892152241,0.5827377925862185,4,0.4857934876000568,336.0492148659723,23.649425460792767,109.39908219080245,0.1569124893971329
hardware_injection_000495,hardware_injection,1,0,0.8534686763736987,0.121245885309932,0.3917802091729454,6,0.1557787687281256,288.92369277020777,14.57159585341932,47.83302910668501,0.1762760243515397
hardware_injection_000496,hardware_injection,1,1,0.971200808928334,-0.1890934606320647,0.2447533831159902,15,-0.170302580935491,60.0,23.871136349326942,69.52702274290077,0.1519548727445604
hardware_injection_000497,hardware_injection,1,0,0.6297343277239127,-0.0349211238163244,0.4021774520583995,10,0.3543967227553729,169.5157213926069,10.868233856426889,170.87162256467468,0.1608213625948541
hardware_injection_000498,hardware_injection,1,0,0.6146792475220895,0.1242901740468574,0.2513066143152699,1,-0.1235083984098399,177.13226251455723,17.556481293845234,12.545186329790257,0.1381782294294012
hardware_injection_000499,hardware_injection,1,1,0.9862718977988428,0.3007733021568873,0.475913110719767,2,0.5507749313878831,197.3982651380052,21.39712835296975,61.4155539727263,0.1531910043026159
hardware_injection_000500,hardware_injection,1,0,0.7179524012366765,0.3095938437082551,0.6142973311008569,4,0.1027912594399058,163.96825703667153,18.41123788093928,197.48842112299704,0.1569613126982831
hardware_injection_000501,hardware_injection,1,1,0.9999074303774385,0.3030387331341663,0.6449331314188685,8,0.4919973471474833,146.60223363285866,10.308598411366894,85.77962578553485,0.1686895839720679
hardware_injection_000502,hardware_injection,1,1,0.9962093339629874,0.2729396569250115,0.4824167580906616,3,0.6774443546199855,133.6859585153193,20.03773442374449,32.69587693034562,0.1492850317180686
hardware_injection_000503,hardware_injection,1,1,0.9920652932337206,0.6962822153661005,0.7077847129834716,2,-0.0259166395923526,228.92223110130053,16.35970098243296,153.90435297260387,0.1921249360166483
hardware_injection_000504,hardware_injection,1,1,0.877374524010084,0.0384914318608648,0.340966816734968,5,0.4868885331488894,399.9342572077568,8.914055041747927,69.4396688705478,0.1570786411677439
hardware_injection_000505,hardware_injection,1,1,1.0,0.44403255012813,0.5834425098194687,4,-0.4623625650257295,244.68131100151652,27.74869992623612,183.920726406511,0.172662473389896
hardware_injection_000506,hardware_injection,1,1,0.8689599602038213,-0.0526583136203348,0.3343521472103854,8,0.6070889010026241,164.38359013028622,33.417374979443835,22.93852953601193,0.1468505406871315
hardware_injection_000507,hardware_injection,1,1,0.9689263438689324,0.097822484018336,0.4301048653347877,5,0.1737253704814391,100.82451893460492,28.50046871136016,46.62176905827003,0.1633917586246928
hardware_injection_000508,hardware_injection,1,0,0.7718883946121836,0.2579344075255794,0.3432312989986262,5,0.2022381176819462,227.8472929394511,14.6469917785358,10.947712090522714,0.1260351257986444
hardware_injection_000509,hardware_injection,1,1,0.8189376385861816,-0.146982295159578,0.1005960503863789,4,0.4335326585139489,330.6464866793778,28.79968971172393,100.46294990960897,0.1447786105278229
hardware_injection_000510,hardware_injection,1,1,0.9092188427408998,-0.0257355728063816,0.1114521427126794,2,0.3411142045503407,304.84595166296344,6.0,56.51861889522485,0.151442844337399
hardware_injection_000511,hardware_injection,1,0,0.616573799123945,0.2268270613747852,0.2468942772217527,-11,-0.125017856146055,198.085739674766,26.614559542510644,207.8745193723057,0.1628581649789079
hardware_injection_000512,hardware_injection,1,1,0.8130540822906694,0.0807687971503075,0.2394870653702052,15,-0.0327076257126102,234.62603724115093,27.95133025233764,42.34427071838744,0.1190704183472551
hardware_injection_000513,hardware_injection,1,1,0.8748614851444181,0.3561584744149206,0.5052558015498718,6,-0.2027814944304991,200.16155401406465,17.458374987017116,124.02343783897965,0.1611951056835759
hardware_injection_000514,hardware_injection,1,1,0.8171216013162776,-0.126015810285635,0.4968529461295436,10,0.2497598958645584,376.9157323146079,8.950699581785086,44.489047011380514,0.1469143446775216
hardware_injection_000515,hardware_injection,1,1,0.9366958899116032,-0.0159529291072506,0.4047377466811754,-8,0.8152454757504672,308.5930183920556,18.953208045609347,64.57989725501366,0.1327204522190355
hardware_injection_000516,hardware_injection,1,0,0.6140364487411273,0.463212208014168,0.5409575137600353,3,-0.1773916034044493,278.1880382244447,24.681056419662426,188.19946956375597,0.1771694349713312
hardware_injection_000517,hardware_injection,1,0,0.6784833264193311,0.625418160297418,0.6461281358714807,-14,0.5310424247464144,244.47495341038868,21.507885392764685,43.85927488933913,0.1855654899821414
hardware_injection_000518,hardware_injection,1,0,0.7643367891575237,0.3109306887592424,0.3109306887592424,0,0.5004038290343014,337.54977475570035,28.0664653747365,123.7833055466069,0.1380357592123965
hardware_injection_000519,hardware_injection,1,1,0.8217569775007578,-0.1676670300657801,0.09940947406091,-15,0.0463665038453832,279.1679687439373,20.478665355942404,116.67965454703403,0.1305486508287098
hardware_injection_000520,hardware_injection,1,1,1.0,-0.0400884157395531,0.3732442708828917,8,-0.0208832919719273,444.2647873306323,25.476366438261003,45.32145491952227,0.1335538049507662
hardware_injection_000521,hardware_injection,1,1,0.9822615442351256,-0.036718222664514,0.4522075379917037,-14,0.3580853492169868,251.00019239453056,18.37358765702897,131.92806582182436,0.1494373376881378
hardware_injection_000522,hardware_injection,1,1,0.8242185284287025,0.1464797353747778,0.2768446382104707,3,0.3885603992481826,310.4566706068107,18.239413735522124,30.40687328565511,0.154699601425719
hardware_injection_000523,hardware_injection,1,1,1.0,0.5178631547962267,0.6012314471358124,1,0.0441368745260291,266.8003296171221,29.26516262691858,11.046172228173477,0.1571622367284845
hardware_injection_000524,hardware_injection,1,0,0.982201111330872,0.3045983065670615,0.5859498331027436,9,0.6131434780697766,258.2700281376494,16.580506959254656,27.03522913343211,0.1465321689092104
hardware_injection_000525,hardware_injection,1,1,0.8473273166481976,0.3372807886260006,0.478981385779142,3,-0.1653754641862495,224.92402052758268,16.200781819080724,131.8045171887849,0.167266431689299
hardware_injection_000526,hardware_injection,1,0,0.7156023569229378,-0.1687456473890279,0.4064612169013412,14,0.6457318957888867,60.0,20.02123716899559,106.48531725522032,0.1595985383379537
hardware_injection_000527,hardware_injection,1,1,0.9160134383046198,0.1134146019300839,0.6471643607821265,6,0.1417513512782832,243.16952595547951,24.19605903333068,170.09928445330982,0.1725712821070631
hardware_injection_000528,hardware_injection,1,1,0.902801247410297,-0.1903786377491451,0.553670122030432,15,0.0563110089751423,275.9832665981924,20.87977043988412,76.09651833456013,0.2318892558649589
hardware_injection_000529,hardware_injection,1,0,0.7184518123932966,0.2616150754765518,0.5043219710494012,6,0.3173727904557126,109.18295440311164,33.8477140197532,11.507708633258003,0.1553660603436539
hardware_injection_000530,hardware_injection,1,1,0.8420196813686804,0.3846696322557693,0.6379966046104603,5,0.3317852458753329,96.51536108731794,14.628745328921338,167.43431461215022,0.1827282062575176
hardware_injection_000531,hardware_injection,1,1,1.0,0.275556463143521,0.2872698820769994,-3,0.4643626855649682,219.25637130008917,6.0,89.82962433052506,0.1171471358902502
hardware_injection_000532,hardware_injection,1,1,0.811689863559551,-0.13612625290911,0.1531764169618077,-15,0.8036734015363738,323.6058019911639,7.012230245038163,16.57092623281656,0.1553048474850211
hardware_injection_000533,hardware_injection,1,1,1.0,0.1476457813461833,0.4780754937226268,6,0.688931423934362,426.59289241565216,22.12284612083336,164.92479853705396,0.1404673837951739
hardware_injection_000534,hardware_injection,1,1,1.0,0.5084501211197232,0.6697322490567681,3,0.665676493112988,158.27518725447135,18.759618724300484,99.93109447279598,0.1731790538257369
hardware_injection_000535,hardware_injection,1,1,0.9337252409593668,-0.037537091523422,0.5623626531703259,7,0.3992375723233155,251.57150434177643,13.020470843235216,47.19912817555665,0.1485816948967369
hardware_injection_000536,hardware_injection,1,0,1.0,0.4006918877132344,0.5135239144676279,4,0.1775921949635578,325.97228959509863,23.908566881425337,154.07584501534745,0.1510139261061424
hardware_injection_000537,hardware_injection,1,0,0.9918864150781792,-0.1784542985207771,0.3201316934132322,6,0.336570761535083,186.6505950480771,20.103008854599093,41.13407636034048,0.1649887848237735
hardware_injection_000538,hardware_injection,1,1,0.957093608064504,-0.263972325672258,0.1842532576842354,8,-0.0208913743733106,156.50942454941634,27.516794486411644,30.21414470692,0.146715057492311
hardware_injection_000539,hardware_injection,1,0,0.7691740606533289,0.2319106568104554,0.6218008414469067,5,0.5957415815924352,171.57329168953208,28.196591556327405,163.09835395514284,0.1741833909873715
hardware_injection_000540,hardware_injection,1,1,0.9267227272127514,0.4435521733538212,0.4459163339382336,2,0.4190920218475202,227.74561476547052,17.77646392611599,68.63727214788324,0.1585975335046073
hardware_injection_000541,hardware_injection,1,1,1.0,0.6264603125499132,0.6834084020155167,1,0.622099804145879,251.1130116644988,32.122285951428246,52.79334396793126,0.1765201839793183
hardware_injection_000542,hardware_injection,1,1,1.0,0.0739773595198518,0.1388378789741289,-3,-0.3490298522125237,219.4622681168503,24.754966420124944,212.20463521875217,0.1422809033318145
hardware_injection_000543,hardware_injection,1,1,0.9003538652254269,0.008434504997153,0.1450345051454971,-9,0.251173221050989,76.49120936335308,25.247525856714116,89.0914947288965,0.1282321821291618
hardware_injection_000544,hardware_injection,1,1,0.8959944286599136,0.4178081267006291,0.5690888494816939,3,0.5091843301229649,218.23922059439744,23.057029327918684,211.3397511704908,0.153202873706311
hardware_injection_000545,hardware_injection,1,0,0.4475121483724385,0.4021112658576179,0.4289532475665214,1,0.1256231510595175,350.5938779913604,20.03317418892648,96.22790396478032,0.1614586480113868
hardware_injection_000546,hardware_injection,1,0,0.7762954500632642,0.0049384448094967,0.0408495902962457,1,-0.2443029127481136,91.1491925724091,23.11348938270631,83.9743222467337,0.1572724429096864
hardware_injection_000547,hardware_injection,1,1,0.8752978045642842,0.2576991244634245,0.3832418633703172,13,0.7161461046784261,270.1444932294432,14.777813142671464,22.4873639901634,0.1346328830452396
hardware_injection_000548,hardware_injection,1,1,0.9608913356708118,0.1873733142126925,0.3380845007625811,8,0.5152148534129465,94.3837458849124,6.513242224285239,74.74195091399993,0.1663453609729005
hardware_injection_000549,hardware_injection,1,1,1.0,-0.2840950244534947,0.0358762388031897,9,0.2522103091569009,180.2529510643745,19.664741063438896,81.36113926531581,0.1719663873039483
hardware_injection_000550,hardware_injection,1,1,0.9120377523633098,0.3494387735922561,0.4634271882567682,1,-0.2116537019027992,201.11877719260605,22.85694274352076,52.65215605368096,0.1619936724874137
hardware_injection_000551,hardware_injection,1,1,0.8366978418997569,0.4210323221781789,0.5232690375790365,3,0.1976623328088076,284.3720497806173,16.526732408706614,1.848102876293908,0.1486822891874846
hardware_injection_000552,hardware_injection,1,0,0.7163865009961667,-0.1027692817390908,0.2813855937679663,13,0.1495804360607108,135.56369208390734,29.975640313790286,54.932269650966646,0.1680561040530489
hardware_injection_000553,hardware_injection,1,1,0.8650764896005818,-0.0269493740659476,0.1433011616668274,9,0.3385345902746118,246.86681235911965,30.15854781401828,117.79500089919274,0.1594050731755613
hardware_injection_000554,hardware_injection,1,1,1.0,0.1072772426732338,0.2333515326417087,4,0.00629624374204,343.3553443997423,12.628795456269746,34.23780332121191,0.1668980421251534
hardware_injection_000555,hardware_injection,1,0,0.7544240627449761,0.5913346579145476,0.669657856729896,4,0.1785729020840838,171.37812988176614,19.48744127743193,196.3221112888349,0.1855357905682197
hardware_injection_000556,hardware_injection,1,0,0.6357872203021488,0.0536726216705613,0.3344561863497886,12,0.6429169342175887,129.35813209497422,7.7185847039459965,23.222720119058597,0.1524418168056094
hardware_injection_000557,hardware_injection,1,1,0.8468095168088409,0.4951243676605937,0.5103854953999669,1,0.5807817510620075,177.75596267538026,29.11473454521837,2.38129488868708,0.171271554328259
hardware_injection_000558,hardware_injection,1,0,0.714202708318622,0.1219717392255493,0.3273021945704059,3,0.714972232780304,170.65835732685585,25.40111095129895,62.10131958387542,0.1256237652511477
hardware_injection_000559,hardware_injection,1,1,0.8044889629653018,-0.0230963243867954,0.0045736093715587,3,0.4539128047152631,198.96848826970324,12.938016302015226,156.46729307276675,0.1352203244789221
hardware_injection_000560,hardware_injection,1,1,0.8589451751436216,-0.3159628829735431,0.398050011780368,13,0.1535007076327937,224.0952896347104,23.500838596526265,10.19203066678098,0.1606144852191099
hardware_injection_000561,hardware_injection,1,1,1.0,0.3402298371104399,0.542009677513534,5,0.4105878581710499,193.0190530661052,28.832326893378465,113.3079521688789,0.1696987145939884
hardware_injection_000562,hardware_injection,1,1,0.8713053075771395,0.3683426802311449,0.4471168160417287,1,0.4883055907443023,60.0,24.879640277337412,135.3131183894706,0.1485535059607889
hardware_injection_000563,hardware_injection,1,1,1.0,0.1291142669854782,0.380923608566563,-14,0.0305375706223718,183.44765161478912,32.432799169709426,19.65048906499052,0.1397744453311886
hardware_injection_000564,hardware_injection,1,1,0.8660637409195434,0.5816817609264477,0.6450606215332905,2,0.6252232887152758,216.3816496637159,16.629160422873532,70.58629751644617,0.1753174052905007
hardware_injection_000565,hardware_injection,1,1,1.0,0.3275358587404569,0.6263659152352405,5,0.4461354229058175,92.9712022870848,19.399144842039007,75.51390668336364,0.1755166880991473
hardware_injection_000566,hardware_injection,1,0,0.7206714363138498,0.0512003793981702,0.1780622996544001,3,0.5097603957750924,217.04094406111724,17.90676242862746,32.08011738061366,0.1241426158769885
hardware_injection_000567,hardware_injection,1,1,0.8777043984339608,0.0043308824283258,0.2260159859011224,3,0.3675131908237362,247.45037671114747,16.957122331875805,174.55210811278502,0.1279205188388147
hardware_injection_000568,hardware_injection,1,0,0.8512813054614274,-0.1630932007388113,0.0041838721958495,11,0.5133167440946117,261.463538805065,19.30683032148224,20.164252562789933,0.1410236918537295
hardware_injection_000569,hardware_injection,1,1,1.0,-0.2000561290932311,0.2160261847331454,9,0.376245776844035,194.2407691833457,18.214730497516783,200.31482085507636,0.1365840271629351
hardware_injection_000570,hardware_injection,1,1,0.920389793591561,-0.0230594022186688,0.1819616581978583,4,0.6987533560176663,129.8129544251312,15.973034101302234,81.8572529760898,0.1639369374339889
hardware_injection_000571,hardware_injection,1,1,0.916129477753534,-0.2760629721078941,0.3649143464187701,13,0.2388423177632979,255.20067420201687,19.812000752400483,61.53525972919909,0.1347702198908366
hardware_injection_000572,hardware_injection,1,1,0.9317730450563724,-0.1777571755805501,0.0209717098435076,10,-0.3541337554476217,140.00859730719236,32.8537683179618,68.79240187745697,0.1455202254784497
hardware_injection_000573,hardware_injection,1,0,0.6355571623467764,0.1267871247575399,0.6193127145022058,5,-0.3000275357480876,203.3261928257241,30.93572357904108,36.5734502413255,0.180362306792065
hardware_injection_000574,hardware_injection,1,1,0.8476635388524635,0.2637922040556643,0.356666123898846,7,-0.1048977445971418,60.0,10.113489364129826,212.40038309299723,0.1511585242846006
hardware_injection_000575,hardware_injection,1,1,0.9969552352147578,-0.0413684976802315,0.030670753809927,1,0.0036998375105347,324.3702505287674,14.129023549237484,47.82580615060223,0.1519496415087322
hardware_injection_000576,hardware_injection,1,1,1.0,0.1771953743261778,0.5004830283304438,2,-0.0810681641689902,60.0,16.064516948423915,24.113963627027907,0.1883511452553622
hardware_injection_000577,hardware_injection,1,0,0.7655183862235725,0.0589201064864294,0.3093658168777041,6,0.3215366781638916,371.20802427727006,15.119638536868573,123.95650968427476,0.1564494167659133
hardware_injection_000578,hardware_injection,1,1,1.0,0.2422830935451268,0.2969111356060271,3,0.0932292871583874,60.0,14.232939323157929,4.250112396234925,0.1720467911833862
hardware_injection_000579,hardware_injection,1,1,0.8102515921156145,0.3720386147030992,0.562133142193902,4,0.4066656924937952,77.3957131402066,14.85306446941826,112.82210069037762,0.1265634297420436
hardware_injection_000580,hardware_injection,1,0,0.7225551109836418,0.6129906785747271,0.6559579133013258,2,0.1883113482809935,424.8478749243027,16.308391527069407,69.50881518720267,0.1790291718383169
hardware_injection_000581,hardware_injection,1,1,1.0,0.3677700929749442,0.4877621642990731,4,-0.043593487441184,262.9565026915765,28.818089642333483,81.4982276673522,0.1610958181018272
hardware_injection_000582,hardware_injection,1,1,0.8396460914823602,-0.0118003937384016,0.2752798414960146,-14,0.1760824478257128,211.14350424253,10.21482499232058,16.23889367698603,0.1500161853686784
hardware_injection_000583,hardware_injection,1,0,0.7729848045699356,0.359925658305549,0.3796364226966417,-6,0.4240059582423129,135.79870841473377,22.80028960674966,67.08172628112973,0.1420954309937139
hardware_injection_000584,hardware_injection,1,0,0.664089178436385,0.3450585497355228,0.5407922084325177,6,0.611356205854527,222.68015381340612,21.058068634006684,81.154283653221,0.1461610966026776
hardware_injection_000585,hardware_injection,1,1,0.8876730314793746,0.1345364241881791,0.2966704306715382,-7,0.1768382990914107,413.8322072841804,26.66259275851908,213.1709670402728,0.1436815551813121
hardware_injection_000586,hardware_injection,1,0,0.6818856203985084,0.3730721212610766,0.3978379461142735,2,0.1732582537416736,279.15616204512514,24.826941649336725,72.12134710848996,0.1476958377662422
hardware_injection_000587,hardware_injection,1,0,1.0,0.052203254991363,0.1124635469881443,5,0.4217720464683647,147.81646896977355,7.183622537225928,118.0038296907363,0.1262370478218531
hardware_injection_000588,hardware_injection,1,0,0.7698998140712534,-0.1182729660555045,0.1016485490076196,10,0.3127281554463997,252.2773012561657,22.48870405013085,131.3896157301126,0.1410049465870553
hardware_injection_000589,hardware_injection,1,1,0.7900731677977292,0.1421922290683606,0.1917352722894232,1,0.2676562779182635,182.8840126847861,24.04967467712937,8.605844626965634,0.122126238153933
hardware_injection_000590,hardware_injection,1,1,0.9550753709619324,0.3648208142767598,0.5152585786894113,4,0.4876354979383908,285.01824727270537,8.285259025467171,147.90598787661926,0.1542870015700762
hardware_injection_000591,hardware_injection,1,1,0.8648599209422,-0.0137637772355601,0.2587864411315129,6,0.1519683042798265,189.8415526362633,20.58848066239805,73.40897860903488,0.1792928927845102
hardware_injection_000592,hardware_injection,1,1,0.8931976262690836,0.5587292548922923,0.6649070357315375,2,0.5640029749753442,169.4754994906785,32.95536152940013,162.2175297395032,0.1969607887717379
hardware_injection_000593,hardware_injection,1,1,0.9315003796734996,0.2906137502690306,0.3499478694733025,-11,0.3606126761605665,179.2834519237341,18.458509264344155,17.14554475705978,0.1509164563377602
hardware_injection_000594,hardware_injection,1,1,1.0,0.3292077142567727,0.7328867827692924,5,0.0877844950534787,345.8041883728814,11.711771108630742,5.788452743120203,0.1935647900974661
hardware_injection_000595,hardware_injection,1,0,0.717077283869515,0.4383990678104935,0.4383990678104935,0,0.5909576849774761,88.16869079245735,22.800953938054462,19.38230314850979,0.1424301394792222
hardware_injection_000596,hardware_injection,1,1,0.786700518424165,-0.1595386014761698,0.2900943627825008,-15,0.613025446113413,278.7025162737666,25.41877523266132,59.36777500121877,0.145762322664096
hardware_injection_000597,hardware_injection,1,1,0.8586115065166788,-0.0820703757666841,0.0951505445655733,15,0.2674598587753792,169.2097208884147,22.720895114950714,54.89049600050791,0.1480119674512294
hardware_injection_000598,hardware_injection,1,0,0.6215801354197319,0.3491140996097314,0.5576474491066448,7,0.581545209936345,433.16048951922,22.85799828884125,199.55895008369288,0.153950466847858
hardware_injection_000599,hardware_injection,1,1,0.82009589332285,-0.0491373976398867,0.4323675969866517,4,0.4737609228230544,97.985970075918,18.44569070294425,27.13425350335209,0.1443924872054516
hardware_injection_000600,hardware_injection,1,1,0.9459842395638794,0.3461340046807165,0.3896152798954581,3,0.2429679199011536,245.30531983941648,21.67713685462884,67.27200399577654,0.1893515599020376
hardware_injection_000601,hardware_injection,1,0,0.6551751939998076,0.6211821813032901,0.6694675102688405,2,0.8297353261833593,305.4329910499572,25.66445220050249,87.84764991927851,0.1771807568511729
hardware_injection_000602,hardware_injection,1,1,0.8669078583167604,-0.1594047500254689,0.215987737116034,12,0.0015728319563219,209.3573058881844,15.753425208506885,35.4995790643227,0.1510676345673766
hardware_injection_000603,hardware_injection,1,1,0.8208667908294842,0.4203132859116128,0.4529404567385714,1,0.4098052086166947,240.0045710057883,27.3127305707173,112.51526414669416,0.1626211381287154
hardware_injection_000604,hardware_injection,1,0,0.9544048169991804,0.3623430562556967,0.5338011594771107,2,0.2859476406101238,300.3125918097988,23.334770905945536,91.60521818601272,0.1457269108137888
hardware_injection_000605,hardware_injection,1,1,0.8086757331280863,-0.2584186099635932,0.3099867887540007,15,-0.1437676775067786,241.4960276335953,22.249108920997955,70.70296543364292,0.1837448572189186
hardware_injection_000606,hardware_injection,1,1,1.0,0.3933090715819726,0.6224881687275969,5,0.7327116924132542,472.1692264284739,27.17867152845046,143.59376522748616,0.1765814903616906
hardware_injection_000607,hardware_injection,1,1,0.8680778884782148,0.0366796464702236,0.2969372352471187,6,0.294032893129945,216.2477559640554,24.93329107690841,141.1006083516074,0.1297225137685512
hardware_injection_000608,hardware_injection,1,1,0.8611066697867122,0.4231878313747678,0.5146167395707202,3,-0.3638408714054438,63.80109461493177,21.59824499190036,127.37892197901684,0.1764552706980534
hardware_injection_000609,hardware_injection,1,1,0.9278461811281,0.2686223634709764,0.5591228242109528,9,0.4299727516013018,418.921687383879,15.801334400002691,15.380263263719144,0.1583689987221351
hardware_injection_000610,hardware_injection,1,1,0.8423686953214932,0.2935405955229643,0.5405846644798649,2,-0.2028375455222878,129.17974198408126,22.416108258146085,154.23273120670314,0.159721250978023
hardware_injection_000611,hardware_injection,1,0,0.6600639095838529,-0.024402321796787,0.300271979957622,15,0.0972258621757074,91.2094004737868,18.55381216898405,134.36348284983228,0.1407331908272719
hardware_injection_000612,hardware_injection,1,1,1.0,0.2674148278033474,0.5194143947780332,6,0.2752209265992784,124.95991852178076,25.201990075377555,107.22512777897332,0.1594054415427963
hardware_injection_000613,hardware_injection,1,1,1.0,-0.2112820259534269,0.2807576634728742,8,-0.0439586201312808,186.638141361248,9.415864904065344,138.02766728674777,0.1484041934331765
hardware_injection_000614,hardware_injection,1,1,0.9267220701481832,-0.1062855346812075,0.2775112267961571,-10,0.131646309954467,116.4400255974478,17.5084039921114,62.64115099307284,0.1343621703255613
hardware_injection_000615,hardware_injection,1,1,1.0,0.1772795628356475,0.3763730744095517,7,0.2049836591402834,107.14697796152905,24.092766316368557,1.561193217875669,0.1328094503871038
hardware_injection_000616,hardware_injection,1,0,1.0,0.3894937221285382,0.5172128185577749,4,0.6004393343323895,237.75315333364307,32.18471542624589,121.5041374747625,0.1777709625655139
hardware_injection_000617,hardware_injection,1,1,0.859034091451857,0.2489616171582024,0.2894205974011986,3,0.1855216493560253,181.7317169360008,16.45401710358191,72.76286281785109,0.1232097523693273
hardware_injection_000618,hardware_injection,1,1,1.0,0.2686982245432439,0.3639657671724801,-13,0.7174425903643418,244.53733405612823,14.972450554295246,59.223325687645925,0.1545620141344424
hardware_injection_000619,hardware_injection,1,1,0.870393036184326,0.1685510281991402,0.6211722255507466,9,0.4079815788658879,292.8527830102071,30.44363265614658,121.99568203252964,0.2000855806092125
hardware_injection_000620,hardware_injection,1,0,0.7166169408714657,0.5180314444386547,0.5807442845713704,2,0.3553801677356822,107.53387657533762,7.177682761862382,91.46331625250262,0.172463766935991
hardware_injection_000621,hardware_injection,1,1,0.9335778914702056,-0.0117038804085072,0.4579560983634395,8,0.6475499760883027,135.19905868251846,14.03304762103942,60.26883876515905,0.1366194332835297
hardware_injection_000622,hardware_injection,1,1,1.0,-0.0315353536606923,0.246694977912282,15,0.7058919658954818,60.0,16.682633471110446,36.62569542883613,0.1466429230458359
hardware_injection_000623,hardware_injection,1,1,0.828117081602124,0.3556196123762894,0.6279111999506162,3,0.6842440494635581,118.91091887754278,13.381805579688734,141.8745620586988,0.1841923826838089
hardware_injection_000624,hardware_injection,1,1,0.8980284213422048,0.2678085250779136,0.6320813119908696,3,0.2562144971352066,167.36734398490452,14.025784935580973,75.1232288123906,0.1737200795564898
hardware_injection_000625,hardware_injection,1,0,1.0,0.2019407841904162,0.2973332793207596,2,0.4498429039656583,162.0113940876883,26.60323296808849,55.529936154030736,0.1623234421203162
hardware_injection_000626,hardware_injection,1,1,1.0,0.032352647825775,0.4901819453253193,7,0.7433419040508215,283.55458432465224,24.14681629757231,187.3033896220005,0.1610830650450712
hardware_injection_000627,hardware_injection,1,0,1.0,0.2144129567276245,0.7534547039379067,7,-0.0845926408669711,224.08866385507224,23.601455841492783,26.58276374444925,0.1568531452225292
hardware_injection_000628,hardware_injection,1,1,0.8169621799616554,0.0967993983080899,0.4169558584696632,6,0.449961068491955,198.73842884658603,29.83445417320267,33.08153417789375,0.1513089638377922
hardware_injection_000629,hardware_injection,1,1,1.0,-0.1391640911730725,0.1159811254981011,-15,-0.0020014761445669,245.09796278952712,18.122801009339423,135.16466749678648,0.1234135698496125
hardware_injection_000630,hardware_injection,1,0,0.7302994817216544,0.4376989675543244,0.6764251849807288,5,0.2737385843265361,261.48793556197614,23.97114742120433,157.11381724245567,0.1988202262765994
hardware_injection_000631,hardware_injection,1,0,0.7127191220423581,0.0863847254691723,0.2918450135754319,6,0.1095493305432238,231.6558551433615,23.414947792718102,42.94028069033368,0.1311299772476785
hardware_injection_000632,hardware_injection,1,0,0.8798447615906654,0.0429223577978861,0.2718316278518508,6,-0.1557599736997921,117.7275336347015,18.052108606716654,194.39509974454296,0.127435621121701
hardware_injection_000633,hardware_injection,1,1,1.0,0.2720070911204115,0.6374112881345751,3,-0.2718001974687129,266.0008215511349,17.542351938029203,80.97737023833058,0.1807103651311505
hardware_injection_000634,hardware_injection,1,1,1.0,0.0579283107414604,0.4553308511108559,8,0.2079092588867394,197.7393356915329,14.066203260778003,111.60542308181412,0.1523529953120087
hardware_injection_000635,hardware_injection,1,1,1.0,0.2352692941549327,0.4779379803961295,7,0.0028038913995172,354.53977130866724,7.095559353159057,75.74902091598267,0.128521585885154
hardware_injection_000636,hardware_injection,1,1,0.9196618708235615,0.0345242368334193,0.4088336764488703,6,0.5799311341261861,108.42830630482813,11.687224987340992,142.08705469491923,0.1724925840424122
hardware_injection_000637,hardware_injection,1,1,1.0,0.0013752183469828,0.0284153834100689,5,0.0545500515770368,199.68500297088707,24.579862464973687,95.6618503300957,0.1303711905247898
hardware_injection_000638,hardware_injection,1,1,0.8406754290771296,0.5680657650852807,0.5934808287622083,1,-0.1045842783198392,102.88401258226654,13.533760816479774,139.8492467553965,0.1497150069051523
hardware_injection_000639,hardware_injection,1,1,0.9313462700092217,0.2092835288709522,0.3302454540680131,2,0.3385533628808511,400.312244090336,23.858434020378933,150.51159011087577,0.1327355762226176
hardware_injection_000640,hardware_injection,1,0,0.6658760566302896,0.0460747097074245,0.2994146900044385,6,0.2591663103711504,103.40876275363804,26.680012149716788,108.33119581448318,0.1256969942305267
hardware_injection_000641,hardware_injection,1,0,0.6005644306850676,0.2407971639638437,0.2918514549274528,2,0.6617720990621628,303.5386203657388,24.321381748232792,154.5936381057747,0.1527332666671432
hardware_injection_000642,hardware_injection,1,1,0.9106606797010984,0.1920783427488842,0.4768155154536558,6,-0.0929087871918427,198.8106976675145,28.023243089595542,89.4731359952002,0.1402415971099999
hardware_injection_000643,hardware_injection,1,1,0.9215819687224668,0.1473623704930923,0.1918142953071296,3,0.4867304212587958,92.04067817298488,26.7174626029536,103.31711212287128,0.146124436633477
hardware_injection_000644,hardware_injection,1,1,0.7934285599166978,0.5425066132841405,0.617230965162578,1,-0.1459401928123944,219.8043059380365,20.61620782483559,22.123551423966617,0.1623977567838084
hardware_injection_000645,hardware_injection,1,1,0.8891856305293685,0.0748001072228985,0.3383517603398123,8,0.5436791410326265,148.96299944584257,20.32612867376758,104.32370434494332,0.1328626695326732
hardware_injection_000646,hardware_injection,1,1,0.953826113258119,0.4360337897698955,0.6877174609923288,4,0.3612555408318449,214.44874014599296,12.414396474172063,104.93688975842464,0.1679335353655681
hardware_injection_000647,hardware_injection,1,0,0.705165293343816,-0.2661205028949457,0.5598257953339535,12,0.1731560483545467,139.8850932623152,25.95114446592021,98.5430399394833,0.1859703263774076
hardware_injection_000648,hardware_injection,1,0,0.6787391908389876,0.1231453921363883,0.3421948135572312,9,0.519165429997079,308.00628511508364,31.519746572153142,85.8834733004206,0.1469512108554974
hardware_injection_000649,hardware_injection,1,0,0.6948742055376598,0.4221896224045486,0.4743739647589928,1,0.6876448949183667,235.79305141464988,25.586260747096297,74.59698219643961,0.1543225586922705
hardware_injection_000650,hardware_injection,1,1,0.980077083818391,0.1626971666356357,0.4691911696873465,7,0.420988956029348,250.5933070055673,23.18571288800932,4.247776548123966,0.1329709580164536
hardware_injection_000651,hardware_injection,1,1,0.8264972086614323,-0.006358736689071,0.1725128868127285,-10,0.5937101886526231,179.8280111368464,31.465619987391104,84.54819979583208,0.1292766806876385
hardware_injection_000652,hardware_injection,1,0,0.7254233614148162,0.2837711490324563,0.2837711490324563,0,-0.2309696673229843,270.0825568445719,21.63730609410241,99.01622406643152,0.1589485584487266
hardware_injection_000653,hardware_injection,1,1,0.8340925331017541,0.3360832917040358,0.439765855602261,4,0.1821598745913047,67.66884156825981,25.98822660114053,69.3648155580808,0.1353577228875228
hardware_injection_000654,hardware_injection,1,1,0.8254704516096264,0.1075118942871858,0.2140145749671621,7,0.7542687801022885,209.40753182683025,29.04764288599808,123.4972243336239,0.1375378530952977
hardware_injection_000655,hardware_injection,1,0,0.6197219653199373,0.0472094388922504,0.1638421438121114,4,0.3524328380012275,434.8530778072165,22.433152002803777,184.98278293120325,0.1206051912180185
hardware_injection_000656,hardware_injection,1,0,0.6293423333927883,-0.2165180050730248,0.0984807873394391,11,0.0731276382301572,192.8917785163584,6.703660244214227,128.3967165567267,0.1359970180072384
hardware_injection_000657,hardware_injection,1,1,0.908569148624529,0.0228276747803816,0.1017902028824994,-3,0.4239914930110399,171.81194329550704,13.678199857921854,162.87126318076255,0.1588083040709322
hardware_injection_000658,hardware_injection,1,1,0.960485867446776,-0.0359957778083469,0.1288404726573322,-14,-0.1907102540254538,128.1384803997645,29.003575027364214,335.6128861557035,0.1399075212280749
hardware_injection_000659,hardware_injection,1,1,1.0,0.2570994361477706,0.34986095670679,4,0.529041122569593,206.0219375079937,17.370997998249678,160.69793385275074,0.1504006907120729
hardware_injection_000660,hardware_injection,1,1,0.8951182925275708,0.1171364032845547,0.1711114125371928,-4,0.50578109120429,70.12382243110176,18.915118088818215,128.83743301171944,0.154935852726875
hardware_injection_000661,hardware_injection,1,1,0.9748449543260788,-0.045069325147244,0.4359474484685856,7,0.0115228356621921,263.3509677712877,18.51311760309059,189.576720835638,0.1647702970736698
hardware_injection_000662,hardware_injection,1,1,0.8858238540121304,0.3854394375960818,0.5315628428952852,3,-0.0789599494105573,234.5445871794699,28.65429588111784,67.00286362197865,0.1436873924113411
hardware_injection_000663,hardware_injection,1,1,0.7853733042322825,-0.0383454803756178,0.391207954444777,8,0.3618665671195937,135.38045992776563,13.747710588054868,46.65702827805383,0.1469021368269855
hardware_injection_000664,hardware_injection,1,1,0.8668836935216649,0.297892419441656,0.5856397201840645,4,0.3000815380342367,269.35926712430154,27.957465962939416,42.97900465571215,0.1694253017933782
hardware_injection_000665,hardware_injection,1,1,0.7959984078387506,0.0724514779948093,0.305223838624703,7,0.6402736000961804,60.0,30.17397044993604,113.0098339811972,0.1229340218608389
hardware_injection_000666,hardware_injection,1,1,0.8989315745407074,0.3150139385807641,0.3523686590893674,1,0.0222176189251758,363.3717250758399,24.12193135165869,134.62542313406465,0.1526303622422498
hardware_injection_000667,hardware_injection,1,1,0.912228237812996,0.1201789057048255,0.2188441633037989,2,-0.1688167816477823,60.0,23.704376816574516,120.3226417985832,0.1566488569214524
hardware_injection_000668,hardware_injection,1,0,0.7194915527775184,0.4559582201021816,0.4897178628031299,2,-0.2894331316620815,238.09639847506728,23.976369617225675,5.894137036647081,0.130543863176503
hardware_injection_000669,hardware_injection,1,0,1.0,0.2313838335343183,0.4000599915456498,4,0.7334636804961604,317.2835015831049,17.325680910455254,5.286908027037782,0.1474465683681646
hardware_injection_000670,hardware_injection,1,1,0.9406330360544246,0.0968861403987413,0.2689785883223505,-6,-0.1200907222930963,170.00233243836243,18.1941383148875,18.96120369759914,0.1563859543148031
hardware_injection_000671,hardware_injection,1,1,1.0,-0.1738453420189986,0.1672471551200887,9,0.244730239213449,132.0144575520591,21.286661132415507,7.37008073616586,0.1395664971383141
hardware_injection_000672,hardware_injection,1,1,0.8732697139702379,0.6421156809092152,0.8028722469712508,12,0.0191648975453943,320.4800871343947,17.699676974300196,72.93797994805453,0.2053765507236183
hardware_injection_000673,hardware_injection,1,1,0.8937692314253299,0.3599301321626371,0.3893649940610731,2,0.2352698992135802,333.5833717500558,23.97569621035668,89.33895891187058,0.1443767506551456
hardware_injection_000674,hardware_injection,1,0,0.7408118662770246,0.2436499697614464,0.3445550591358513,3,0.2731716826960682,147.92973693385304,26.101933161045118,21.37876358782772,0.1425331848947416
hardware_injection_000675,hardware_injection,1,0,0.5702494507426377,0.3805816174459901,0.4856678497018916,9,0.4569801696945452,350.60895578862187,32.98190774551571,6.410196417895818,0.1562624149498832
hardware_injection_000676,hardware_injection,1,1,0.7970572668749744,0.0095596616526119,0.4130195688066926,8,0.2175187787718024,201.2863334904908,21.12758583243242,82.57780319225309,0.1755227503238681
hardware_injection_000677,hardware_injection,1,1,0.8587791119419177,-0.1251216325837361,-0.1183141043402941,1,0.4091661947906465,216.6317549501453,24.600204043163306,33.99095965786484,0.1328199309075871
hardware_injection_000678,hardware_injection,1,0,0.6797917005384526,0.0642132101520844,0.1435146231935191,-3,0.1563872199633902,194.4509194930561,24.56876646307264,65.12194268310861,0.1604715954827033
hardware_injection_000679,hardware_injection,1,1,0.8321706357021836,0.3267819089142643,0.3855041489583828,5,0.6473482537026662,60.0,23.074097010729744,23.297114821347336,0.1488171009424206
hardware_injection_000680,hardware_injection,1,1,0.8856291959923068,0.1383419764128065,0.1931113289567901,2,-0.0028638721444433,156.38401239513243,16.388731991771287,32.05956362853209,0.1367516211866294
hardware_injection_000681,hardware_injection,1,1,0.837070834524838,0.359836639944439,0.4064968293922216,1,0.0155006239204104,303.61046227015856,25.69202250607919,72.05091897831576,0.1588168326039533
hardware_injection_000682,hardware_injection,1,1,0.8671601153087207,0.2471064893285589,0.6789292385270005,6,0.4003815105059214,204.1999483982761,17.897208450866152,101.14966272951932,0.1414499162810935
hardware_injection_000683,hardware_injection,1,0,1.0,-0.0514690906910563,0.1959932206588176,8,0.484917032329805,60.0,13.38123933857209,103.45388308406216,0.1147744084952085
hardware_injection_000684,hardware_injection,1,0,0.9535705666137546,-0.1131558128463209,0.6899094140534203,7,0.4928366222465379,263.7171231661457,26.9317146406096,165.8163952268448,0.1792280494082521
hardware_injection_000685,hardware_injection,1,0,0.8004385165341403,0.0012133879832826,0.3497850393722264,6,0.1116314994572341,307.056941081408,20.745354468101297,125.07531359544576,0.1541430778445923
hardware_injection_000686,hardware_injection,1,1,1.0,0.4832920314620651,0.5753000276276526,6,0.5061261347559598,285.30329541901403,7.619681045364516,149.79313247372153,0.1622759006746603
hardware_injection_000687,hardware_injection,1,1,1.0,0.7611152160005535,0.7828199577987026,1,0.3080271220086112,356.852472066798,22.57456712119217,35.195823209655835,0.2052886321513916
hardware_injection_000688,hardware_injection,1,0,0.7129529590907084,0.3714516361823146,0.5267507798293779,3,0.2924763061135647,248.5590693644295,10.780091909965424,122.01800018012848,0.1534637976490245
hardware_injection_000689,hardware_injection,1,1,1.0,0.1844946187588874,0.594007668909685,6,0.6278847456693378,327.10836414865105,20.185240655777424,63.303786434884586,0.1882880136163218
hardware_injection_000690,hardware_injection,1,0,0.7559916445501261,0.2302102274930594,0.7496627377510735,8,-0.4343478142877003,190.45563367885225,21.389645325601293,87.50264050350266,0.157061193867718
hardware_injection_000691,hardware_injection,1,1,0.9012529450597976,0.5414088476746475,0.647561736617407,4,0.5558203461182967,332.2298964720667,17.986659748095576,92.35058539500264,0.1939293650376954
hardware_injection_000692,hardware_injection,1,1,1.0,0.5101776376237829,0.5747740335540512,4,0.691969186979568,192.13756440749685,28.510518906981552,182.3223475775805,0.1413229963482544
hardware_injection_000693,hardware_injection,1,0,0.6767766541235665,0.4315527825910141,0.4709034931686305,1,0.3823419543201284,217.5572057023037,27.39700664155513,169.9686390364506,0.1555020782366163
hardware_injection_000694,hardware_injection,1,1,0.9350064194765356,0.2563757728972664,0.4806253471119209,3,0.5786611146612627,222.5323987745064,21.69089205206897,84.96721343363262,0.1484658621456085
hardware_injection_000695,hardware_injection,1,1,0.7821986495477234,0.2912004017885748,0.388095545834861,4,0.3759077173954226,110.7970805836461,19.86545100929057,158.05889989089042,0.1397190720617218
hardware_injection_000696,hardware_injection,1,1,1.0,0.4112286394096361,0.4228775122503521,1,0.3701141955006842,114.35187375493166,25.1052641705483,125.255913161601,0.1679256425848448
hardware_injection_000697,hardware_injection,1,1,1.0,0.5724798806726487,0.6431098353093062,1,0.0277946386957594,231.0122777456025,25.229408476885293,98.48827751839129,0.1421569991759736
hardware_injection_000698,hardware_injection,1,1,0.8203789353574107,-0.0214894657127925,0.164289142254254,13,0.5574360295529328,206.37695749373643,10.962865592657227,96.3932761319076,0.1613337602164891
hardware_injection_000699,hardware_injection,1,1,0.8932509531916714,0.5081010706023681,0.5857651346211109,4,0.5665038626607508,251.62228838346132,31.52624605640516,6.923730395200494,0.1640033753281587
hardware_injection_000700,hardware_injection,1,1,1.0,0.0326746661769891,0.276425773622752,-14,0.3878677830559698,157.19471437485572,17.32805955171501,6.534677712581853,0.1266136450224413
hardware_injection_000701,hardware_injection,1,1,1.0,-0.1012891956867908,0.3209253061167562,-6,0.2670584278349066,315.58357847886805,24.357048602636013,14.125847384547953,0.1269814334776617
hardware_injection_000702,hardware_injection,1,1,0.9331046652998322,0.2884437169279189,0.4844583980361679,3,0.5846758355310149,261.3864897597838,32.34352801634418,146.13272920017593,0.1819692169533589
hardware_injection_000703,hardware_injection,1,1,1.0,0.568404763200643,0.6723660870459611,3,0.2246515875581848,126.92061363142,19.262480877018675,101.10098847056273,0.2120482082485205
hardware_injection_000704,hardware_injection,1,0,0.6523350704031324,-0.0688192043170189,0.0928380759894991,-3,0.6280370206975743,168.42347584705283,19.57249929352211,6.6413942544140525,0.1631795486201001
hardware_injection_000705,hardware_injection,1,1,0.9949789096027868,0.149487246242215,0.534427226403,13,0.4539737285424482,158.84410706324704,24.466759041176992,5.19749122356977,0.1676652237420138
hardware_injection_000706,hardware_injection,1,1,0.9650031320728512,0.0407245714580143,0.1601415161895208,6,-0.2446666185042779,123.3183287733485,24.947944476476096,89.8566874200808,0.1355098204893802
hardware_injection_000707,hardware_injection,1,1,0.9235698416305796,0.544526717560807,0.7046948583855213,3,0.3698219207452821,249.07197776034164,33.59302446400243,71.43334813649419,0.1671143359188336
hardware_injection_000708,hardware_injection,1,0,0.6718421422229526,0.1620644016787592,0.1676866393591444,2,0.6389893147759863,79.46006172153972,12.580564332643627,116.63560786585886,0.1813770223848156
hardware_injection_000709,hardware_injection,1,1,0.9341351292232912,0.2609666952276473,0.4880913639788219,3,0.3767813459373074,182.74855250615263,19.42844893600797,47.01396468210147,0.1482824954888506
hardware_injection_000710,hardware_injection,1,0,0.9722734718836236,0.3531543631070648,0.4968748292658108,2,0.3287698394077074,199.9329881803432,32.73398955436303,74.04528376814024,0.1311682347274051
hardware_injection_000711,hardware_injection,1,1,0.9449225908477136,0.126375817577261,0.5149856587581799,9,0.7309826995710694,199.44077797885728,26.88317245741301,10.554029202430227,0.1544726325165934
hardware_injection_000712,hardware_injection,1,1,0.9846750737325276,0.2205117138076699,0.6726690365259792,7,0.0560397471296402,362.2248336059689,18.047795863128727,85.4346154219554,0.1930678733887636
hardware_injection_000713,hardware_injection,1,1,0.9757192410241348,0.2740925980200293,0.375251615997429,-3,0.5721880026261801,249.40133557998135,27.018172712396037,131.64825993878753,0.1625803163382315
hardware_injection_000714,hardware_injection,1,1,1.0,0.2663357980991323,0.4957846101380987,3,0.6324610348322001,190.20627051846105,18.075861701821392,45.53395672641834,0.1736696015189937
hardware_injection_000715,hardware_injection,1,1,0.8912008654734428,-0.1094468271379542,0.0870441638881507,-12,0.2714790724036026,90.49144607845986,6.0,59.739165432283066,0.1317994456867726
hardware_injection_000716,hardware_injection,1,1,1.0,-0.0574666583172385,0.1368397806063295,-13,0.3983694522249707,121.95173488884636,20.01885028580828,13.510425468748592,0.1308826795817165
hardware_injection_000717,hardware_injection,1,0,1.0,0.0394488786738147,0.3939030222581801,13,0.7092531943197767,63.75459959955609,23.524410625564368,94.7346504198918,0.1532060197022241
hardware_injection_000718,hardware_injection,1,0,0.7285354995007325,-0.085855464845051,0.1323089728540431,12,0.2561100029298261,254.7547618812798,11.835494611128626,71.78052264992104,0.1219480534755618
hardware_injection_000719,hardware_injection,1,0,0.6182449250150401,0.1892957826685146,0.4313970957929093,4,0.3035922038593925,238.51285882802367,19.684347005253343,124.72253087991596,0.1508217051593603
hardware_injection_000720,hardware_injection,1,0,0.912794508853614,0.4470156691130365,0.5963007589450379,1,0.2797115939434659,170.84234239772584,30.06020052118391,92.8413416332603,0.1635044825123926
hardware_injection_000721,hardware_injection,1,1,0.9705659392441632,0.399884264770673,0.4199098833565492,1,0.3920493044696035,175.86061444586167,19.96229644279066,48.40227476413772,0.1647055388973964
hardware_injection_000722,hardware_injection,1,0,0.9208863799036971,0.197186677576557,0.340231343744176,5,0.1769361112797834,382.5331047405779,30.132315129731023,127.85606475513818,0.1470130601059791
hardware_injection_000723,hardware_injection,1,1,0.8358548960353052,-0.0499316711769125,0.3205811653439152,6,0.4353618152299311,311.22526750650707,26.040068902442773,15.163589874973823,0.1652020766188787
hardware_injection_000724,hardware_injection,1,0,0.73426979662712,-0.1393506353317503,0.5449027028897131,8,-0.3163428564439179,312.26093264565736,13.153630616988153,73.44481164689759,0.1635988315339485
hardware_injection_000725,hardware_injection,1,1,0.8026979856046709,0.5727375155328205,0.5727375155328205,0,0.4286187282781231,252.01524971125835,24.678240676216703,33.03190641962206,0.1727948768302305
hardware_injection_000726,hardware_injection,1,1,0.9991537104116588,0.1730847106596654,0.6232897436234176,7,0.0935005103463104,60.0,18.124890436060085,89.71080294723004,0.1733026303258007
hardware_injection_000727,hardware_injection,1,0,0.7396540830996052,0.3566051685103185,0.5635402506790239,5,0.1224018045547686,108.6602800404721,27.84003535457777,18.4372134513214,0.1669616189401085
hardware_injection_000728,hardware_injection,1,0,0.7789586919425204,0.2991668458347548,0.5070620651133146,3,-0.2181197548781417,150.88755047289254,21.628474447450166,118.4335992326356,0.1246408503487939
hardware_injection_000729,hardware_injection,1,1,0.8282761597175808,-0.061137853535501,0.0535188822437699,4,-0.003888108144249,140.4511833944357,27.337841892109992,159.07827490211042,0.1325874996658743
hardware_injection_000730,hardware_injection,1,1,0.9379679488888,0.4560917316302941,0.6552964447432494,4,0.2015162435543785,232.41286948391405,33.72875702297364,158.45405791613183,0.1462520847426441
hardware_injection_000731,hardware_injection,1,1,0.8952913303819393,-0.053111147038888,0.0789163045204373,2,0.4489772592211722,146.59370717547216,6.677806126473396,88.03917771281968,0.1460845484005695
hardware_injection_000732,hardware_injection,1,1,0.9244594777034076,0.1157039117147887,0.43501119553491,-15,0.6133609627647946,90.13786252984728,9.438406571597971,124.90442564905509,0.1740593259316388
hardware_injection_000733,hardware_injection,1,1,0.9632735561060068,0.2278830380958221,0.2755175370555562,1,0.124282042915894,60.0,17.130501796495714,174.19109798314824,0.168064898505898
hardware_injection_000734,hardware_injection,1,0,0.990108984646078,0.3613227908802077,0.527286230595388,2,0.1987174077609881,162.92334211952505,26.388494019897472,81.90999892653606,0.1427654094301008
hardware_injection_000735,hardware_injection,1,1,0.979373024074364,0.2045788763096668,0.4272971012372507,13,-0.3128370994475262,141.7583764943808,10.292252038425328,41.39679270613571,0.1691645621896559
hardware_injection_000736,hardware_injection,1,1,0.8944304526548774,0.440919890935714,0.5007413081588764,2,0.3694321902086037,291.14710223742804,22.02082246419469,191.29430798733387,0.18703020584234
hardware_injection_000737,hardware_injection,1,1,0.9138468716332282,0.2416868433910482,0.3148578315670711,-5,0.5857591760535826,96.96757165645194,19.42220639844504,63.79480318119722,0.1352421302614993
hardware_injection_000738,hardware_injection,1,1,0.908877679050108,0.274538633336544,0.363452380065174,5,0.2656326500028009,94.94082610522968,35.0,30.94488467908932,0.1623944988101542
hardware_injection_000739,hardware_injection,1,1,0.8497636013237302,0.0803649282301575,0.5222773239447257,7,0.4989773851235938,212.28147400557617,12.792559201660042,118.10532652092424,0.1888199970765637
hardware_injection_000740,hardware_injection,1,1,0.9565922170996344,0.1226439519238559,0.5995066592884316,4,0.2246474604256804,256.1488621355146,26.201678851452463,96.6328915110219,0.1700948216908538
hardware_injection_000741,hardware_injection,1,1,1.0,0.5168700853943946,0.6080030289014183,7,-0.0766812019890988,60.0,23.31310661246644,106.5938013270104,0.1734903084727894
hardware_injection_000742,hardware_injection,1,1,0.8759762241687904,-0.0592853463954174,0.128124485215167,-12,0.0359174552152467,192.9846348903783,21.280582102456783,136.50677486597954,0.1381220086014398
hardware_injection_000743,hardware_injection,1,1,1.0,0.0367592683592908,0.5419958393406524,5,0.6601986803953166,237.9382835469945,27.490005019447445,149.23649270662645,0.1588462981150399
hardware_injection_000744,hardware_injection,1,1,0.9824310819970028,-0.0326233867675145,0.4612840913231374,6,-0.0224854830142551,225.1263309539141,16.543008195439917,1.5568275031254046,0.1473243958581808
hardware_injection_000745,hardware_injection,1,1,0.885115187231771,0.4941852538964327,0.5126624432907024,1,0.5315743051770705,108.54706796377177,22.21706649793848,33.94287898666518,0.1213048896231876
hardware_injection_000746,hardware_injection,1,0,0.7233282939468938,0.3202646785592182,0.3202646785592182,0,0.2573506555687714,60.0,18.807878405548877,67.14836882624546,0.1661831193117919
hardware_injection_000747,hardware_injection,1,1,1.0,0.497350576520309,0.6257340886709998,4,0.103737904897024,260.6228708150248,20.95836468759334,96.94730639572973,0.1906557958813581
hardware_injection_000748,hardware_injection,1,1,1.0,0.0238484138669244,0.3890820892221516,7,0.4723050295074219,275.4983996648456,10.67031958691312,219.2004197569669,0.1531162619092058
hardware_injection_000749,hardware_injection,1,0,0.6912209149180727,-0.0008384642366492,0.364614688659673,7,0.6160930334015061,361.6193847028268,35.0,33.38340169916312,0.1267206740146932
hardware_injection_000750,hardware_injection,1,0,0.7200406959502739,0.6069011459760963,0.7346575201304096,1,0.0207344176627017,85.17025884179486,26.6456200856057,67.9030602815878,0.1986258511789802
hardware_injection_000751,hardware_injection,1,1,1.0,0.2861426003118475,0.3987807546079647,2,0.2169995164264974,149.07377465937907,15.939250633849005,127.97994545149842,0.1623977033385568
hardware_injection_000752,hardware_injection,1,1,0.8515086982885277,0.1025482036267842,0.4297996906044923,5,-0.2809205395518058,73.04950168292729,24.25593631903034,125.66781159484604,0.1540157550592684
hardware_injection_000753,hardware_injection,1,1,0.8938025821147474,-0.0316581828987178,0.3124203997470701,6,-0.0285082588943492,210.27042215842644,10.714974629371069,62.60695285498547,0.14876633924987
hardware_injection_000754,hardware_injection,1,1,0.9015091939436116,0.2219525950998429,0.3276631982098251,8,0.119553674888544,95.62268571032,26.982050290125382,108.11389548475825,0.1527663150120795
hardware_injection_000755,hardware_injection,1,0,0.7783308525134685,0.4265684680311036,0.5205523027397261,2,0.0221603997291544,337.8070125503025,20.201966319114565,52.6455773174966,0.1754384789056974
hardware_injection_000756,hardware_injection,1,1,0.9982416568152858,-0.2259850061115468,-0.065956950699002,-10,0.8052292900545055,231.64401152257088,8.367057745946475,86.50767397197282,0.141114160223234
hardware_injection_000757,hardware_injection,1,1,0.8430992256751307,-0.3748402101150802,0.2201783596581758,15,0.1299682330538948,230.5133500690395,27.574369617281963,170.9438516665134,0.1712290875032056
hardware_injection_000758,hardware_injection,1,0,0.8268000960130493,0.3809815025539257,0.5502907597340692,4,0.0431817172286797,182.73417188637907,25.92177679485094,138.53375928578066,0.1329407171014218
hardware_injection_000759,hardware_injection,1,0,0.6601884809535187,0.4948099160267224,0.7859554630556914,3,0.5952639962965813,185.24313171361587,20.46040016755798,32.22088223771439,0.2054252811624939
hardware_injection_000760,hardware_injection,1,1,0.9669978119890782,0.0492406907911249,0.3476264226412974,15,0.0318429038896013,334.5030778140603,26.28222370413807,130.88062783956775,0.1480460725925283
hardware_injection_000761,hardware_injection,1,1,0.908280368810486,0.1281806072009761,0.5328148008535848,7,0.6498894398413514,151.92472236254997,18.668045712964407,167.91876258586302,0.1509619158019478
hardware_injection_000762,hardware_injection,1,0,0.5261816001976712,0.053852338910291,0.2947673613460034,7,0.3900484387058685,86.6053751485708,31.995626005913984,1.3395794991001253,0.1351865455341334
hardware_injection_000763,hardware_injection,1,1,0.8323262267392594,0.50350563514249,0.6002094641777452,2,-0.3762382165608058,206.0768391245526,21.63384453997092,11.923907165320372,0.1566134223574808
hardware_injection_000764,hardware_injection,1,0,0.8456356406393305,-0.2028782797887739,0.1060938149212266,14,0.3641929562817382,281.7950725471631,6.0,18.253520590778493,0.1539433776892125
hardware_injection_000765,hardware_injection,1,0,0.7581262761134855,0.175912018146368,0.1800625296395689,-2,0.4179838983172567,178.68474647066614,28.57535591171807,167.79989359229154,0.1291807503112309
hardware_injection_000766,hardware_injection,1,1,1.0,0.0316729684217784,0.388986921965226,12,0.4489844881713252,323.82792799685114,14.072135228054789,22.80674622418902,0.1384343094929773
hardware_injection_000767,hardware_injection,1,0,0.9062731961397515,0.1505141230267574,0.5516793974572867,7,0.0706059861704726,321.3805353864654,23.985777500765792,18.994991686335183,0.160865953380275
hardware_injection_000768,hardware_injection,1,1,0.9071061919428342,0.5482553663856133,0.6672908942505069,2,0.539656025227796,161.7022447682506,12.878581496324028,180.2255000878584,0.1856717644563181
hardware_injection_000769,hardware_injection,1,1,0.9294776854375568,0.2040767739898574,0.3918736497878625,5,-0.6195468081544324,139.14848418084347,15.885199753814444,53.81649770621135,0.1700374531305146
hardware_injection_000770,hardware_injection,1,0,1.0,-0.190441033159829,0.5183334839648794,8,0.2390877421318674,149.00259879304787,25.233918988768902,110.85114539312342,0.1368257100866207
hardware_injection_000771,hardware_injection,1,1,0.8674819725749425,0.2586066864008057,0.6080510862641053,7,0.2006423301413632,278.62745554762995,25.316134099895446,286.4584415118834,0.1818194624184172
hardware_injection_000772,hardware_injection,1,0,0.7716281339805711,0.1416149115571103,0.7887170100807274,7,0.6566870163318589,199.57548986161777,13.567663357494292,23.6287494365968,0.2262020641588008
hardware_injection_000773,hardware_injection,1,1,0.8697013692283607,0.2771419787765123,0.3723780949228952,8,0.3729233598893278,334.3292611400521,20.542587217324144,113.30549206775156,0.1653402824767124
hardware_injection_000774,hardware_injection,1,1,1.0,0.3338369636781084,0.4024205480086879,-1,0.3973662370243281,227.82318900054423,25.057499509656804,65.853849869978,0.1168813134073879
hardware_injection_000775,hardware_injection,1,1,0.8596162229364098,0.3884555621215464,0.5528657892940532,4,-0.082506669553001,196.0771094887022,27.32498477757484,207.8144910288865,0.1432683506187749
hardware_injection_000776,hardware_injection,1,1,0.8790639731022236,0.244261060056609,0.4880329292703952,8,0.4345484064922184,214.3743936160887,23.398445161522,69.91883005455342,0.1602050057960623
hardware_injection_000777,hardware_injection,1,1,0.8228184984803428,0.2002617736043639,0.2061405324625346,2,0.4723006939856129,266.7321121936432,25.13615199885042,67.55827472433165,0.173136915502058
hardware_injection_000778,hardware_injection,1,0,0.7031289136562948,0.440092265451078,0.5251092644486722,5,0.5098224732815146,165.5648470879996,10.511871216665778,19.40944597821761,0.1785608257016109
hardware_injection_000779,hardware_injection,1,0,0.7202893010608791,0.3340424957463295,0.6379268072667967,4,-0.4330757291198832,292.9341499030074,13.216490795512442,201.14335096647227,0.15516582511842
hardware_injection_000780,hardware_injection,1,1,0.8357052753481186,0.1516297050644436,0.5627169802042724,4,0.2275042303490413,78.77778971077913,24.4760277860441,18.11040929033293,0.1709807905173787
hardware_injection_000781,hardware_injection,1,1,1.0,0.5459430751918501,0.6744196878358591,3,0.5224840767037673,60.0,10.080321911272623,7.8375095149145295,0.1505757502529966
hardware_injection_000782,hardware_injection,1,1,0.8191968775171139,0.017885902242587,0.4438703594015146,4,-0.3178916941870087,153.27379864626243,20.57188686838125,195.1864001413566,0.1492740351157913
hardware_injection_000783,hardware_injection,1,1,1.0,0.0248806373819544,0.1943769143102641,-10,0.2011174533880714,373.3582094531485,17.684409687767086,32.95465433375648,0.1506516707435652
hardware_injection_000784,hardware_injection,1,1,0.918558648966511,0.2140103600458808,0.6591302424161293,4,0.6543769233684026,219.84455415100663,14.144001874263544,37.63946159100304,0.1706536023518726
hardware_injection_000785,hardware_injection,1,0,0.7567898194629582,0.4920466486696936,0.7496822113890038,4,0.5763622531415113,332.06794811764337,8.99687733031922,106.0278824205821,0.1741078984481094
hardware_injection_000786,hardware_injection,1,0,0.9481771719687622,0.2014564100116483,0.3368333306145173,2,-0.2790108064420413,360.7956113321856,19.32083088086646,49.764103139910034,0.1297691387109557
hardware_injection_000787,hardware_injection,1,1,1.0,0.1254071322010715,0.2587790710208567,12,0.1901618604568589,232.8791559187621,15.35285899710114,74.80996706079077,0.1251151981360762
hardware_injection_000788,hardware_injection,1,0,1.0,-0.1862308426468521,0.1312516543845867,-14,0.336666793815584,123.4777778912101,23.707711980629423,27.34952899673912,0.1639160572111717
hardware_injection_000789,hardware_injection,1,1,0.7924939089953985,0.0009693680601785,0.0804646098212874,13,0.3139910099731298,193.66383188188965,26.891810605741213,29.05669735447284,0.1384210221719718
hardware_injection_000790,hardware_injection,1,0,0.7788441800043111,0.3448324616775137,0.5616047230711323,7,0.3365081270481154,289.27040646770416,24.45335888689354,168.7441116281385,0.1866092734403687
hardware_injection_000791,hardware_injection,1,1,0.8542532488974788,-0.1232904250704058,0.1923604595571437,-13,0.3927456035485131,107.48195416450484,19.57200521261,46.35213416308317,0.1539154413308353
hardware_injection_000792,hardware_injection,1,1,0.831076768130515,0.1372885899108814,0.2561379278728312,3,0.4897729604653199,329.9852027831778,25.4216338165173,62.12651646381482,0.1391458859239421
hardware_injection_000793,hardware_injection,1,1,0.8673550054688682,-0.1916048526037781,0.487037143605923,6,0.2043706907712836,152.24894521956384,20.16784247971973,124.3274832460863,0.1347425787439795
hardware_injection_000794,hardware_injection,1,1,0.8778039285370771,0.2413544329097972,0.3398692936656372,-9,0.7128196268220163,188.37255162584876,26.37588442606493,70.1561212202379,0.1300548330207731
hardware_injection_000795,hardware_injection,1,1,0.8650628619618423,0.3961659245296531,0.4127929751113771,3,0.5042713449802652,153.33236409459127,10.272490293454611,70.31021488511507,0.1364886239389897
hardware_injection_000796,hardware_injection,1,0,0.5906308336576079,0.2668021443049487,0.2914942086591108,-4,0.3767840313696943,117.27862952160744,26.208473873797843,255.66197633576704,0.1376653937076791
hardware_injection_000797,hardware_injection,1,0,1.0,0.2855718290409466,0.4038104194588963,3,0.3166583082229784,247.9735417726488,14.819020127830736,101.64110223486396,0.1745019574955606
hardware_injection_000798,hardware_injection,1,0,0.6820205476457426,0.0773823871716233,0.2191159118876096,4,0.291235740080652,323.4471659623815,9.206326134668837,114.05543268780389,0.1327317076212969
hardware_injection_000799,hardware_injection,1,1,0.8570377783455012,-0.1155298526261014,0.1768993717545867,-15,-0.6958836150020651,209.21265097667185,16.027726425436548,12.161770879549168,0.1571633330001576
hardware_injection_000800,hardware_injection,1,1,0.9916538444527526,0.2562524709611506,0.6743561997179505,4,0.6485559638648478,87.11987122866613,17.419011742126358,84.91919961756692,0.1531575514718338
hardware_injection_000801,hardware_injection,1,1,1.0,-0.0860306350175294,0.1112833280170762,14,0.5112098449981545,163.41129174154156,26.74030275503724,165.21400560656775,0.1350576731068722
hardware_injection_000802,hardware_injection,1,1,1.0,0.2044796223768366,0.2904969120258897,2,0.0638219103232881,288.01967149202613,21.69910478230205,139.18774479001775,0.1584523798930088
hardware_injection_000803,hardware_injection,1,0,0.6972948064563764,-0.3769931604238583,0.3546174975081128,11,0.5190789048847613,319.8444713724913,19.50499236148475,25.273743203818896,0.1602543403174348
hardware_injection_000804,hardware_injection,1,1,0.8795112811857536,0.147116100976747,0.5053496266232583,7,0.6535703519006524,182.66563893357437,17.31435246311508,18.76055316684831,0.1547739189606565
hardware_injection_000805,hardware_injection,1,0,0.7717941921554905,0.5636237808813321,0.613784784111758,1,0.3448269638385931,179.74707099931453,21.93405519313252,95.73506056747364,0.1795425990059747
hardware_injection_000806,hardware_injection,1,1,0.915532572178234,-0.110658399181925,0.5381422461973979,10,0.4558213165303246,194.5085900702396,20.06955641486281,126.27137039167444,0.1443854009464935
hardware_injection_000807,hardware_injection,1,1,0.9850497924260556,0.0718420937603274,0.1970815983742488,7,-0.6651265108410946,261.98686711956543,19.37747505429514,34.68987926085259,0.1360539108674141
hardware_injection_000808,hardware_injection,1,0,0.6935194575065249,0.1033214950522709,0.1837771389829002,4,0.5675519304672447,83.3276600675594,12.421237878355832,199.75302895413407,0.1321885570592363
hardware_injection_000809,hardware_injection,1,1,0.857798558504468,0.3828682755859419,0.6057351954466057,4,0.2116565683729764,125.03591880642531,22.86512996789943,106.0892807635063,0.1767182007359273
hardware_injection_000810,hardware_injection,1,1,0.9637849598091776,-0.1776781282584598,0.2018014703630415,-13,0.5676513079046229,283.6650435735769,6.245804149706677,62.1241580949341,0.1584342335984817
hardware_injection_000811,hardware_injection,1,1,1.0,0.3219133329842608,0.3536260935566988,3,0.6695951436255297,112.60281568367166,22.7180430928108,3.449192127220087,0.1366561613101234
hardware_injection_000812,hardware_injection,1,1,0.820720807549771,0.6579699455611404,0.6900622981459472,2,0.6518856461232939,60.0,25.394628212305072,72.34799218186872,0.1864364455558491
hardware_injection_000813,hardware_injection,1,1,0.8948535723987256,0.1092714903103265,0.2004553321932516,9,0.1905715192798295,158.06842065306128,26.23097369006152,112.5712660695014,0.1678430645429857
hardware_injection_000814,hardware_injection,1,1,0.9751364098689362,0.257765386665689,0.3709875046093439,-15,0.5357991911989032,241.91200863936209,35.0,120.24572807799764,0.1604374168843396
hardware_injection_000815,hardware_injection,1,1,0.8443395763074568,0.1135514269669516,0.5701076154605063,5,0.5747358656858029,292.4283446528972,15.455913693887162,22.79592481725101,0.1887134850516258
hardware_injection_000816,hardware_injection,1,1,0.922736847628386,-0.1188780181315616,0.3805878220180395,7,-0.1565288841992224,271.6394832031199,30.69269137807257,10.984121368559258,0.1432929156021137
hardware_injection_000817,hardware_injection,1,1,0.8116066962191526,0.3862953318513115,0.4645637661531502,3,0.4237582347067459,150.07526330483796,14.749298393961862,87.85183419508097,0.1576219707792733
hardware_injection_000818,hardware_injection,1,0,0.7505112575581163,0.4410700239608769,0.5274343334099468,5,-0.3046208450992707,170.58216805218126,19.53125868135802,133.83671097848858,0.1754109771237436
hardware_injection_000819,hardware_injection,1,1,0.9612862990299704,-0.2427247543025786,0.5636639329077193,7,0.4332816929383822,200.12384881967785,31.07373353954685,27.0383233444677,0.2232309387254832
hardware_injection_000820,hardware_injection,1,1,0.9510765624039974,-0.1569422484437453,0.4802159657454481,10,0.4920295516862305,302.8448145975248,18.337171457748763,72.44715667000769,0.1497721164697286
hardware_injection_000821,hardware_injection,1,1,1.0,0.2025486633162918,0.3155123926229882,4,0.1723823306551664,155.01816521265303,14.145583876063377,115.18528863792368,0.1489290369039079
hardware_injection_000822,hardware_injection,1,1,1.0,0.1357948979193485,0.1735404608389395,-1,-0.1071177827794133,389.57666123242126,33.10183912752097,123.020378671403,0.1441956194355894
hardware_injection_000823,hardware_injection,1,1,0.8800816696693544,0.3933402167605431,0.4131161343782215,1,0.063173662818597,210.04843435797585,13.781554684131876,137.97100647564724,0.1848280363278505
hardware_injection_000824,hardware_injection,1,1,1.0,0.2597473306429869,0.3754676210778416,3,-0.2918875097688618,146.6708338843804,17.918267990284207,110.05351015164312,0.1414950125384288
hardware_injection_000825,hardware_injection,1,1,1.0,0.3670494611550292,0.5847137437655515,5,0.5462578606564554,235.44179399424496,15.516382256949672,59.04964882435325,0.2130442549009475
hardware_injection_000826,hardware_injection,1,1,0.7866016651833907,0.3074819128690728,0.3760444496283141,2,0.4424710999401714,98.0548878631218,26.91554246957916,105.71924414851009,0.1576280789667913
hardware_injection_000827,hardware_injection,1,1,0.9108318793553808,0.2782148803042898,0.3480094669898331,4,0.6023896595432127,316.7876479372855,19.37940167693121,65.13121245711656,0.1585955459772863
hardware_injection_000828,hardware_injection,1,1,0.8803973161148818,0.269827461354544,0.6387116110331903,4,0.2208358206410902,233.5088549020789,20.34450135109572,33.876969125276844,0.1738381376512537
hardware_injection_000829,hardware_injection,1,1,1.0,-0.0406460163698468,0.1823260613719115,5,0.5823471142644806,241.2917953255225,20.64066599772704,103.26944970977316,0.1420627591226828
hardware_injection_000830,hardware_injection,1,1,1.0,-0.1712296962838208,0.3895399775489943,8,0.4551691722451829,198.0998141921305,15.25430316066169,81.12256379484006,0.1485724494782825
hardware_injection_000831,hardware_injection,1,1,0.9989261260831406,0.2323462867415218,0.3176940606364645,-4,0.599943840446449,196.12088082164863,32.950967442685766,57.45526198444,0.1565052742231346
hardware_injection_000832,hardware_injection,1,0,0.769841665812405,0.4491835781258946,0.5254554726658628,4,0.4112594404480922,306.29335489945186,18.613343088827456,69.50362171195516,0.1777565448746017
hardware_injection_000833,hardware_injection,1,1,1.0,0.6317442308176892,0.6317442308176892,0,-0.0861368869566034,237.2375151478365,25.41225238465728,139.59211873291054,0.1547104145122073
hardware_injection_000834,hardware_injection,1,0,0.85753082845602,0.1271306377846193,0.4883696683145407,8,0.3716345567831571,244.2491054088211,26.118951382204564,60.25675116725125,0.1424562960557283
hardware_injection_000835,hardware_injection,1,1,0.9645927795256796,0.2751957236952032,0.5254276104920076,2,0.22780833156629,219.46735469821292,17.912260937067344,144.58418887566418,0.1542505978492381
hardware_injection_000836,hardware_injection,1,1,0.9422113508836548,0.3246643564831284,0.6077533970899516,8,0.5695333080261584,229.2414429321229,29.770801296500327,56.06963761482075,0.1684372631434146
hardware_injection_000837,hardware_injection,1,0,0.7640569335396334,-0.0146240271064611,0.4188992151671429,8,-0.2798687084237503,255.00867163834283,13.878044328857303,32.42510928062312,0.1651370109354186
hardware_injection_000838,hardware_injection,1,1,0.9412423952223172,0.1774812630984811,0.2181011690601271,3,-0.27155995841672,295.555893725174,17.77690322563537,183.4744922996615,0.1178785752983981
hardware_injection_000839,hardware_injection,1,1,1.0,0.17271919808529,0.2609204293069739,-4,0.2009231765680936,60.0,19.863393268475225,39.68688280293757,0.1390713783541961
hardware_injection_000840,hardware_injection,1,1,0.9495694831351356,0.244032521130935,0.3091602544210487,2,0.6247920879352913,263.58397034031213,20.066244345384483,76.35813519254255,0.1513576591772771
hardware_injection_000841,hardware_injection,1,0,0.7178658891989362,0.4912657354445758,0.6676530575030123,2,0.5015914684571382,209.6535830483648,27.322998565146197,178.9020324897553,0.1948242220380842
hardware_injection_000842,hardware_injection,1,1,1.0,0.527873993623376,0.792846061490923,2,-0.2105583724306107,131.98747291135487,21.226632237181207,108.85911710543152,0.2307162008974646
hardware_injection_000843,hardware_injection,1,1,1.0,0.3497427394441609,0.6358225554221404,4,0.4373480876089107,186.5588727722788,19.7180637394124,9.623144338381437,0.1923609731859384
hardware_injection_000844,hardware_injection,1,0,0.6869936476563245,0.3352639260475195,0.5403458808146675,4,-0.1528890006406169,171.8672544704431,12.27766564259801,178.03740709594996,0.1667227236293749
hardware_injection_000845,hardware_injection,1,1,0.8131473937236879,-0.0388697536522397,0.2254284591896352,-15,0.3734325931433608,275.6512153886151,14.840197415132767,156.8604941083491,0.1469941482900861
hardware_injection_000846,hardware_injection,1,1,0.9652514553531388,-0.1490666502010394,0.295351600403707,8,0.0503711483672833,192.74776006470051,24.2278288000863,6.831841604986437,0.1559644166537109
hardware_injection_000847,hardware_injection,1,1,0.8875869529899927,0.3753475216537769,0.3753475216537769,0,0.6965396471242971,278.67490686229854,30.36305729305925,48.83489481195893,0.1359478357430227
hardware_injection_000848,hardware_injection,1,1,0.8242164008765498,0.6356567662538025,0.6716152092373233,1,-0.1409671750817548,60.0,24.053085279395155,237.03132616634417,0.200935721052581
hardware_injection_000849,hardware_injection,1,0,0.7213117158569541,-0.2499255502370386,0.1143019199443345,-10,0.3327797317096465,86.30633687986983,22.887424695909623,150.56144302995247,0.1410030616188883
hardware_injection_000850,hardware_injection,1,1,0.8798996994995784,-0.1278913459054405,0.0866079792761459,15,0.1411206754981699,260.8118986279578,18.301106459259262,274.4711776791459,0.1374158891207268
hardware_injection_000851,hardware_injection,1,0,0.7233514041678959,0.1732937585132234,0.7001512393958542,5,-0.1956248126666668,176.9769491615533,22.78955170718041,120.12509782427983,0.2100939844043708
hardware_injection_000852,hardware_injection,1,1,0.7939981882868816,0.1084704383564482,0.2698240649709147,3,0.7450845381837654,209.00755386944653,27.804256747882995,49.6843456107261,0.144249637696741
hardware_injection_000853,hardware_injection,1,1,0.9340950241655512,0.4209396809115557,0.4669673155323898,1,0.7619345228861748,60.0,26.488873118063594,73.36329133905005,0.1450614288337856
hardware_injection_000854,hardware_injection,1,1,0.9516107516577472,-0.0125820250659216,0.5541160930745146,6,0.2323436791799449,349.8733836980444,24.51851021734605,57.936828920795634,0.1816604791379505
hardware_injection_000855,hardware_injection,1,1,0.9758119363823312,0.395938399256286,0.6091414641562113,4,0.5232719278103286,68.64116821722968,27.25473663288819,17.78172521554154,0.1968732208742349
hardware_injection_000856,hardware_injection,1,0,0.7474499463155329,0.5794132685488022,0.5794132685488022,0,0.229773583321673,292.1504442173322,29.16257941064339,53.31102578957567,0.1841890685736673
hardware_injection_000857,hardware_injection,1,1,0.9086099851943048,0.0853158403748033,0.4019482030806281,7,-0.3581837592493634,81.95302987374836,29.18722805617964,137.17623748551364,0.1518203663986592
hardware_injection_000858,hardware_injection,1,1,0.9709640017945792,0.1322286910448222,0.6134476787503971,7,0.4574804513591486,353.84365855061986,21.868785130960223,66.47740027889192,0.1745325759883821
hardware_injection_000859,hardware_injection,1,0,1.0,0.5168052167872083,0.6584121729122072,4,0.6090610079054811,218.9350185832198,31.084482717850083,102.89576434646972,0.1700695322640538
hardware_injection_000860,hardware_injection,1,1,0.9932295380956846,0.2405079569409089,0.2976696253149458,1,0.4443682046536255,154.4320877153416,25.232046350450595,14.732444672389336,0.1316042906727356
hardware_injection_000861,hardware_injection,1,1,0.9055466209121622,-0.1140543224165002,0.6271379162382678,12,0.5413209358895363,276.4755239150026,17.98533221332532,110.2936062478256,0.1680983482704474
hardware_injection_000862,hardware_injection,1,1,0.8605219789297457,0.3630794559266056,0.527152351223155,3,-0.2695558119085025,303.4429827719621,13.473996654403326,30.52929743345132,0.1363056090304387
hardware_injection_000863,hardware_injection,1,0,0.725322591707931,0.2403962814140064,0.5261553578480657,3,0.3961998848207453,312.5104592403889,35.0,29.83400564214496,0.1721379908630311
hardware_injection_000864,hardware_injection,1,0,0.756158454631959,0.0769606476981592,0.3580087664349438,15,0.5569940483445869,144.9642914214129,13.946099185049984,58.39655802099779,0.1527647166285548
hardware_injection_000865,hardware_injection,1,0,0.718117101512787,0.1933193157393234,0.1933193157393234,0,0.5207655977201122,232.86476797929532,35.0,216.3136134792392,0.1531667657757431
hardware_injection_000866,hardware_injection,1,1,0.7960076895792114,0.6238842762463587,0.6238842762463587,0,0.5794863132193975,172.8289541930887,15.532193655923049,87.39835912420344,0.1865238982196612
hardware_injection_000867,hardware_injection,1,0,0.656069554790794,-0.061681822422645,0.3531075072227757,10,0.153056371956953,258.1460227017181,12.390835610330804,125.16133838619882,0.1348262557103614
hardware_injection_000868,hardware_injection,1,1,0.9478800643024584,0.1977651474497207,0.4250068151146953,6,0.6246614626463907,226.2048341282546,20.284321616128015,120.81681452085328,0.1792651859569798
hardware_injection_000869,hardware_injection,1,0,0.719709437902843,0.2412617939857089,0.5227539125205685,4,0.4882075738013484,205.84043107247865,24.439228047118227,19.119125531554268,0.1688867858645253
hardware_injection_000870,hardware_injection,1,1,0.9065851327471226,0.4529320603757845,0.7481714984028489,3,0.2897434776995446,195.2230449712648,15.295620027905429,90.5770854859232,0.2231379973975746
hardware_injection_000871,hardware_injection,1,1,0.9123166311041015,0.4450112990778738,0.483959670991411,1,0.4343769058003641,290.61847789887725,11.061599479403537,8.734876747260898,0.1398339826861857
hardware_injection_000872,hardware_injection,1,0,0.7515585821216606,-0.1819514330987049,0.3525353418521779,7,-0.2918828524802231,226.6716614978162,25.28798196180346,10.88532682325912,0.1497299160632104
hardware_injection_000873,hardware_injection,1,0,0.5566666818701391,0.3543669402301693,0.41084031454072,-6,0.0367693589474561,215.27623388011804,23.93088424310285,114.52307527934298,0.1539713603944558
hardware_injection_000874,hardware_injection,1,1,0.9699113778541768,0.5362062586460943,0.5850616311625896,-1,0.662384658519683,131.586776192945,14.892268325881451,94.25830710643068,0.1723085831172046
hardware_injection_000875,hardware_injection,1,1,1.0,0.2393190700442576,0.3439168993300922,4,-0.0555076021842091,99.26395164901184,18.678878256729984,84.28169195876545,0.1382308725763297
hardware_injection_000876,hardware_injection,1,1,0.9445639708810072,0.5304891019370113,0.5497397551614922,1,0.6221048827420775,67.08635100317906,16.623001050786502,100.08101049304278,0.1726425475577958
hardware_injection_000877,hardware_injection,1,1,0.9876517201795598,0.398059254295138,0.49847882355328,1,0.6977126006050162,265.2553026250954,17.448892881703912,55.03412937978243,0.1445064544618602
hardware_injection_000878,hardware_injection,1,1,0.9268692581575227,0.1069056527156056,0.2711415839970748,3,0.568075116713988,239.846114899976,19.50126083564111,136.98442988724918,0.1281511644630759
hardware_injection_000879,hardware_injection,1,1,0.904067736901058,0.0520289303685092,0.3878497706369184,6,0.1820792316767841,276.7709042185902,6.0,75.26995267692377,0.1537675287365636
hardware_injection_000880,hardware_injection,1,1,0.9704131893019392,0.1306514401617534,0.3931824080436802,7,0.7741918264794783,175.46866008201113,25.288715587435306,113.0191811891581,0.1542589084793772
hardware_injection_000881,hardware_injection,1,0,0.7198524010168093,0.0239774704102654,0.13602835216305,4,0.268061465411347,123.39846271302812,18.23354122093036,26.55277549456785,0.1494869521661623
hardware_injection_000882,hardware_injection,1,1,0.8352960225963539,0.5190942658120743,0.5366335082948182,1,0.5734991725694829,185.05595751387395,18.58327522012431,97.7011965967938,0.1491849481511588
hardware_injection_000883,hardware_injection,1,0,1.0,0.1893356947347242,0.4080066676872692,7,0.4574248412499883,353.51260359112905,31.79508453425105,68.61538532360193,0.1577615399284364
hardware_injection_000884,hardware_injection,1,0,0.8422368319368058,0.4950005484997442,0.5048090967283301,1,0.3834446612091269,209.8878771959341,32.27960165033054,177.0820248378501,0.1574821601865202
hardware_injection_000885,hardware_injection,1,1,0.9350880833205408,0.0484768012735659,0.4703028685254131,-12,0.7431786794370239,275.2627068297647,19.64902321064204,48.570391513427296,0.1388547944226079
hardware_injection_000886,hardware_injection,1,0,0.7756770044245254,0.2666404677147682,0.275579924727468,-5,0.2183769980536133,162.71198903039334,12.875896533351863,14.247319650162268,0.1568696720373452
hardware_injection_000887,hardware_injection,1,0,0.5793873990767187,0.202206455231468,0.2144134595962799,3,0.4012835756790268,92.3667115135355,14.321105856061465,28.07379174518061,0.1491001561647473
hardware_injection_000888,hardware_injection,1,1,1.0,0.287102923355102,0.462645487532544,4,0.4967170418409172,235.83067918653225,23.33459842781966,43.65888293392368,0.1459581785547747
hardware_injection_000889,hardware_injection,1,1,1.0,0.2259751198170895,0.6435361342028015,4,0.3567299341619584,117.98917821263186,34.027118078571775,97.06556793121622,0.1587002087472397
hardware_injection_000890,hardware_injection,1,1,0.9375021804299772,0.1636099040142908,0.3934860652776576,3,0.1906323944787794,168.56487556279973,8.302563921756494,32.10458665238919,0.1327742942174694
hardware_injection_000891,hardware_injection,1,1,0.7957302410911556,0.3107048890216433,0.3693738593165731,10,0.6062702778330321,60.0,18.35575119789716,8.817536526877689,0.1502515651156951
hardware_injection_000892,hardware_injection,1,1,0.8388406411728458,0.1595403753820368,0.5447759230686722,5,0.207371307008475,176.17914826828164,20.598521318050132,197.3372559444231,0.1593374281025907
hardware_injection_000893,hardware_injection,1,1,0.8865675973402443,0.0988605246704857,0.1968002430552656,-3,0.6098560077015741,175.92054282039885,18.84888273453148,67.98427246434208,0.1474382491900532
hardware_injection_000894,hardware_injection,1,1,0.9923863436967112,0.6631217748539209,0.7234195181216705,1,0.1341901704710744,192.273643600132,22.380606172936517,132.79949161279967,0.1616034567945181
hardware_injection_000895,hardware_injection,1,0,0.7690874517692703,0.207214913908842,0.4374233050910876,9,-0.2058009793245246,103.1893034787166,25.895758492642692,145.09020621630248,0.1571464694996527
hardware_injection_000896,hardware_injection,1,0,0.7705597717910314,0.240710577108798,0.6393699755866968,4,0.5813950646684308,86.53826028287688,23.92506722255633,83.64367676395797,0.1852278218766637
hardware_injection_000897,hardware_injection,1,0,0.7572998619771807,0.3289018450841472,0.4629425112190744,2,-0.3369693311391914,181.4757568537273,20.70341393618824,59.10791958123162,0.1454473700567666
hardware_injection_000898,hardware_injection,1,1,0.9834293316082694,0.3402496185536111,0.5295367205796115,4,0.0356540876526136,133.78101366571605,28.908326287601213,5.754319954983387,0.1396898321361098
hardware_injection_000899,hardware_injection,1,1,0.9597894035937872,0.344917335310897,0.4627507020291443,-15,0.4806900834019402,164.0628400181796,34.11728962643693,32.12283885033976,0.1731587712697484
hardware_injection_000900,hardware_injection,1,0,0.6941233837231122,0.316025037196372,0.5767039896677973,4,0.5231758357688135,124.77735587527653,26.11781353211512,156.0131943793076,0.1841893899184074
hardware_injection_000901,hardware_injection,1,1,0.8295532816734562,-0.2586328820343754,-0.0080539923112558,15,-0.2846957808306945,224.88037662817732,15.27799320920214,126.20878637824528,0.1392228781579487
hardware_injection_000902,hardware_injection,1,1,0.991875156976271,0.413932633015717,0.6314680213345152,3,0.5816275586320852,382.0732801929299,18.730927704377056,240.5857896232276,0.1694762775592719
hardware_injection_000903,hardware_injection,1,1,0.7840457777252957,0.2866306410461194,0.456346844775658,11,0.0174104154249485,201.70595301355584,24.13412960994703,98.26126886277046,0.149780324141783
hardware_injection_000904,hardware_injection,1,1,1.0,0.4028178513861378,0.6370529351670393,8,0.4118545488566418,239.56018971714343,23.90789762645013,128.2715826664908,0.1747606886868685
hardware_injection_000905,hardware_injection,1,1,0.8583011540725186,0.1908240646335092,0.4546519081680972,14,0.4336834948505894,199.6353327192272,34.51307505030928,9.161928817018987,0.1557444807200405
hardware_injection_000906,hardware_injection,1,1,0.8909634907619955,0.0111134426526111,0.4565126760209386,13,0.4100770109035899,172.0672920679955,18.50806499178629,121.2078788973129,0.1896120310158518
hardware_injection_000907,hardware_injection,1,1,0.8682390817945206,0.1279550513501615,0.2733859120764137,3,0.6556501920296028,113.46207172498488,16.693074281293732,194.44465413569336,0.1470507522544993
hardware_injection_000908,hardware_injection,1,1,0.8049284332845944,0.0055439591970541,0.3896556963805105,7,0.4742044485048234,374.54654660281193,24.66460556038612,33.398260259610296,0.1613113023224111
hardware_injection_000909,hardware_injection,1,0,0.8106075549149458,0.072619652840392,0.36396627252929,8,0.6332590366572884,372.9761021042799,19.45579687794327,227.402796534985,0.1544614005323075
hardware_injection_000910,hardware_injection,1,1,1.0,-0.1863057226199017,0.3274691032027358,6,0.4331046459604085,245.63897877972576,13.139992938538704,23.253953675789745,0.1698524689430351
hardware_injection_000911,hardware_injection,1,0,0.9943243623635466,0.2081646537562776,0.305513744917934,2,0.4127820979931789,100.37003174758802,26.989981661150004,40.40802541179581,0.1386575736425852
hardware_injection_000912,hardware_injection,1,1,0.9151773706218376,-0.0374000034956553,0.445923489822618,10,0.281955060986899,254.32808306305688,15.411967967169506,12.87082189472713,0.1564237471756537
hardware_injection_000913,hardware_injection,1,0,0.737196899392335,0.5346832591599351,0.7151594877744756,3,0.6973047680576179,144.12301321654866,26.68627275541554,112.87270729020324,0.2184508886771569
hardware_injection_000914,hardware_injection,1,0,0.6220826839648208,-0.0376584474720771,0.0291678686289436,1,0.3361003555395758,307.12502821740384,24.55434858851775,58.07472821814616,0.1323987445123501
hardware_injection_000915,hardware_injection,1,1,0.8710962259269651,0.3567147180497897,0.4201222043473469,1,0.3002045774083021,119.4708519808062,11.699473602036578,27.414375137092364,0.125147624185708
hardware_injection_000916,hardware_injection,1,0,1.0,0.0251390338524322,0.4362755936641971,7,0.1074011971056672,159.02028259916338,33.0374829676196,102.5791003175702,0.121738462081897
hardware_injection_000917,hardware_injection,1,1,1.0,0.067460971630092,0.4024666166917963,-11,0.4126835098487909,60.0,27.004957468390728,75.80645251604263,0.1498533366621754
hardware_injection_000918,hardware_injection,1,1,0.8275333281071858,0.5006982049251708,0.5318055354547631,1,-0.0448311974151196,60.0,28.51573426427333,16.13291168958355,0.1583980843636739
hardware_injection_000919,hardware_injection,1,1,0.7904124676518681,-0.2225631960430073,0.173910067756369,13,0.0369032105643034,251.3774926423625,19.146906601461115,86.77865929743608,0.15216909582492
hardware_injection_000920,hardware_injection,1,1,0.8067365306856032,-0.2460952726714088,-0.0394781509985243,-12,-0.0229619260843294,200.12167886422512,19.73581894218175,11.684635129389434,0.1411383092790518
hardware_injection_000921,hardware_injection,1,1,0.9457566400110836,0.1211188403379715,0.227078605174219,3,0.2001485923674631,111.97155123444684,22.875512012255133,259.9778188154098,0.1625549725348234
hardware_injection_000922,hardware_injection,1,1,0.9175804133823388,0.2835062772275935,0.306214952680411,4,0.4965580169115955,276.0392643077061,24.130570463086173,39.36292313598126,0.1432844875730743
hardware_injection_000923,hardware_injection,1,0,0.8452760491495991,0.222030614970507,0.4252787938292741,-15,0.0636201790613612,228.3563117680217,13.34684852966556,14.52011211658241,0.1526604880992395
hardware_injection_000924,hardware_injection,1,0,1.0,-0.0275632167934007,0.666077278931658,8,0.7299286803092268,260.3875033936343,22.941042684723566,85.36447578490652,0.1880220270577416
hardware_injection_000925,hardware_injection,1,1,0.9742707634133996,0.1085363115214423,0.5643107609101913,5,0.3670973690282448,189.93415830840067,21.44860365871329,74.6036733369283,0.1697469392459225
hardware_injection_000926,hardware_injection,1,0,0.7765021788127751,0.3221063252546032,0.4142269382304501,1,-0.0329392298341178,282.17394617574814,25.868739363511903,127.67514101104608,0.1526722874210494
hardware_injection_000927,hardware_injection,1,0,0.7639040867614274,0.3869434022656988,0.5535559495642242,2,-0.5121376127127928,122.15457474450947,25.48020964498223,104.2279266589278,0.1720145961165414
hardware_injection_000928,hardware_injection,1,1,0.9323331461796106,0.031713343463859,0.10991141785397,-4,-0.0526348879164996,250.70531912096592,22.877922162913645,5.868431181931172,0.1356437819067741
hardware_injection_000929,hardware_injection,1,1,0.8775239699539351,0.4659634278281532,0.5737188619740361,4,0.5299492785476038,263.02290804303186,18.224036542085955,168.86732405388972,0.1822040537060261
hardware_injection_000930,hardware_injection,1,1,0.971226105891859,-0.0897311832152649,0.2444553325836305,14,0.5769956561437746,267.9926695364139,9.913648451302668,87.55940839130014,0.1467847021498081
hardware_injection_000931,hardware_injection,1,0,0.7228085296359047,0.3195252113969846,0.4504686779955672,3,0.2934744074693827,209.15379138236665,16.378932691237832,129.95413594899168,0.1486700837590632
hardware_injection_000932,hardware_injection,1,0,0.779194782760819,0.2906407703233079,0.580813575372059,5,0.4399681104300429,440.7875977898422,18.976293008152684,141.1021038165751,0.147641291209038
hardware_injection_000933,hardware_injection,1,1,0.7854361038191988,0.0153925113423567,0.1957007526716159,6,0.5028672541283395,61.18989066302518,34.490204008540246,29.27907542123159,0.1240765124380582
hardware_injection_000934,hardware_injection,1,1,0.8402931870943201,-0.1958026303041162,0.2463699887479544,13,-0.1613234546136783,181.7030912362168,31.13901596991886,171.78702115673366,0.1341814736448374
hardware_injection_000935,hardware_injection,1,0,0.7445725849840397,0.139701384043518,0.4149344976790281,8,-0.4756122598707873,182.1484725033364,11.622467405867944,201.50660566671715,0.1420087356779607
hardware_injection_000936,hardware_injection,1,1,0.9701953707866388,0.2852104362780094,0.4141947769273715,2,0.5597880457101145,192.78849198187052,14.656607428745351,12.161586499466123,0.1866692706359597
hardware_injection_000937,hardware_injection,1,1,0.8975726442818572,0.4137535775628354,0.5228269384319957,1,0.5087787152840207,191.8598597055319,15.464823986188044,51.41034818816799,0.1604300911952164
hardware_injection_000938,hardware_injection,1,1,0.7854591234867537,0.1997732347155189,0.540304387158452,8,-0.1456208264780393,328.0220128578028,21.573013657603177,8.635700562339267,0.1696906759785769
hardware_injection_000939,hardware_injection,1,1,0.9029975248872126,0.1728746271795811,0.2051410766416045,2,0.5334348764751812,145.35680313609595,23.122173108463915,202.5077154805033,0.1306117562710178
hardware_injection_000940,hardware_injection,1,1,1.0,0.0393402255811852,0.326963336184135,7,0.7774573635651417,182.40401788764396,17.120358680312943,96.042389228351,0.1470648039235945
hardware_injection_000941,hardware_injection,1,0,0.7253892951684313,0.0264383159453309,0.3787270220086707,8,0.3865608476716908,115.03464020686684,25.3053717611038,131.3396904708651,0.1663066077522162
hardware_injection_000942,hardware_injection,1,1,0.8075238288888653,-0.2062126477751073,-0.0364563035936513,12,0.8355239319325716,328.3954036153867,22.321553217377783,101.89433170644946,0.1258502441927036
hardware_injection_000943,hardware_injection,1,1,0.9189752647890308,0.2293002296829875,0.3008132523783766,-10,0.2803407354286056,198.60918583623365,24.742385692993462,14.509213324485684,0.1362404665405094
hardware_injection_000944,hardware_injection,1,1,1.0,-0.1392258205614342,0.2362160610012164,13,-0.1601857901661894,407.3469038135627,25.866623857912387,85.84754432509511,0.1539757042270105
hardware_injection_000945,hardware_injection,1,1,0.8048264631871997,0.1268475376343953,0.3579439263419541,5,0.2847107090831469,186.21745049903708,22.17556360034941,203.38211641147356,0.1458559670800763
hardware_injection_000946,hardware_injection,1,1,0.828050060480988,0.3088393357304391,0.3804336806514274,1,0.236088007488279,205.37335896458964,22.34564939470998,87.49433179421807,0.1420886488927888
hardware_injection_000947,hardware_injection,1,1,0.9986664363457216,-0.0956661859658116,0.0710462233310898,7,-0.0177747791799937,340.28597967083493,19.064406316245645,103.73197905037608,0.1652090161439008
hardware_injection_000948,hardware_injection,1,1,0.9254683093237412,0.0044546205441112,0.4943404929927824,6,0.4172201375389248,229.7052994348296,24.20503564889616,42.47711794357653,0.141783620629075
hardware_injection_000949,hardware_injection,1,1,0.8896066073786107,-0.0583112306939446,0.2911774036829387,4,0.2020748288823381,353.96873076974595,15.888891180917096,61.13804649637211,0.2041585938381409
hardware_injection_000950,hardware_injection,1,0,0.6657353340681165,0.3299433675492089,0.4188863419837559,5,0.1551415594406365,159.32898468479476,16.19039511484182,66.53233933581251,0.1422169431946745
hardware_injection_000951,hardware_injection,1,1,1.0,0.3783080129803663,0.5157335398609798,4,0.2237296608698634,204.70096474684289,35.0,12.085990295269356,0.1544467796513329
hardware_injection_000952,hardware_injection,1,1,0.850369834192976,0.0835338419222033,0.2085073455322697,-12,0.3515997187335322,185.4652165617283,10.89139203391318,104.11828516881722,0.1507295319514174
hardware_injection_000953,hardware_injection,1,1,0.8926619018296752,-0.0810976162708725,0.4052481598766004,6,0.6476551809117826,189.7899980929253,12.593797951388993,138.6893314890129,0.1590070633839226
hardware_injection_000954,hardware_injection,1,1,1.0,-0.2538625837590453,0.2139122126817747,-11,-0.1662463917516699,303.6208505633539,29.64414426161065,190.3271870043305,0.1338131941348906
hardware_injection_000955,hardware_injection,1,1,0.8124148035170625,0.3248078082041326,0.5832879243949296,3,0.2644103185210531,181.86813390950675,20.757399651207937,65.36421531515138,0.1480919089585635
hardware_injection_000956,hardware_injection,1,0,0.7418759821659364,-0.3464227818817968,0.2863511816694628,12,0.4215354315663014,394.0209699314981,26.697823031234577,133.29304279567992,0.1578158184142851
hardware_injection_000957,hardware_injection,1,1,0.8479834653818912,0.178740477045349,0.3501348849694674,5,-0.0630227668250656,492.3232241659464,11.733593902181106,154.90082864441882,0.1403445894161515
hardware_injection_000958,hardware_injection,1,1,1.0,0.0677279639371651,0.2098559385803302,-12,0.0359096111588161,148.66430167087327,30.33835565486452,42.15069435432538,0.1770174440796451
hardware_injection_000959,hardware_injection,1,1,0.8742509379472041,0.6015807761479699,0.6685656220215208,1,-0.0298239471676381,137.227464087636,24.104688756841487,122.25253318404296,0.1631851008909056
hardware_injection_000960,hardware_injection,1,1,0.8569126304058773,0.4461426243296691,0.6125028102546298,2,0.4398703180365226,140.37550684148502,26.952589895829284,125.82955768984934,0.1527684710227098
hardware_injection_000961,hardware_injection,1,0,0.6165318596150566,0.3634406639898765,0.4692703513721672,1,0.1542037027022648,228.38191204762663,10.204291318333803,27.04040414799456,0.1508545212565851
hardware_injection_000962,hardware_injection,1,1,0.795901126568916,-0.0877460672017994,0.0655506370665291,5,0.4517204316891101,253.8206662261031,28.148022179793045,41.088102491806,0.1552035069771911
hardware_injection_000963,hardware_injection,1,1,0.783617397186682,0.1424391046264091,0.1585513597611821,1,0.3483568705506756,141.72489192299668,17.876506449629353,107.61511137890926,0.143613446954285
hardware_injection_000964,hardware_injection,1,1,0.8508072461070958,0.5486447547592853,0.5486447547592853,0,0.4043311297941309,309.76215355122685,17.414185235901602,82.66431705391625,0.1526872589352888
hardware_injection_000965,hardware_injection,1,1,0.887120947896682,-0.3049543848529936,0.0751522808370496,14,0.1822059850611288,226.08283302503105,19.714755975081925,45.28552181188066,0.1355351751702797
hardware_injection_000966,hardware_injection,1,1,0.8913805499077091,-0.0288722972957574,0.499839519400834,10,0.5344323170531039,76.08727275504646,24.765117949481404,27.193233721583148,0.1667529995928041
hardware_injection_000967,hardware_injection,1,1,0.8557451657655877,0.7023598539798588,0.7330878765071418,5,-0.04787339654024,261.07455701624406,10.300902954035744,35.310194615270525,0.1937284869122181
hardware_injection_000968,hardware_injection,1,0,0.6683179675594543,0.2626086788433226,0.5280267499671957,6,0.6364544441282406,215.85474576096067,9.991527412480712,40.74437376503632,0.1590612049521159
hardware_injection_000969,hardware_injection,1,1,0.7979901741024685,-0.3197976074595685,0.5006756470945725,9,0.5397073492792246,261.4451134974944,12.260936385241727,61.18699639909393,0.1761023230435046
hardware_injection_000970,hardware_injection,1,0,0.5886887627116308,0.4366930824734402,0.64451543972628,9,0.0141189571558446,439.2732854038742,18.86159181273549,89.81459258613543,0.1648920629535047
hardware_injection_000971,hardware_injection,1,1,0.8321547515871774,-0.0600545905061197,0.2352413609409116,8,0.2155883226428369,272.16838074872635,13.319400174488818,12.977147801393684,0.1455655609372232
hardware_injection_000972,hardware_injection,1,1,0.8350186453742643,0.5230094430095754,0.717487411530351,7,0.658971582248341,214.70086957450863,25.250953541822728,75.7033914685161,0.157720233190349
hardware_injection_000973,hardware_injection,1,1,1.0,0.3128779809090901,0.4873006145014688,3,0.1069598350255741,159.9844801693741,35.0,115.63162028215886,0.1659576774610379
hardware_injection_000974,hardware_injection,1,1,0.8705436229051751,0.310253588887376,0.5021943374260255,3,0.064237961925888,280.9547341284417,29.14369662115611,90.11479639532048,0.1531073791970877
hardware_injection_000975,hardware_injection,1,1,0.8248802726473705,0.0072100273193349,0.2904731248103802,15,0.0401049436064075,448.6402723345037,24.0501772937411,117.72055513851066,0.1417478211181212
hardware_injection_000976,hardware_injection,1,1,0.9223805618832228,-0.0978558023658358,0.2161647860965885,-10,-0.0455765605947982,193.565541079326,20.713370466810726,52.54308160501796,0.1473945190573787
hardware_injection_000977,hardware_injection,1,1,0.9175597364528464,0.0645757199177331,0.2903371100445907,14,0.580495723850704,209.73996470468123,20.57911621301161,39.10960522336394,0.180074456073871
hardware_injection_000978,hardware_injection,1,0,0.6388980557901521,0.4300473716770871,0.4763041446864893,1,0.207545019423163,108.53535446616095,29.5015300376581,48.8887550354706,0.1509580804490122
hardware_injection_000979,hardware_injection,1,1,0.8975595512871749,-0.1755954232639472,0.3522575621886712,5,-0.5006511411356176,60.0,9.733151837447355,66.65019470117352,0.1372931003401511
hardware_injection_000980,hardware_injection,1,0,0.7346231383302967,0.505159888499694,0.5538197770533555,1,-0.0059435161333305,173.57369092063945,21.884103009410197,3.2711099869948868,0.1399983997238662
hardware_injection_000981,hardware_injection,1,0,0.7458890950731043,-0.1962038302582492,0.3542515410050432,15,-0.3136282933446846,111.61619220177704,15.251370908821167,8.967168487916453,0.1344702039843874
hardware_injection_000982,hardware_injection,1,1,0.8056052423696981,-0.0511904311586386,0.1946049362006217,14,0.3615026444934477,264.028775224659,34.21407071785768,89.71574649113214,0.1457031687503855
hardware_injection_000983,hardware_injection,1,1,1.0,-0.3309928859609684,0.4192688782657723,11,0.3185798757708015,166.5202240373123,27.04349045040597,33.56314776761367,0.1744342265447212
hardware_injection_000984,hardware_injection,1,1,0.8290945715981789,0.1852844398827543,0.5365378038429804,5,0.5635374362091802,250.5166149104403,14.34965033636203,238.63282529340225,0.1660093446377117
hardware_injection_000985,hardware_injection,1,1,1.0,0.3086820528042222,0.5855914723611518,3,0.5544430708897681,94.34172560146528,30.015740023760408,79.02410447097995,0.1604006460552789
hardware_injection_000986,hardware_injection,1,0,0.6923882662239171,-0.1856736514200316,0.4101618197373929,10,0.6830685848940263,158.33588503522805,12.495057534646396,87.60039894780489,0.1359649318513792
hardware_injection_000987,hardware_injection,1,1,0.8746581160411896,0.000545238483489,0.2058693402205765,3,0.5841914239028466,295.86960037330925,19.38071004264477,67.02430952865318,0.129330419989489
hardware_injection_000988,hardware_injection,1,1,0.8339131197663716,0.2427647647659496,0.4363061420542379,4,0.3710872116886621,95.4663755693668,26.764996690637084,141.68190320906453,0.1729820484197108
hardware_injection_000989,hardware_injection,1,1,1.0,0.3058921844235281,0.4436078935119408,11,0.6803595616324686,212.6001128219572,22.819049010800335,13.41989586329231,0.1827656567700401
hardware_injection_000990,hardware_injection,1,1,0.863125910789459,-0.2829608599693888,0.3058101298768996,15,0.782007853762216,104.5270406086001,18.792003265965747,118.6175467700354,0.1524430748634127
hardware_injection_000991,hardware_injection,1,1,0.8145124260468053,0.343825260908461,0.5318537153596222,9,-0.039005583606709,218.59654185683715,28.957662543029368,39.6261394661601,0.1886907771048523
hardware_injection_000992,hardware_injection,1,1,0.8119963788497858,0.4088890912430011,0.5128031796747221,-10,-0.1987712973739238,182.4527121731157,27.50305473367177,12.716224267607444,0.1629034194350754
hardware_injection_000993,hardware_injection,1,1,0.8876697323481207,0.1529748331320226,0.2393937989181118,2,0.6295018344639232,153.50066750979826,22.177866888412428,196.0152085658545,0.1588886345494029
hardware_injection_000994,hardware_injection,1,1,0.8057867662273535,0.4969377651042108,0.5922288323308809,3,0.3795884832323064,130.14887432958528,15.0264884746197,73.84435152657079,0.1677555773344042
hardware_injection_000995,hardware_injection,1,1,0.8720522189480674,0.4396687318658302,0.5790847598560148,3,0.3515776627917736,231.47094412115652,20.308988809885896,58.66330586088606,0.1719598076381071
hardware_injection_000996,hardware_injection,1,1,0.8132832290278916,0.0838001472267396,0.449413745126567,-15,0.0381834137713125,289.48986325905616,22.3288508022964,2.892303786615102,0.1598524206157019
hardware_injection_000997,hardware_injection,1,0,0.778205443141579,0.3174914688206183,0.4388984366642477,3,0.1258564660065011,195.8865604012701,20.104275568634968,101.62454736749544,0.1244325135014074
hardware_injection_000998,hardware_injection,1,1,1.0,0.2602297874547766,0.4357839993363111,7,0.4747540060099532,162.7926754686548,13.512199447456744,223.52410722869425,0.147696182891067
hardware_injection_000999,hardware_injection,1,1,1.0,0.2687075103298574,0.4059237435119006,6,0.1971749003687184,104.110138326139,24.586829586359315,4.047124747069006,0.1535052956483287
